Chronologic VCS simulator copyright 1991-2020
Contains Synopsys proprietary information.
Compiler version Q-2020.03-SP2-8_Full64; Runtime version Q-2020.03-SP2-8_Full64;  Sep 16 15:54 2026
----------------------------------------------------------------
UVM-1.1d.Synopsys
(C) 2007-2013 Mentor Graphics Corporation
(C) 2007-2013 Cadence Design Systems, Inc.
(C) 2006-2013 Synopsys, Inc.
(C) 2011-2013 Cypress Semiconductor Corp.
----------------------------------------------------------------

  ***********       IMPORTANT RELEASE NOTES         ************

  You are using a version of the UVM library that has been compiled
  with `UVM_NO_DEPRECATED undefined.
  See http://www.eda.org/svdb/view.php?id=3313 for more details.

  You are using a version of the UVM library that has been compiled
  with `UVM_OBJECT_MUST_HAVE_CONSTRUCTOR undefined.
  See http://www.eda.org/svdb/view.php?id=3770 for more details.

      (Specify +UVM_NO_RELNOTES to turn off this notice)

UVM_INFO @ 0: reporter [RNTST] Running test regression_test...
UVM_INFO @ 0: reporter [UVMTOP] UVM testbench topology:
---------------------------------------------------------------
Name                       Type                     Size  Value
---------------------------------------------------------------
uvm_test_top               regression_test          -     @469 
  env                      axi4_lite_environment    -     @477 
    aa                     axi4_lite_active_agent   -     @489 
      drv                  axi4_lite_driver         -     @569 
        rsp_port           uvm_analysis_port        -     @586 
        seq_item_port      uvm_seq_item_pull_port   -     @577 
      inp_mon              axi4_lite_inp_monitor    -     @552 
        inp_mon_port       uvm_analysis_port        -     @560 
      seqr                 axi4_lite_seqr           -     @595 
        rsp_export         uvm_analysis_export      -     @603 
        seq_item_export    uvm_seq_item_pull_imp    -     @709 
        arbitration_queue  array                    0     -    
        lock_queue         array                    0     -    
        num_last_reqs      integral                 32    'd1  
        num_last_rsps      integral                 32    'd1  
    pa                     axi4_lite_passive_agent  -     @497 
      out_mon              axi4_lite_out_monitor    -     @726 
        out_mon_port       uvm_analysis_port        -     @734 
    sb                     axi4_lite_subscriber     -     @531 
      analysis_imp         uvm_analysis_imp         -     @539 
    scb                    axi4_lite_scoreboard     -     @505 
      inp_port             uvm_analysis_imp_in      -     @513 
      out_port             uvm_analysis_imp_out     -     @522 
---------------------------------------------------------------

UVM_INFO axi4_lite_subscriber.sv(40) @ 45: uvm_test_top.env.sb [sb] INPUT COVERAGE = 25.00 %
UVM_INFO axi4_lite_inp_monitor.sv(44) @ 45: uvm_test_top.env.aa.inp_mon [INPUT MONITOR]  WRITE awaddr=00000020 wdata=340ac485 wstrb=1010 
UVM_INFO axi4_lite_out_monitor.sv(28) @ 65: uvm_test_top.env.pa.out_mon [OUTPUT MONITOR] BRESP = 0 RRESP = 0 RDATA = 00000000
UVM_INFO axi4_lite_driver.sv(34) @ 65: uvm_test_top.env.aa.drv [DRV] awaddr = 00000020 wdata = 340ac485 wstrb = a araddr = 427c503c
UVM_INFO axi4_lite_scoreboard.sv(52) @ 65: uvm_test_top.env.scb [BRESP] Matched : exp_bresp= 0 actual_bresp=0 write = 1 read = 0
UVM_INFO axi4_lite_subscriber.sv(40) @ 95: uvm_test_top.env.sb [sb] INPUT COVERAGE = 36.46 %
UVM_INFO axi4_lite_inp_monitor.sv(44) @ 95: uvm_test_top.env.aa.inp_mon [INPUT MONITOR]  WRITE awaddr=00000004 wdata=6e8d278f wstrb=0001 
UVM_INFO axi4_lite_out_monitor.sv(28) @ 115: uvm_test_top.env.pa.out_mon [OUTPUT MONITOR] BRESP = 0 RRESP = 0 RDATA = 00000000
UVM_INFO axi4_lite_driver.sv(34) @ 115: uvm_test_top.env.aa.drv [DRV] awaddr = 00000004 wdata = 6e8d278f wstrb = 1 araddr = 6b0a2fbc
UVM_INFO axi4_lite_scoreboard.sv(52) @ 115: uvm_test_top.env.scb [BRESP] Matched : exp_bresp= 0 actual_bresp=0 write = 1 read = 0
UVM_INFO axi4_lite_subscriber.sv(40) @ 155: uvm_test_top.env.sb [sb] INPUT COVERAGE = 36.46 %
UVM_INFO axi4_lite_inp_monitor.sv(44) @ 155: uvm_test_top.env.aa.inp_mon [INPUT MONITOR]  WRITE awaddr=00000020 wdata=0a318f83 wstrb=1011 
UVM_INFO axi4_lite_out_monitor.sv(28) @ 175: uvm_test_top.env.pa.out_mon [OUTPUT MONITOR] BRESP = 0 RRESP = 0 RDATA = 00000000
UVM_INFO axi4_lite_driver.sv(34) @ 175: uvm_test_top.env.aa.drv [DRV] awaddr = 00000020 wdata = 0a318f83 wstrb = b araddr = f7f9946c
UVM_INFO axi4_lite_scoreboard.sv(52) @ 175: uvm_test_top.env.scb [BRESP] Matched : exp_bresp= 0 actual_bresp=0 write = 1 read = 0
UVM_INFO axi4_lite_subscriber.sv(40) @ 215: uvm_test_top.env.sb [sb] INPUT COVERAGE = 39.58 %
UVM_INFO axi4_lite_inp_monitor.sv(44) @ 215: uvm_test_top.env.aa.inp_mon [INPUT MONITOR]  WRITE awaddr=00000004 wdata=828cf0d9 wstrb=1000 
UVM_INFO axi4_lite_out_monitor.sv(28) @ 235: uvm_test_top.env.pa.out_mon [OUTPUT MONITOR] BRESP = 0 RRESP = 0 RDATA = 00000000
UVM_INFO axi4_lite_driver.sv(34) @ 235: uvm_test_top.env.aa.drv [DRV] awaddr = 00000004 wdata = 828cf0d9 wstrb = 8 araddr = d03d5800
UVM_INFO axi4_lite_scoreboard.sv(52) @ 235: uvm_test_top.env.scb [BRESP] Matched : exp_bresp= 0 actual_bresp=0 write = 1 read = 0
UVM_INFO axi4_lite_subscriber.sv(40) @ 275: uvm_test_top.env.sb [sb] INPUT COVERAGE = 56.25 %
UVM_INFO axi4_lite_inp_monitor.sv(44) @ 275: uvm_test_top.env.aa.inp_mon [INPUT MONITOR]  WRITE awaddr=0000002c wdata=ed32bebf wstrb=1000 
UVM_INFO axi4_lite_out_monitor.sv(28) @ 295: uvm_test_top.env.pa.out_mon [OUTPUT MONITOR] BRESP = 2 RRESP = 0 RDATA = 00000000
UVM_INFO axi4_lite_driver.sv(34) @ 295: uvm_test_top.env.aa.drv [DRV] awaddr = 0000002c wdata = ed32bebf wstrb = 8 araddr = 48cfcf7c
UVM_INFO axi4_lite_scoreboard.sv(52) @ 295: uvm_test_top.env.scb [BRESP] Matched : exp_bresp= 2 actual_bresp=2 write = 1 read = 0
UVM_INFO axi4_lite_subscriber.sv(40) @ 325: uvm_test_top.env.sb [sb] INPUT COVERAGE = 59.38 %
UVM_INFO axi4_lite_inp_monitor.sv(44) @ 325: uvm_test_top.env.aa.inp_mon [INPUT MONITOR]  WRITE awaddr=0000002c wdata=d67d6d36 wstrb=1100 
UVM_INFO axi4_lite_out_monitor.sv(28) @ 345: uvm_test_top.env.pa.out_mon [OUTPUT MONITOR] BRESP = 2 RRESP = 0 RDATA = 00000000
UVM_INFO axi4_lite_driver.sv(34) @ 345: uvm_test_top.env.aa.drv [DRV] awaddr = 0000002c wdata = d67d6d36 wstrb = c araddr = 7e4d2e54
UVM_INFO axi4_lite_scoreboard.sv(52) @ 345: uvm_test_top.env.scb [BRESP] Matched : exp_bresp= 2 actual_bresp=2 write = 1 read = 0
UVM_INFO axi4_lite_subscriber.sv(40) @ 385: uvm_test_top.env.sb [sb] INPUT COVERAGE = 62.50 %
UVM_INFO axi4_lite_inp_monitor.sv(44) @ 385: uvm_test_top.env.aa.inp_mon [INPUT MONITOR]  WRITE awaddr=00000028 wdata=48fe9ff2 wstrb=0010 
UVM_INFO axi4_lite_out_monitor.sv(28) @ 405: uvm_test_top.env.pa.out_mon [OUTPUT MONITOR] BRESP = 2 RRESP = 0 RDATA = 00000000
UVM_INFO axi4_lite_driver.sv(34) @ 405: uvm_test_top.env.aa.drv [DRV] awaddr = 00000028 wdata = 48fe9ff2 wstrb = 2 araddr = fe0d8a9c
UVM_INFO axi4_lite_scoreboard.sv(52) @ 405: uvm_test_top.env.scb [BRESP] Matched : exp_bresp= 2 actual_bresp=2 write = 1 read = 0
UVM_INFO axi4_lite_subscriber.sv(40) @ 435: uvm_test_top.env.sb [sb] INPUT COVERAGE = 62.50 %
UVM_INFO axi4_lite_inp_monitor.sv(44) @ 435: uvm_test_top.env.aa.inp_mon [INPUT MONITOR]  WRITE awaddr=0000001c wdata=085bfa35 wstrb=0010 
UVM_INFO axi4_lite_out_monitor.sv(28) @ 455: uvm_test_top.env.pa.out_mon [OUTPUT MONITOR] BRESP = 0 RRESP = 0 RDATA = 00000000
UVM_INFO axi4_lite_driver.sv(34) @ 455: uvm_test_top.env.aa.drv [DRV] awaddr = 0000001c wdata = 085bfa35 wstrb = 2 araddr = 712e5d7c
UVM_INFO axi4_lite_scoreboard.sv(52) @ 455: uvm_test_top.env.scb [BRESP] Matched : exp_bresp= 0 actual_bresp=0 write = 1 read = 0
UVM_INFO axi4_lite_subscriber.sv(40) @ 495: uvm_test_top.env.sb [sb] INPUT COVERAGE = 62.50 %
UVM_INFO axi4_lite_inp_monitor.sv(44) @ 495: uvm_test_top.env.aa.inp_mon [INPUT MONITOR]  WRITE awaddr=00000008 wdata=c56aaf82 wstrb=1000 
UVM_INFO axi4_lite_out_monitor.sv(28) @ 515: uvm_test_top.env.pa.out_mon [OUTPUT MONITOR] BRESP = 0 RRESP = 0 RDATA = 00000000
UVM_INFO axi4_lite_driver.sv(34) @ 515: uvm_test_top.env.aa.drv [DRV] awaddr = 00000008 wdata = c56aaf82 wstrb = 8 araddr = 800809f0
UVM_INFO axi4_lite_scoreboard.sv(52) @ 515: uvm_test_top.env.scb [BRESP] Matched : exp_bresp= 0 actual_bresp=0 write = 1 read = 0
UVM_INFO axi4_lite_subscriber.sv(40) @ 565: uvm_test_top.env.sb [sb] INPUT COVERAGE = 62.50 %
UVM_INFO axi4_lite_inp_monitor.sv(44) @ 565: uvm_test_top.env.aa.inp_mon [INPUT MONITOR]  WRITE awaddr=0000001c wdata=5c734350 wstrb=1001 
UVM_INFO axi4_lite_out_monitor.sv(28) @ 585: uvm_test_top.env.pa.out_mon [OUTPUT MONITOR] BRESP = 0 RRESP = 0 RDATA = 00000000
UVM_INFO axi4_lite_driver.sv(34) @ 585: uvm_test_top.env.aa.drv [DRV] awaddr = 0000001c wdata = 5c734350 wstrb = 9 araddr = c9d056c0
UVM_INFO axi4_lite_scoreboard.sv(52) @ 585: uvm_test_top.env.scb [BRESP] Matched : exp_bresp= 0 actual_bresp=0 write = 1 read = 0
UVM_INFO axi4_lite_subscriber.sv(40) @ 625: uvm_test_top.env.sb [sb] INPUT COVERAGE = 62.50 %
UVM_INFO axi4_lite_inp_monitor.sv(44) @ 625: uvm_test_top.env.aa.inp_mon [INPUT MONITOR]  WRITE awaddr=00000008 wdata=ac2a0e9f wstrb=1100 
UVM_INFO axi4_lite_out_monitor.sv(28) @ 645: uvm_test_top.env.pa.out_mon [OUTPUT MONITOR] BRESP = 0 RRESP = 0 RDATA = 00000000
UVM_INFO axi4_lite_driver.sv(34) @ 645: uvm_test_top.env.aa.drv [DRV] awaddr = 00000008 wdata = ac2a0e9f wstrb = c araddr = 65ef15c0
UVM_INFO axi4_lite_scoreboard.sv(52) @ 645: uvm_test_top.env.scb [BRESP] Matched : exp_bresp= 0 actual_bresp=0 write = 1 read = 0
UVM_INFO axi4_lite_subscriber.sv(40) @ 685: uvm_test_top.env.sb [sb] INPUT COVERAGE = 62.50 %
UVM_INFO axi4_lite_inp_monitor.sv(44) @ 685: uvm_test_top.env.aa.inp_mon [INPUT MONITOR]  WRITE awaddr=0000002c wdata=f44ecbb7 wstrb=1110 
UVM_INFO axi4_lite_out_monitor.sv(28) @ 705: uvm_test_top.env.pa.out_mon [OUTPUT MONITOR] BRESP = 2 RRESP = 0 RDATA = 00000000
UVM_INFO axi4_lite_driver.sv(34) @ 705: uvm_test_top.env.aa.drv [DRV] awaddr = 0000002c wdata = f44ecbb7 wstrb = e araddr = 61b889b0
UVM_INFO axi4_lite_scoreboard.sv(52) @ 705: uvm_test_top.env.scb [BRESP] Matched : exp_bresp= 2 actual_bresp=2 write = 1 read = 0
UVM_INFO axi4_lite_subscriber.sv(40) @ 745: uvm_test_top.env.sb [sb] INPUT COVERAGE = 62.50 %
UVM_INFO axi4_lite_inp_monitor.sv(44) @ 745: uvm_test_top.env.aa.inp_mon [INPUT MONITOR]  WRITE awaddr=0000002c wdata=460d044f wstrb=1010 
UVM_INFO axi4_lite_out_monitor.sv(28) @ 765: uvm_test_top.env.pa.out_mon [OUTPUT MONITOR] BRESP = 2 RRESP = 0 RDATA = 00000000
UVM_INFO axi4_lite_driver.sv(34) @ 765: uvm_test_top.env.aa.drv [DRV] awaddr = 0000002c wdata = 460d044f wstrb = a araddr = 7bdbd428
UVM_INFO axi4_lite_scoreboard.sv(52) @ 765: uvm_test_top.env.scb [BRESP] Matched : exp_bresp= 2 actual_bresp=2 write = 1 read = 0
UVM_INFO axi4_lite_subscriber.sv(40) @ 795: uvm_test_top.env.sb [sb] INPUT COVERAGE = 62.50 %
UVM_INFO axi4_lite_inp_monitor.sv(44) @ 795: uvm_test_top.env.aa.inp_mon [INPUT MONITOR]  WRITE awaddr=00000024 wdata=e2f56ee0 wstrb=0101 
UVM_INFO axi4_lite_out_monitor.sv(28) @ 815: uvm_test_top.env.pa.out_mon [OUTPUT MONITOR] BRESP = 0 RRESP = 0 RDATA = 00000000
UVM_INFO axi4_lite_driver.sv(34) @ 815: uvm_test_top.env.aa.drv [DRV] awaddr = 00000024 wdata = e2f56ee0 wstrb = 5 araddr = 5cac3240
UVM_INFO axi4_lite_scoreboard.sv(52) @ 815: uvm_test_top.env.scb [BRESP] Matched : exp_bresp= 0 actual_bresp=0 write = 1 read = 0
UVM_INFO axi4_lite_subscriber.sv(40) @ 835: uvm_test_top.env.sb [sb] INPUT COVERAGE = 62.50 %
UVM_INFO axi4_lite_inp_monitor.sv(44) @ 835: uvm_test_top.env.aa.inp_mon [INPUT MONITOR]  WRITE awaddr=00000014 wdata=73df093c wstrb=0010 
UVM_INFO axi4_lite_out_monitor.sv(28) @ 855: uvm_test_top.env.pa.out_mon [OUTPUT MONITOR] BRESP = 0 RRESP = 0 RDATA = 00000000
UVM_INFO axi4_lite_driver.sv(34) @ 855: uvm_test_top.env.aa.drv [DRV] awaddr = 00000014 wdata = 73df093c wstrb = 2 araddr = 75c15a1c
UVM_INFO axi4_lite_scoreboard.sv(52) @ 855: uvm_test_top.env.scb [BRESP] Matched : exp_bresp= 0 actual_bresp=0 write = 1 read = 0
UVM_INFO axi4_lite_subscriber.sv(40) @ 905: uvm_test_top.env.sb [sb] INPUT COVERAGE = 70.83 %
UVM_INFO axi4_lite_inp_monitor.sv(44) @ 905: uvm_test_top.env.aa.inp_mon [INPUT MONITOR]  WRITE awaddr=00000038 wdata=372ed9a5 wstrb=0010 
UVM_INFO axi4_lite_out_monitor.sv(28) @ 925: uvm_test_top.env.pa.out_mon [OUTPUT MONITOR] BRESP = 0 RRESP = 0 RDATA = 00000000
UVM_INFO axi4_lite_driver.sv(34) @ 925: uvm_test_top.env.aa.drv [DRV] awaddr = 00000038 wdata = 372ed9a5 wstrb = 2 araddr = 14f51324
UVM_INFO axi4_lite_scoreboard.sv(52) @ 925: uvm_test_top.env.scb [BRESP] Matched : exp_bresp= 0 actual_bresp=0 write = 1 read = 0
UVM_INFO axi4_lite_subscriber.sv(40) @ 955: uvm_test_top.env.sb [sb] INPUT COVERAGE = 70.83 %
UVM_INFO axi4_lite_inp_monitor.sv(44) @ 955: uvm_test_top.env.aa.inp_mon [INPUT MONITOR]  WRITE awaddr=00000030 wdata=b0ca0abf wstrb=0111 
UVM_INFO axi4_lite_out_monitor.sv(28) @ 975: uvm_test_top.env.pa.out_mon [OUTPUT MONITOR] BRESP = 2 RRESP = 0 RDATA = 00000000
UVM_INFO axi4_lite_driver.sv(34) @ 975: uvm_test_top.env.aa.drv [DRV] awaddr = 00000030 wdata = b0ca0abf wstrb = 7 araddr = c30ea6c4
UVM_INFO axi4_lite_scoreboard.sv(52) @ 975: uvm_test_top.env.scb [BRESP] Matched : exp_bresp= 2 actual_bresp=2 write = 1 read = 0
UVM_INFO axi4_lite_subscriber.sv(40) @ 1005: uvm_test_top.env.sb [sb] INPUT COVERAGE = 70.83 %
UVM_INFO axi4_lite_inp_monitor.sv(44) @ 1005: uvm_test_top.env.aa.inp_mon [INPUT MONITOR]  WRITE awaddr=0000000c wdata=d253240b wstrb=0001 
UVM_INFO axi4_lite_out_monitor.sv(28) @ 1025: uvm_test_top.env.pa.out_mon [OUTPUT MONITOR] BRESP = 0 RRESP = 0 RDATA = 00000000
UVM_INFO axi4_lite_driver.sv(34) @ 1025: uvm_test_top.env.aa.drv [DRV] awaddr = 0000000c wdata = d253240b wstrb = 1 araddr = c81cdf3c
UVM_INFO axi4_lite_scoreboard.sv(52) @ 1025: uvm_test_top.env.scb [BRESP] Matched : exp_bresp= 0 actual_bresp=0 write = 1 read = 0
UVM_INFO axi4_lite_subscriber.sv(40) @ 1045: uvm_test_top.env.sb [sb] INPUT COVERAGE = 73.96 %
UVM_INFO axi4_lite_inp_monitor.sv(44) @ 1045: uvm_test_top.env.aa.inp_mon [INPUT MONITOR]  WRITE awaddr=00000014 wdata=a13a298c wstrb=1111 
UVM_INFO axi4_lite_out_monitor.sv(28) @ 1065: uvm_test_top.env.pa.out_mon [OUTPUT MONITOR] BRESP = 0 RRESP = 0 RDATA = 00000000
UVM_INFO axi4_lite_driver.sv(34) @ 1065: uvm_test_top.env.aa.drv [DRV] awaddr = 00000014 wdata = a13a298c wstrb = f araddr = 10b53578
UVM_INFO axi4_lite_scoreboard.sv(52) @ 1065: uvm_test_top.env.scb [BRESP] Matched : exp_bresp= 0 actual_bresp=0 write = 1 read = 0
UVM_INFO axi4_lite_subscriber.sv(40) @ 1115: uvm_test_top.env.sb [sb] INPUT COVERAGE = 73.96 %
UVM_INFO axi4_lite_inp_monitor.sv(44) @ 1115: uvm_test_top.env.aa.inp_mon [INPUT MONITOR]  WRITE awaddr=00000000 wdata=a8c5445c wstrb=0101 
UVM_INFO axi4_lite_out_monitor.sv(28) @ 1135: uvm_test_top.env.pa.out_mon [OUTPUT MONITOR] BRESP = 0 RRESP = 0 RDATA = 00000000
UVM_INFO axi4_lite_driver.sv(34) @ 1135: uvm_test_top.env.aa.drv [DRV] awaddr = 00000000 wdata = a8c5445c wstrb = 5 araddr = 6a21e470
UVM_INFO axi4_lite_scoreboard.sv(52) @ 1135: uvm_test_top.env.scb [BRESP] Matched : exp_bresp= 0 actual_bresp=0 write = 1 read = 0
UVM_INFO axi4_lite_subscriber.sv(40) @ 1185: uvm_test_top.env.sb [sb] INPUT COVERAGE = 77.08 %
UVM_INFO axi4_lite_inp_monitor.sv(44) @ 1185: uvm_test_top.env.aa.inp_mon [INPUT MONITOR]  WRITE awaddr=00000038 wdata=e7415282 wstrb=0000 
UVM_INFO axi4_lite_out_monitor.sv(28) @ 1205: uvm_test_top.env.pa.out_mon [OUTPUT MONITOR] BRESP = 0 RRESP = 0 RDATA = 00000000
UVM_INFO axi4_lite_driver.sv(34) @ 1205: uvm_test_top.env.aa.drv [DRV] awaddr = 00000038 wdata = e7415282 wstrb = 0 araddr = 64a7e1e4
UVM_INFO axi4_lite_scoreboard.sv(52) @ 1205: uvm_test_top.env.scb [BRESP] Matched : exp_bresp= 0 actual_bresp=0 write = 1 read = 0
UVM_INFO axi4_lite_subscriber.sv(40) @ 1255: uvm_test_top.env.sb [sb] INPUT COVERAGE = 77.08 %
UVM_INFO axi4_lite_inp_monitor.sv(44) @ 1255: uvm_test_top.env.aa.inp_mon [INPUT MONITOR]  WRITE awaddr=00000018 wdata=4e80274a wstrb=1111 
UVM_INFO axi4_lite_out_monitor.sv(28) @ 1275: uvm_test_top.env.pa.out_mon [OUTPUT MONITOR] BRESP = 0 RRESP = 0 RDATA = 00000000
UVM_INFO axi4_lite_driver.sv(34) @ 1275: uvm_test_top.env.aa.drv [DRV] awaddr = 00000018 wdata = 4e80274a wstrb = f araddr = 81b7645c
UVM_INFO axi4_lite_scoreboard.sv(52) @ 1275: uvm_test_top.env.scb [BRESP] Matched : exp_bresp= 0 actual_bresp=0 write = 1 read = 0
UVM_INFO axi4_lite_subscriber.sv(40) @ 1325: uvm_test_top.env.sb [sb] INPUT COVERAGE = 77.08 %
UVM_INFO axi4_lite_inp_monitor.sv(44) @ 1325: uvm_test_top.env.aa.inp_mon [INPUT MONITOR]  WRITE awaddr=00000030 wdata=ab457004 wstrb=1101 
UVM_INFO axi4_lite_out_monitor.sv(28) @ 1345: uvm_test_top.env.pa.out_mon [OUTPUT MONITOR] BRESP = 2 RRESP = 0 RDATA = 00000000
UVM_INFO axi4_lite_driver.sv(34) @ 1345: uvm_test_top.env.aa.drv [DRV] awaddr = 00000030 wdata = ab457004 wstrb = d araddr = 07a025a0
UVM_INFO axi4_lite_scoreboard.sv(52) @ 1345: uvm_test_top.env.scb [BRESP] Matched : exp_bresp= 2 actual_bresp=2 write = 1 read = 0
UVM_INFO axi4_lite_subscriber.sv(40) @ 1395: uvm_test_top.env.sb [sb] INPUT COVERAGE = 77.08 %
UVM_INFO axi4_lite_inp_monitor.sv(44) @ 1395: uvm_test_top.env.aa.inp_mon [INPUT MONITOR]  WRITE awaddr=00000024 wdata=6c17c8fc wstrb=0010 
UVM_INFO axi4_lite_out_monitor.sv(28) @ 1415: uvm_test_top.env.pa.out_mon [OUTPUT MONITOR] BRESP = 0 RRESP = 0 RDATA = 00000000
UVM_INFO axi4_lite_driver.sv(34) @ 1415: uvm_test_top.env.aa.drv [DRV] awaddr = 00000024 wdata = 6c17c8fc wstrb = 2 araddr = d4b9d494
UVM_INFO axi4_lite_scoreboard.sv(52) @ 1415: uvm_test_top.env.scb [BRESP] Matched : exp_bresp= 0 actual_bresp=0 write = 1 read = 0
UVM_INFO axi4_lite_subscriber.sv(40) @ 1435: uvm_test_top.env.sb [sb] INPUT COVERAGE = 77.08 %
UVM_INFO axi4_lite_inp_monitor.sv(44) @ 1435: uvm_test_top.env.aa.inp_mon [INPUT MONITOR]  WRITE awaddr=00000034 wdata=6c980b81 wstrb=1111 
UVM_INFO axi4_lite_out_monitor.sv(28) @ 1455: uvm_test_top.env.pa.out_mon [OUTPUT MONITOR] BRESP = 0 RRESP = 0 RDATA = 00000000
UVM_INFO axi4_lite_driver.sv(34) @ 1455: uvm_test_top.env.aa.drv [DRV] awaddr = 00000034 wdata = 6c980b81 wstrb = f araddr = e42bcf0c
UVM_INFO axi4_lite_scoreboard.sv(52) @ 1455: uvm_test_top.env.scb [BRESP] Matched : exp_bresp= 0 actual_bresp=0 write = 1 read = 0
UVM_INFO axi4_lite_subscriber.sv(40) @ 1505: uvm_test_top.env.sb [sb] INPUT COVERAGE = 77.08 %
UVM_INFO axi4_lite_inp_monitor.sv(44) @ 1505: uvm_test_top.env.aa.inp_mon [INPUT MONITOR]  WRITE awaddr=00000004 wdata=12952538 wstrb=1100 
UVM_INFO axi4_lite_out_monitor.sv(28) @ 1525: uvm_test_top.env.pa.out_mon [OUTPUT MONITOR] BRESP = 0 RRESP = 0 RDATA = 00000000
UVM_INFO axi4_lite_driver.sv(34) @ 1525: uvm_test_top.env.aa.drv [DRV] awaddr = 00000004 wdata = 12952538 wstrb = c araddr = 6ebcbe48
UVM_INFO axi4_lite_scoreboard.sv(52) @ 1525: uvm_test_top.env.scb [BRESP] Matched : exp_bresp= 0 actual_bresp=0 write = 1 read = 0
UVM_INFO axi4_lite_subscriber.sv(40) @ 1555: uvm_test_top.env.sb [sb] INPUT COVERAGE = 77.08 %
UVM_INFO axi4_lite_inp_monitor.sv(44) @ 1555: uvm_test_top.env.aa.inp_mon [INPUT MONITOR]  WRITE awaddr=00000038 wdata=2ef85605 wstrb=1111 
UVM_INFO axi4_lite_out_monitor.sv(28) @ 1575: uvm_test_top.env.pa.out_mon [OUTPUT MONITOR] BRESP = 0 RRESP = 0 RDATA = 00000000
UVM_INFO axi4_lite_driver.sv(34) @ 1575: uvm_test_top.env.aa.drv [DRV] awaddr = 00000038 wdata = 2ef85605 wstrb = f araddr = a3b4fba0
UVM_INFO axi4_lite_scoreboard.sv(52) @ 1575: uvm_test_top.env.scb [BRESP] Matched : exp_bresp= 0 actual_bresp=0 write = 1 read = 0
UVM_INFO axi4_lite_subscriber.sv(40) @ 1625: uvm_test_top.env.sb [sb] INPUT COVERAGE = 77.08 %
UVM_INFO axi4_lite_inp_monitor.sv(44) @ 1625: uvm_test_top.env.aa.inp_mon [INPUT MONITOR]  WRITE awaddr=00000024 wdata=1ac92a46 wstrb=0000 
UVM_INFO axi4_lite_out_monitor.sv(28) @ 1645: uvm_test_top.env.pa.out_mon [OUTPUT MONITOR] BRESP = 0 RRESP = 0 RDATA = 00000000
UVM_INFO axi4_lite_driver.sv(34) @ 1645: uvm_test_top.env.aa.drv [DRV] awaddr = 00000024 wdata = 1ac92a46 wstrb = 0 araddr = 3173728c
UVM_INFO axi4_lite_scoreboard.sv(52) @ 1645: uvm_test_top.env.scb [BRESP] Matched : exp_bresp= 0 actual_bresp=0 write = 1 read = 0
UVM_INFO axi4_lite_subscriber.sv(40) @ 1685: uvm_test_top.env.sb [sb] INPUT COVERAGE = 77.08 %
UVM_INFO axi4_lite_inp_monitor.sv(44) @ 1685: uvm_test_top.env.aa.inp_mon [INPUT MONITOR]  WRITE awaddr=00000020 wdata=b941d7fd wstrb=1111 
UVM_INFO axi4_lite_out_monitor.sv(28) @ 1705: uvm_test_top.env.pa.out_mon [OUTPUT MONITOR] BRESP = 0 RRESP = 0 RDATA = 00000000
UVM_INFO axi4_lite_driver.sv(34) @ 1705: uvm_test_top.env.aa.drv [DRV] awaddr = 00000020 wdata = b941d7fd wstrb = f araddr = 89f5922c
UVM_INFO axi4_lite_scoreboard.sv(52) @ 1705: uvm_test_top.env.scb [BRESP] Matched : exp_bresp= 0 actual_bresp=0 write = 1 read = 0
UVM_INFO axi4_lite_subscriber.sv(40) @ 1755: uvm_test_top.env.sb [sb] INPUT COVERAGE = 77.08 %
UVM_INFO axi4_lite_inp_monitor.sv(44) @ 1755: uvm_test_top.env.aa.inp_mon [INPUT MONITOR]  WRITE awaddr=00000024 wdata=439b24b3 wstrb=0000 
UVM_INFO axi4_lite_out_monitor.sv(28) @ 1775: uvm_test_top.env.pa.out_mon [OUTPUT MONITOR] BRESP = 0 RRESP = 0 RDATA = 00000000
UVM_INFO axi4_lite_driver.sv(34) @ 1775: uvm_test_top.env.aa.drv [DRV] awaddr = 00000024 wdata = 439b24b3 wstrb = 0 araddr = 58852fac
UVM_INFO axi4_lite_scoreboard.sv(52) @ 1775: uvm_test_top.env.scb [BRESP] Matched : exp_bresp= 0 actual_bresp=0 write = 1 read = 0
UVM_INFO axi4_lite_subscriber.sv(40) @ 1805: uvm_test_top.env.sb [sb] INPUT COVERAGE = 77.08 %
UVM_INFO axi4_lite_inp_monitor.sv(44) @ 1805: uvm_test_top.env.aa.inp_mon [INPUT MONITOR]  WRITE awaddr=00000004 wdata=77dab678 wstrb=0101 
UVM_INFO axi4_lite_out_monitor.sv(28) @ 1825: uvm_test_top.env.pa.out_mon [OUTPUT MONITOR] BRESP = 0 RRESP = 0 RDATA = 00000000
UVM_INFO axi4_lite_driver.sv(34) @ 1825: uvm_test_top.env.aa.drv [DRV] awaddr = 00000004 wdata = 77dab678 wstrb = 5 araddr = 8f6273b0
UVM_INFO axi4_lite_scoreboard.sv(52) @ 1825: uvm_test_top.env.scb [BRESP] Matched : exp_bresp= 0 actual_bresp=0 write = 1 read = 0
UVM_INFO axi4_lite_subscriber.sv(40) @ 1845: uvm_test_top.env.sb [sb] INPUT COVERAGE = 80.21 %
UVM_INFO axi4_lite_inp_monitor.sv(44) @ 1845: uvm_test_top.env.aa.inp_mon [INPUT MONITOR]  WRITE awaddr=00000014 wdata=133928a4 wstrb=0100 
UVM_INFO axi4_lite_out_monitor.sv(28) @ 1865: uvm_test_top.env.pa.out_mon [OUTPUT MONITOR] BRESP = 0 RRESP = 0 RDATA = 00000000
UVM_INFO axi4_lite_driver.sv(34) @ 1865: uvm_test_top.env.aa.drv [DRV] awaddr = 00000014 wdata = 133928a4 wstrb = 4 araddr = 8fca2f60
UVM_INFO axi4_lite_scoreboard.sv(52) @ 1865: uvm_test_top.env.scb [BRESP] Matched : exp_bresp= 0 actual_bresp=0 write = 1 read = 0
UVM_INFO axi4_lite_subscriber.sv(40) @ 1885: uvm_test_top.env.sb [sb] INPUT COVERAGE = 80.21 %
UVM_INFO axi4_lite_inp_monitor.sv(44) @ 1885: uvm_test_top.env.aa.inp_mon [INPUT MONITOR]  WRITE awaddr=00000028 wdata=1ab8e01a wstrb=0100 
UVM_INFO axi4_lite_out_monitor.sv(28) @ 1905: uvm_test_top.env.pa.out_mon [OUTPUT MONITOR] BRESP = 2 RRESP = 0 RDATA = 00000000
UVM_INFO axi4_lite_driver.sv(34) @ 1905: uvm_test_top.env.aa.drv [DRV] awaddr = 00000028 wdata = 1ab8e01a wstrb = 4 araddr = 6bc636d8
UVM_INFO axi4_lite_scoreboard.sv(52) @ 1905: uvm_test_top.env.scb [BRESP] Matched : exp_bresp= 2 actual_bresp=2 write = 1 read = 0
UVM_INFO axi4_lite_subscriber.sv(40) @ 1955: uvm_test_top.env.sb [sb] INPUT COVERAGE = 80.21 %
UVM_INFO axi4_lite_inp_monitor.sv(44) @ 1955: uvm_test_top.env.aa.inp_mon [INPUT MONITOR]  WRITE awaddr=0000000c wdata=8db3cea0 wstrb=1000 
UVM_INFO axi4_lite_out_monitor.sv(28) @ 1975: uvm_test_top.env.pa.out_mon [OUTPUT MONITOR] BRESP = 0 RRESP = 0 RDATA = 00000000
UVM_INFO axi4_lite_driver.sv(34) @ 1975: uvm_test_top.env.aa.drv [DRV] awaddr = 0000000c wdata = 8db3cea0 wstrb = 8 araddr = 82cf05e8
UVM_INFO axi4_lite_scoreboard.sv(52) @ 1975: uvm_test_top.env.scb [BRESP] Matched : exp_bresp= 0 actual_bresp=0 write = 1 read = 0
UVM_INFO axi4_lite_subscriber.sv(40) @ 2025: uvm_test_top.env.sb [sb] INPUT COVERAGE = 80.21 %
UVM_INFO axi4_lite_inp_monitor.sv(44) @ 2025: uvm_test_top.env.aa.inp_mon [INPUT MONITOR]  WRITE awaddr=0000002c wdata=da4343f2 wstrb=0101 
UVM_INFO axi4_lite_out_monitor.sv(28) @ 2045: uvm_test_top.env.pa.out_mon [OUTPUT MONITOR] BRESP = 2 RRESP = 0 RDATA = 00000000
UVM_INFO axi4_lite_driver.sv(34) @ 2045: uvm_test_top.env.aa.drv [DRV] awaddr = 0000002c wdata = da4343f2 wstrb = 5 araddr = 8a2165d0
UVM_INFO axi4_lite_scoreboard.sv(52) @ 2045: uvm_test_top.env.scb [BRESP] Matched : exp_bresp= 2 actual_bresp=2 write = 1 read = 0
UVM_INFO axi4_lite_subscriber.sv(40) @ 2065: uvm_test_top.env.sb [sb] INPUT COVERAGE = 80.21 %
UVM_INFO axi4_lite_inp_monitor.sv(44) @ 2065: uvm_test_top.env.aa.inp_mon [INPUT MONITOR]  WRITE awaddr=00000008 wdata=72ab5b62 wstrb=0001 
UVM_INFO axi4_lite_out_monitor.sv(28) @ 2085: uvm_test_top.env.pa.out_mon [OUTPUT MONITOR] BRESP = 0 RRESP = 0 RDATA = 00000000
UVM_INFO axi4_lite_driver.sv(34) @ 2085: uvm_test_top.env.aa.drv [DRV] awaddr = 00000008 wdata = 72ab5b62 wstrb = 1 araddr = 82f4bcfc
UVM_INFO axi4_lite_scoreboard.sv(52) @ 2085: uvm_test_top.env.scb [BRESP] Matched : exp_bresp= 0 actual_bresp=0 write = 1 read = 0
UVM_INFO axi4_lite_subscriber.sv(40) @ 2105: uvm_test_top.env.sb [sb] INPUT COVERAGE = 80.21 %
UVM_INFO axi4_lite_inp_monitor.sv(44) @ 2105: uvm_test_top.env.aa.inp_mon [INPUT MONITOR]  WRITE awaddr=00000020 wdata=6b8826bf wstrb=0000 
UVM_INFO axi4_lite_out_monitor.sv(28) @ 2125: uvm_test_top.env.pa.out_mon [OUTPUT MONITOR] BRESP = 0 RRESP = 0 RDATA = 00000000
UVM_INFO axi4_lite_driver.sv(34) @ 2125: uvm_test_top.env.aa.drv [DRV] awaddr = 00000020 wdata = 6b8826bf wstrb = 0 araddr = 645ecb08
UVM_INFO axi4_lite_scoreboard.sv(52) @ 2125: uvm_test_top.env.scb [BRESP] Matched : exp_bresp= 0 actual_bresp=0 write = 1 read = 0
UVM_INFO axi4_lite_subscriber.sv(40) @ 2155: uvm_test_top.env.sb [sb] INPUT COVERAGE = 80.21 %
UVM_INFO axi4_lite_inp_monitor.sv(44) @ 2155: uvm_test_top.env.aa.inp_mon [INPUT MONITOR]  WRITE awaddr=00000008 wdata=aece51ad wstrb=0111 
UVM_INFO axi4_lite_out_monitor.sv(28) @ 2175: uvm_test_top.env.pa.out_mon [OUTPUT MONITOR] BRESP = 0 RRESP = 0 RDATA = 00000000
UVM_INFO axi4_lite_driver.sv(34) @ 2175: uvm_test_top.env.aa.drv [DRV] awaddr = 00000008 wdata = aece51ad wstrb = 7 araddr = 1a45bad0
UVM_INFO axi4_lite_scoreboard.sv(52) @ 2175: uvm_test_top.env.scb [BRESP] Matched : exp_bresp= 0 actual_bresp=0 write = 1 read = 0
UVM_INFO axi4_lite_subscriber.sv(40) @ 2215: uvm_test_top.env.sb [sb] INPUT COVERAGE = 80.21 %
UVM_INFO axi4_lite_inp_monitor.sv(44) @ 2215: uvm_test_top.env.aa.inp_mon [INPUT MONITOR]  WRITE awaddr=00000020 wdata=42e64f45 wstrb=0110 
UVM_INFO axi4_lite_out_monitor.sv(28) @ 2235: uvm_test_top.env.pa.out_mon [OUTPUT MONITOR] BRESP = 0 RRESP = 0 RDATA = 00000000
UVM_INFO axi4_lite_driver.sv(34) @ 2235: uvm_test_top.env.aa.drv [DRV] awaddr = 00000020 wdata = 42e64f45 wstrb = 6 araddr = 23c28eac
UVM_INFO axi4_lite_scoreboard.sv(52) @ 2235: uvm_test_top.env.scb [BRESP] Matched : exp_bresp= 0 actual_bresp=0 write = 1 read = 0
UVM_INFO axi4_lite_subscriber.sv(40) @ 2265: uvm_test_top.env.sb [sb] INPUT COVERAGE = 80.21 %
UVM_INFO axi4_lite_inp_monitor.sv(44) @ 2265: uvm_test_top.env.aa.inp_mon [INPUT MONITOR]  WRITE awaddr=0000002c wdata=874edac7 wstrb=0000 
UVM_INFO axi4_lite_out_monitor.sv(28) @ 2285: uvm_test_top.env.pa.out_mon [OUTPUT MONITOR] BRESP = 2 RRESP = 0 RDATA = 00000000
UVM_INFO axi4_lite_driver.sv(34) @ 2285: uvm_test_top.env.aa.drv [DRV] awaddr = 0000002c wdata = 874edac7 wstrb = 0 araddr = f4890e88
UVM_INFO axi4_lite_scoreboard.sv(52) @ 2285: uvm_test_top.env.scb [BRESP] Matched : exp_bresp= 2 actual_bresp=2 write = 1 read = 0
UVM_INFO axi4_lite_subscriber.sv(40) @ 2335: uvm_test_top.env.sb [sb] INPUT COVERAGE = 80.21 %
UVM_INFO axi4_lite_inp_monitor.sv(44) @ 2335: uvm_test_top.env.aa.inp_mon [INPUT MONITOR]  WRITE awaddr=0000002c wdata=200fd2f2 wstrb=1011 
UVM_INFO axi4_lite_out_monitor.sv(28) @ 2355: uvm_test_top.env.pa.out_mon [OUTPUT MONITOR] BRESP = 2 RRESP = 0 RDATA = 00000000
UVM_INFO axi4_lite_driver.sv(34) @ 2355: uvm_test_top.env.aa.drv [DRV] awaddr = 0000002c wdata = 200fd2f2 wstrb = b araddr = c5705ce4
UVM_INFO axi4_lite_scoreboard.sv(52) @ 2355: uvm_test_top.env.scb [BRESP] Matched : exp_bresp= 2 actual_bresp=2 write = 1 read = 0
UVM_INFO axi4_lite_subscriber.sv(40) @ 2395: uvm_test_top.env.sb [sb] INPUT COVERAGE = 80.21 %
UVM_INFO axi4_lite_inp_monitor.sv(44) @ 2395: uvm_test_top.env.aa.inp_mon [INPUT MONITOR]  WRITE awaddr=00000008 wdata=9ba9da12 wstrb=0101 
UVM_INFO axi4_lite_out_monitor.sv(28) @ 2415: uvm_test_top.env.pa.out_mon [OUTPUT MONITOR] BRESP = 0 RRESP = 0 RDATA = 00000000
UVM_INFO axi4_lite_driver.sv(34) @ 2415: uvm_test_top.env.aa.drv [DRV] awaddr = 00000008 wdata = 9ba9da12 wstrb = 5 araddr = d5196448
UVM_INFO axi4_lite_scoreboard.sv(52) @ 2415: uvm_test_top.env.scb [BRESP] Matched : exp_bresp= 0 actual_bresp=0 write = 1 read = 0
UVM_INFO axi4_lite_subscriber.sv(40) @ 2465: uvm_test_top.env.sb [sb] INPUT COVERAGE = 80.21 %
UVM_INFO axi4_lite_inp_monitor.sv(44) @ 2465: uvm_test_top.env.aa.inp_mon [INPUT MONITOR]  WRITE awaddr=0000000c wdata=0791e29e wstrb=1101 
UVM_INFO axi4_lite_out_monitor.sv(28) @ 2485: uvm_test_top.env.pa.out_mon [OUTPUT MONITOR] BRESP = 0 RRESP = 0 RDATA = 00000000
UVM_INFO axi4_lite_driver.sv(34) @ 2485: uvm_test_top.env.aa.drv [DRV] awaddr = 0000000c wdata = 0791e29e wstrb = d araddr = d01dc2dc
UVM_INFO axi4_lite_scoreboard.sv(52) @ 2485: uvm_test_top.env.scb [BRESP] Matched : exp_bresp= 0 actual_bresp=0 write = 1 read = 0
UVM_INFO axi4_lite_subscriber.sv(40) @ 2515: uvm_test_top.env.sb [sb] INPUT COVERAGE = 80.21 %
UVM_INFO axi4_lite_inp_monitor.sv(44) @ 2515: uvm_test_top.env.aa.inp_mon [INPUT MONITOR]  WRITE awaddr=00000010 wdata=e4fa7404 wstrb=0000 
UVM_INFO axi4_lite_out_monitor.sv(28) @ 2535: uvm_test_top.env.pa.out_mon [OUTPUT MONITOR] BRESP = 0 RRESP = 0 RDATA = 00000000
UVM_INFO axi4_lite_driver.sv(34) @ 2535: uvm_test_top.env.aa.drv [DRV] awaddr = 00000010 wdata = e4fa7404 wstrb = 0 araddr = 6a19d7d8
UVM_INFO axi4_lite_scoreboard.sv(52) @ 2535: uvm_test_top.env.scb [BRESP] Matched : exp_bresp= 0 actual_bresp=0 write = 1 read = 0
UVM_INFO axi4_lite_subscriber.sv(40) @ 2585: uvm_test_top.env.sb [sb] INPUT COVERAGE = 80.21 %
UVM_INFO axi4_lite_inp_monitor.sv(44) @ 2585: uvm_test_top.env.aa.inp_mon [INPUT MONITOR]  WRITE awaddr=00000014 wdata=e1c5cdad wstrb=0100 
UVM_INFO axi4_lite_out_monitor.sv(28) @ 2605: uvm_test_top.env.pa.out_mon [OUTPUT MONITOR] BRESP = 0 RRESP = 0 RDATA = 00000000
UVM_INFO axi4_lite_driver.sv(34) @ 2605: uvm_test_top.env.aa.drv [DRV] awaddr = 00000014 wdata = e1c5cdad wstrb = 4 araddr = 2cf49a88
UVM_INFO axi4_lite_scoreboard.sv(52) @ 2605: uvm_test_top.env.scb [BRESP] Matched : exp_bresp= 0 actual_bresp=0 write = 1 read = 0
UVM_INFO axi4_lite_subscriber.sv(40) @ 2625: uvm_test_top.env.sb [sb] INPUT COVERAGE = 80.21 %
UVM_INFO axi4_lite_inp_monitor.sv(44) @ 2625: uvm_test_top.env.aa.inp_mon [INPUT MONITOR]  WRITE awaddr=00000018 wdata=e70265d4 wstrb=1000 
UVM_INFO axi4_lite_out_monitor.sv(28) @ 2645: uvm_test_top.env.pa.out_mon [OUTPUT MONITOR] BRESP = 0 RRESP = 0 RDATA = 00000000
UVM_INFO axi4_lite_driver.sv(34) @ 2645: uvm_test_top.env.aa.drv [DRV] awaddr = 00000018 wdata = e70265d4 wstrb = 8 araddr = 4d9056bc
UVM_INFO axi4_lite_scoreboard.sv(52) @ 2645: uvm_test_top.env.scb [BRESP] Matched : exp_bresp= 0 actual_bresp=0 write = 1 read = 0
UVM_INFO axi4_lite_subscriber.sv(40) @ 2685: uvm_test_top.env.sb [sb] INPUT COVERAGE = 80.21 %
UVM_INFO axi4_lite_inp_monitor.sv(44) @ 2685: uvm_test_top.env.aa.inp_mon [INPUT MONITOR]  WRITE awaddr=00000000 wdata=3bb112c3 wstrb=1011 
UVM_INFO axi4_lite_out_monitor.sv(28) @ 2705: uvm_test_top.env.pa.out_mon [OUTPUT MONITOR] BRESP = 0 RRESP = 0 RDATA = 00000000
UVM_INFO axi4_lite_driver.sv(34) @ 2705: uvm_test_top.env.aa.drv [DRV] awaddr = 00000000 wdata = 3bb112c3 wstrb = b araddr = ece78b9c
UVM_INFO axi4_lite_scoreboard.sv(52) @ 2705: uvm_test_top.env.scb [BRESP] Matched : exp_bresp= 0 actual_bresp=0 write = 1 read = 0
UVM_INFO axi4_lite_subscriber.sv(40) @ 2745: uvm_test_top.env.sb [sb] INPUT COVERAGE = 80.21 %
UVM_INFO axi4_lite_inp_monitor.sv(44) @ 2745: uvm_test_top.env.aa.inp_mon [INPUT MONITOR]  WRITE awaddr=00000010 wdata=a28455a5 wstrb=1000 
UVM_INFO axi4_lite_out_monitor.sv(28) @ 2765: uvm_test_top.env.pa.out_mon [OUTPUT MONITOR] BRESP = 0 RRESP = 0 RDATA = 00000000
UVM_INFO axi4_lite_driver.sv(34) @ 2765: uvm_test_top.env.aa.drv [DRV] awaddr = 00000010 wdata = a28455a5 wstrb = 8 araddr = a159a298
UVM_INFO axi4_lite_scoreboard.sv(52) @ 2765: uvm_test_top.env.scb [BRESP] Matched : exp_bresp= 0 actual_bresp=0 write = 1 read = 0
UVM_INFO axi4_lite_subscriber.sv(40) @ 2795: uvm_test_top.env.sb [sb] INPUT COVERAGE = 80.21 %
UVM_INFO axi4_lite_inp_monitor.sv(44) @ 2795: uvm_test_top.env.aa.inp_mon [INPUT MONITOR]  WRITE awaddr=00000014 wdata=479a2ebf wstrb=0010 
UVM_INFO axi4_lite_out_monitor.sv(28) @ 2815: uvm_test_top.env.pa.out_mon [OUTPUT MONITOR] BRESP = 0 RRESP = 0 RDATA = 00000000
UVM_INFO axi4_lite_driver.sv(34) @ 2815: uvm_test_top.env.aa.drv [DRV] awaddr = 00000014 wdata = 479a2ebf wstrb = 2 araddr = 9fb5ae68
UVM_INFO axi4_lite_scoreboard.sv(52) @ 2815: uvm_test_top.env.scb [BRESP] Matched : exp_bresp= 0 actual_bresp=0 write = 1 read = 0
UVM_INFO axi4_lite_subscriber.sv(40) @ 2865: uvm_test_top.env.sb [sb] INPUT COVERAGE = 80.21 %
UVM_INFO axi4_lite_inp_monitor.sv(44) @ 2865: uvm_test_top.env.aa.inp_mon [INPUT MONITOR]  WRITE awaddr=0000002c wdata=ee8fff2f wstrb=1100 
UVM_INFO axi4_lite_out_monitor.sv(28) @ 2885: uvm_test_top.env.pa.out_mon [OUTPUT MONITOR] BRESP = 2 RRESP = 0 RDATA = 00000000
UVM_INFO axi4_lite_driver.sv(34) @ 2885: uvm_test_top.env.aa.drv [DRV] awaddr = 0000002c wdata = ee8fff2f wstrb = c araddr = 396519b0
UVM_INFO axi4_lite_scoreboard.sv(52) @ 2885: uvm_test_top.env.scb [BRESP] Matched : exp_bresp= 2 actual_bresp=2 write = 1 read = 0
UVM_INFO axi4_lite_subscriber.sv(40) @ 2905: uvm_test_top.env.sb [sb] INPUT COVERAGE = 80.21 %
UVM_INFO axi4_lite_inp_monitor.sv(44) @ 2905: uvm_test_top.env.aa.inp_mon [INPUT MONITOR]  WRITE awaddr=00000034 wdata=7c9b31d7 wstrb=1111 
UVM_INFO axi4_lite_out_monitor.sv(28) @ 2925: uvm_test_top.env.pa.out_mon [OUTPUT MONITOR] BRESP = 0 RRESP = 0 RDATA = 00000000
UVM_INFO axi4_lite_driver.sv(34) @ 2925: uvm_test_top.env.aa.drv [DRV] awaddr = 00000034 wdata = 7c9b31d7 wstrb = f araddr = eab77554
UVM_INFO axi4_lite_scoreboard.sv(52) @ 2925: uvm_test_top.env.scb [BRESP] Matched : exp_bresp= 0 actual_bresp=0 write = 1 read = 0
UVM_INFO axi4_lite_subscriber.sv(40) @ 2945: uvm_test_top.env.sb [sb] INPUT COVERAGE = 83.33 %
UVM_INFO axi4_lite_inp_monitor.sv(44) @ 2945: uvm_test_top.env.aa.inp_mon [INPUT MONITOR]  WRITE awaddr=00000000 wdata=e43e0edd wstrb=0011 
UVM_INFO axi4_lite_out_monitor.sv(28) @ 2965: uvm_test_top.env.pa.out_mon [OUTPUT MONITOR] BRESP = 0 RRESP = 0 RDATA = 00000000
UVM_INFO axi4_lite_driver.sv(34) @ 2965: uvm_test_top.env.aa.drv [DRV] awaddr = 00000000 wdata = e43e0edd wstrb = 3 araddr = b61977a8
UVM_INFO axi4_lite_scoreboard.sv(52) @ 2965: uvm_test_top.env.scb [BRESP] Matched : exp_bresp= 0 actual_bresp=0 write = 1 read = 0
UVM_INFO axi4_lite_subscriber.sv(40) @ 3005: uvm_test_top.env.sb [sb] INPUT COVERAGE = 83.33 %
UVM_INFO axi4_lite_inp_monitor.sv(44) @ 3005: uvm_test_top.env.aa.inp_mon [INPUT MONITOR]  WRITE awaddr=00000014 wdata=9cf9355d wstrb=0010 
UVM_INFO axi4_lite_out_monitor.sv(28) @ 3025: uvm_test_top.env.pa.out_mon [OUTPUT MONITOR] BRESP = 0 RRESP = 0 RDATA = 00000000
UVM_INFO axi4_lite_driver.sv(34) @ 3025: uvm_test_top.env.aa.drv [DRV] awaddr = 00000014 wdata = 9cf9355d wstrb = 2 araddr = 72ecba80
UVM_INFO axi4_lite_scoreboard.sv(52) @ 3025: uvm_test_top.env.scb [BRESP] Matched : exp_bresp= 0 actual_bresp=0 write = 1 read = 0
UVM_INFO axi4_lite_subscriber.sv(40) @ 3065: uvm_test_top.env.sb [sb] INPUT COVERAGE = 83.33 %
UVM_INFO axi4_lite_inp_monitor.sv(44) @ 3065: uvm_test_top.env.aa.inp_mon [INPUT MONITOR]  WRITE awaddr=00000028 wdata=1df61903 wstrb=0101 
UVM_INFO axi4_lite_out_monitor.sv(28) @ 3085: uvm_test_top.env.pa.out_mon [OUTPUT MONITOR] BRESP = 2 RRESP = 0 RDATA = 00000000
UVM_INFO axi4_lite_driver.sv(34) @ 3085: uvm_test_top.env.aa.drv [DRV] awaddr = 00000028 wdata = 1df61903 wstrb = 5 araddr = 88783f44
UVM_INFO axi4_lite_scoreboard.sv(52) @ 3085: uvm_test_top.env.scb [BRESP] Matched : exp_bresp= 2 actual_bresp=2 write = 1 read = 0
UVM_INFO axi4_lite_subscriber.sv(40) @ 3115: uvm_test_top.env.sb [sb] INPUT COVERAGE = 83.33 %
UVM_INFO axi4_lite_inp_monitor.sv(44) @ 3115: uvm_test_top.env.aa.inp_mon [INPUT MONITOR]  WRITE awaddr=0000000c wdata=5fef508b wstrb=0100 
UVM_INFO axi4_lite_out_monitor.sv(28) @ 3135: uvm_test_top.env.pa.out_mon [OUTPUT MONITOR] BRESP = 0 RRESP = 0 RDATA = 00000000
UVM_INFO axi4_lite_driver.sv(34) @ 3135: uvm_test_top.env.aa.drv [DRV] awaddr = 0000000c wdata = 5fef508b wstrb = 4 araddr = 5355d838
UVM_INFO axi4_lite_scoreboard.sv(52) @ 3135: uvm_test_top.env.scb [BRESP] Matched : exp_bresp= 0 actual_bresp=0 write = 1 read = 0
UVM_INFO axi4_lite_subscriber.sv(40) @ 3175: uvm_test_top.env.sb [sb] INPUT COVERAGE = 83.33 %
UVM_INFO axi4_lite_inp_monitor.sv(44) @ 3175: uvm_test_top.env.aa.inp_mon [INPUT MONITOR]  WRITE awaddr=00000010 wdata=f3e51bb8 wstrb=1100 
UVM_INFO axi4_lite_out_monitor.sv(28) @ 3195: uvm_test_top.env.pa.out_mon [OUTPUT MONITOR] BRESP = 0 RRESP = 0 RDATA = 00000000
UVM_INFO axi4_lite_driver.sv(34) @ 3195: uvm_test_top.env.aa.drv [DRV] awaddr = 00000010 wdata = f3e51bb8 wstrb = c araddr = 73144de4
UVM_INFO axi4_lite_scoreboard.sv(52) @ 3195: uvm_test_top.env.scb [BRESP] Matched : exp_bresp= 0 actual_bresp=0 write = 1 read = 0
UVM_INFO axi4_lite_subscriber.sv(40) @ 3225: uvm_test_top.env.sb [sb] INPUT COVERAGE = 83.33 %
UVM_INFO axi4_lite_inp_monitor.sv(44) @ 3225: uvm_test_top.env.aa.inp_mon [INPUT MONITOR]  WRITE awaddr=00000028 wdata=163b8182 wstrb=0011 
UVM_INFO axi4_lite_out_monitor.sv(28) @ 3245: uvm_test_top.env.pa.out_mon [OUTPUT MONITOR] BRESP = 2 RRESP = 0 RDATA = 00000000
UVM_INFO axi4_lite_driver.sv(34) @ 3245: uvm_test_top.env.aa.drv [DRV] awaddr = 00000028 wdata = 163b8182 wstrb = 3 araddr = af77ecd0
UVM_INFO axi4_lite_scoreboard.sv(52) @ 3245: uvm_test_top.env.scb [BRESP] Matched : exp_bresp= 2 actual_bresp=2 write = 1 read = 0
UVM_INFO axi4_lite_subscriber.sv(40) @ 3275: uvm_test_top.env.sb [sb] INPUT COVERAGE = 83.33 %
UVM_INFO axi4_lite_inp_monitor.sv(44) @ 3275: uvm_test_top.env.aa.inp_mon [INPUT MONITOR]  WRITE awaddr=00000008 wdata=a4832f10 wstrb=1010 
UVM_INFO axi4_lite_out_monitor.sv(28) @ 3295: uvm_test_top.env.pa.out_mon [OUTPUT MONITOR] BRESP = 0 RRESP = 0 RDATA = 00000000
UVM_INFO axi4_lite_driver.sv(34) @ 3295: uvm_test_top.env.aa.drv [DRV] awaddr = 00000008 wdata = a4832f10 wstrb = a araddr = 6b7de498
UVM_INFO axi4_lite_scoreboard.sv(52) @ 3295: uvm_test_top.env.scb [BRESP] Matched : exp_bresp= 0 actual_bresp=0 write = 1 read = 0
UVM_INFO axi4_lite_subscriber.sv(40) @ 3325: uvm_test_top.env.sb [sb] INPUT COVERAGE = 83.33 %
UVM_INFO axi4_lite_inp_monitor.sv(44) @ 3325: uvm_test_top.env.aa.inp_mon [INPUT MONITOR]  WRITE awaddr=00000014 wdata=b7e08b74 wstrb=1011 
UVM_INFO axi4_lite_out_monitor.sv(28) @ 3345: uvm_test_top.env.pa.out_mon [OUTPUT MONITOR] BRESP = 0 RRESP = 0 RDATA = 00000000
UVM_INFO axi4_lite_driver.sv(34) @ 3345: uvm_test_top.env.aa.drv [DRV] awaddr = 00000014 wdata = b7e08b74 wstrb = b araddr = 02409d34
UVM_INFO axi4_lite_scoreboard.sv(52) @ 3345: uvm_test_top.env.scb [BRESP] Matched : exp_bresp= 0 actual_bresp=0 write = 1 read = 0
UVM_INFO axi4_lite_subscriber.sv(40) @ 3375: uvm_test_top.env.sb [sb] INPUT COVERAGE = 83.33 %
UVM_INFO axi4_lite_inp_monitor.sv(44) @ 3375: uvm_test_top.env.aa.inp_mon [INPUT MONITOR]  WRITE awaddr=00000020 wdata=254a85ae wstrb=1101 
UVM_INFO axi4_lite_out_monitor.sv(28) @ 3395: uvm_test_top.env.pa.out_mon [OUTPUT MONITOR] BRESP = 0 RRESP = 0 RDATA = 00000000
UVM_INFO axi4_lite_driver.sv(34) @ 3395: uvm_test_top.env.aa.drv [DRV] awaddr = 00000020 wdata = 254a85ae wstrb = d araddr = 94ac7d34
UVM_INFO axi4_lite_scoreboard.sv(52) @ 3395: uvm_test_top.env.scb [BRESP] Matched : exp_bresp= 0 actual_bresp=0 write = 1 read = 0
UVM_INFO axi4_lite_subscriber.sv(40) @ 3435: uvm_test_top.env.sb [sb] INPUT COVERAGE = 83.33 %
UVM_INFO axi4_lite_inp_monitor.sv(44) @ 3435: uvm_test_top.env.aa.inp_mon [INPUT MONITOR]  WRITE awaddr=00000008 wdata=d13aab8a wstrb=0000 
UVM_INFO axi4_lite_out_monitor.sv(28) @ 3455: uvm_test_top.env.pa.out_mon [OUTPUT MONITOR] BRESP = 0 RRESP = 0 RDATA = 00000000
UVM_INFO axi4_lite_driver.sv(34) @ 3455: uvm_test_top.env.aa.drv [DRV] awaddr = 00000008 wdata = d13aab8a wstrb = 0 araddr = 14697494
UVM_INFO axi4_lite_scoreboard.sv(52) @ 3455: uvm_test_top.env.scb [BRESP] Matched : exp_bresp= 0 actual_bresp=0 write = 1 read = 0
UVM_INFO axi4_lite_subscriber.sv(40) @ 3505: uvm_test_top.env.sb [sb] INPUT COVERAGE = 83.33 %
UVM_INFO axi4_lite_inp_monitor.sv(44) @ 3505: uvm_test_top.env.aa.inp_mon [INPUT MONITOR]  WRITE awaddr=0000000c wdata=003fc6a2 wstrb=1101 
UVM_INFO axi4_lite_out_monitor.sv(28) @ 3525: uvm_test_top.env.pa.out_mon [OUTPUT MONITOR] BRESP = 0 RRESP = 0 RDATA = 00000000
UVM_INFO axi4_lite_driver.sv(34) @ 3525: uvm_test_top.env.aa.drv [DRV] awaddr = 0000000c wdata = 003fc6a2 wstrb = d araddr = 68b91d90
UVM_INFO axi4_lite_scoreboard.sv(52) @ 3525: uvm_test_top.env.scb [BRESP] Matched : exp_bresp= 0 actual_bresp=0 write = 1 read = 0
UVM_INFO axi4_lite_subscriber.sv(40) @ 3565: uvm_test_top.env.sb [sb] INPUT COVERAGE = 83.33 %
UVM_INFO axi4_lite_inp_monitor.sv(44) @ 3565: uvm_test_top.env.aa.inp_mon [INPUT MONITOR]  WRITE awaddr=00000008 wdata=f09ff411 wstrb=1001 
UVM_INFO axi4_lite_out_monitor.sv(28) @ 3585: uvm_test_top.env.pa.out_mon [OUTPUT MONITOR] BRESP = 0 RRESP = 0 RDATA = 00000000
UVM_INFO axi4_lite_driver.sv(34) @ 3585: uvm_test_top.env.aa.drv [DRV] awaddr = 00000008 wdata = f09ff411 wstrb = 9 araddr = 5cb59f50
UVM_INFO axi4_lite_scoreboard.sv(52) @ 3585: uvm_test_top.env.scb [BRESP] Matched : exp_bresp= 0 actual_bresp=0 write = 1 read = 0
UVM_INFO axi4_lite_subscriber.sv(40) @ 3635: uvm_test_top.env.sb [sb] INPUT COVERAGE = 83.33 %
UVM_INFO axi4_lite_inp_monitor.sv(44) @ 3635: uvm_test_top.env.aa.inp_mon [INPUT MONITOR]  WRITE awaddr=00000000 wdata=5918dcb8 wstrb=1111 
UVM_INFO axi4_lite_out_monitor.sv(28) @ 3655: uvm_test_top.env.pa.out_mon [OUTPUT MONITOR] BRESP = 0 RRESP = 0 RDATA = 00000000
UVM_INFO axi4_lite_driver.sv(34) @ 3655: uvm_test_top.env.aa.drv [DRV] awaddr = 00000000 wdata = 5918dcb8 wstrb = f araddr = a0aefc44
UVM_INFO axi4_lite_scoreboard.sv(52) @ 3655: uvm_test_top.env.scb [BRESP] Matched : exp_bresp= 0 actual_bresp=0 write = 1 read = 0
UVM_INFO axi4_lite_subscriber.sv(40) @ 3705: uvm_test_top.env.sb [sb] INPUT COVERAGE = 83.33 %
UVM_INFO axi4_lite_inp_monitor.sv(44) @ 3705: uvm_test_top.env.aa.inp_mon [INPUT MONITOR]  WRITE awaddr=00000000 wdata=a5266ba8 wstrb=0001 
UVM_INFO axi4_lite_out_monitor.sv(28) @ 3725: uvm_test_top.env.pa.out_mon [OUTPUT MONITOR] BRESP = 0 RRESP = 0 RDATA = 00000000
UVM_INFO axi4_lite_driver.sv(34) @ 3725: uvm_test_top.env.aa.drv [DRV] awaddr = 00000000 wdata = a5266ba8 wstrb = 1 araddr = a8c44044
UVM_INFO axi4_lite_scoreboard.sv(52) @ 3725: uvm_test_top.env.scb [BRESP] Matched : exp_bresp= 0 actual_bresp=0 write = 1 read = 0
UVM_INFO axi4_lite_subscriber.sv(40) @ 3775: uvm_test_top.env.sb [sb] INPUT COVERAGE = 83.33 %
UVM_INFO axi4_lite_inp_monitor.sv(44) @ 3775: uvm_test_top.env.aa.inp_mon [INPUT MONITOR]  WRITE awaddr=00000018 wdata=8723689d wstrb=0100 
UVM_INFO axi4_lite_out_monitor.sv(28) @ 3795: uvm_test_top.env.pa.out_mon [OUTPUT MONITOR] BRESP = 0 RRESP = 0 RDATA = 00000000
UVM_INFO axi4_lite_driver.sv(34) @ 3795: uvm_test_top.env.aa.drv [DRV] awaddr = 00000018 wdata = 8723689d wstrb = 4 araddr = 0db86758
UVM_INFO axi4_lite_scoreboard.sv(52) @ 3795: uvm_test_top.env.scb [BRESP] Matched : exp_bresp= 0 actual_bresp=0 write = 1 read = 0
UVM_INFO axi4_lite_subscriber.sv(40) @ 3835: uvm_test_top.env.sb [sb] INPUT COVERAGE = 83.33 %
UVM_INFO axi4_lite_inp_monitor.sv(44) @ 3835: uvm_test_top.env.aa.inp_mon [INPUT MONITOR]  WRITE awaddr=0000001c wdata=fad43e8a wstrb=0101 
UVM_INFO axi4_lite_out_monitor.sv(28) @ 3855: uvm_test_top.env.pa.out_mon [OUTPUT MONITOR] BRESP = 0 RRESP = 0 RDATA = 00000000
UVM_INFO axi4_lite_driver.sv(34) @ 3855: uvm_test_top.env.aa.drv [DRV] awaddr = 0000001c wdata = fad43e8a wstrb = 5 araddr = b3dea414
UVM_INFO axi4_lite_scoreboard.sv(52) @ 3855: uvm_test_top.env.scb [BRESP] Matched : exp_bresp= 0 actual_bresp=0 write = 1 read = 0
UVM_INFO axi4_lite_subscriber.sv(40) @ 3885: uvm_test_top.env.sb [sb] INPUT COVERAGE = 83.33 %
UVM_INFO axi4_lite_inp_monitor.sv(44) @ 3885: uvm_test_top.env.aa.inp_mon [INPUT MONITOR]  WRITE awaddr=00000028 wdata=479f39cb wstrb=1101 
UVM_INFO axi4_lite_out_monitor.sv(28) @ 3905: uvm_test_top.env.pa.out_mon [OUTPUT MONITOR] BRESP = 2 RRESP = 0 RDATA = 00000000
UVM_INFO axi4_lite_driver.sv(34) @ 3905: uvm_test_top.env.aa.drv [DRV] awaddr = 00000028 wdata = 479f39cb wstrb = d araddr = 2cc28e2c
UVM_INFO axi4_lite_scoreboard.sv(52) @ 3905: uvm_test_top.env.scb [BRESP] Matched : exp_bresp= 2 actual_bresp=2 write = 1 read = 0
UVM_INFO axi4_lite_subscriber.sv(40) @ 3955: uvm_test_top.env.sb [sb] INPUT COVERAGE = 83.33 %
UVM_INFO axi4_lite_inp_monitor.sv(44) @ 3955: uvm_test_top.env.aa.inp_mon [INPUT MONITOR]  WRITE awaddr=0000002c wdata=d91a7185 wstrb=1010 
UVM_INFO axi4_lite_out_monitor.sv(28) @ 3975: uvm_test_top.env.pa.out_mon [OUTPUT MONITOR] BRESP = 2 RRESP = 0 RDATA = 00000000
UVM_INFO axi4_lite_driver.sv(34) @ 3975: uvm_test_top.env.aa.drv [DRV] awaddr = 0000002c wdata = d91a7185 wstrb = a araddr = 274bbb74
UVM_INFO axi4_lite_scoreboard.sv(52) @ 3975: uvm_test_top.env.scb [BRESP] Matched : exp_bresp= 2 actual_bresp=2 write = 1 read = 0
UVM_INFO axi4_lite_subscriber.sv(40) @ 4005: uvm_test_top.env.sb [sb] INPUT COVERAGE = 83.33 %
UVM_INFO axi4_lite_inp_monitor.sv(44) @ 4005: uvm_test_top.env.aa.inp_mon [INPUT MONITOR]  WRITE awaddr=00000020 wdata=ae8f7fd2 wstrb=0111 
UVM_INFO axi4_lite_out_monitor.sv(28) @ 4025: uvm_test_top.env.pa.out_mon [OUTPUT MONITOR] BRESP = 0 RRESP = 0 RDATA = 00000000
UVM_INFO axi4_lite_driver.sv(34) @ 4025: uvm_test_top.env.aa.drv [DRV] awaddr = 00000020 wdata = ae8f7fd2 wstrb = 7 araddr = 1d664bbc
UVM_INFO axi4_lite_scoreboard.sv(52) @ 4025: uvm_test_top.env.scb [BRESP] Matched : exp_bresp= 0 actual_bresp=0 write = 1 read = 0
UVM_INFO axi4_lite_subscriber.sv(40) @ 4065: uvm_test_top.env.sb [sb] INPUT COVERAGE = 83.33 %
UVM_INFO axi4_lite_inp_monitor.sv(44) @ 4065: uvm_test_top.env.aa.inp_mon [INPUT MONITOR]  WRITE awaddr=00000030 wdata=d602979c wstrb=1001 
UVM_INFO axi4_lite_out_monitor.sv(28) @ 4085: uvm_test_top.env.pa.out_mon [OUTPUT MONITOR] BRESP = 2 RRESP = 0 RDATA = 00000000
UVM_INFO axi4_lite_driver.sv(34) @ 4085: uvm_test_top.env.aa.drv [DRV] awaddr = 00000030 wdata = d602979c wstrb = 9 araddr = fa911440
UVM_INFO axi4_lite_scoreboard.sv(52) @ 4085: uvm_test_top.env.scb [BRESP] Matched : exp_bresp= 2 actual_bresp=2 write = 1 read = 0
UVM_INFO axi4_lite_subscriber.sv(40) @ 4125: uvm_test_top.env.sb [sb] INPUT COVERAGE = 83.33 %
UVM_INFO axi4_lite_inp_monitor.sv(44) @ 4125: uvm_test_top.env.aa.inp_mon [INPUT MONITOR]  WRITE awaddr=0000001c wdata=6931d077 wstrb=1110 
UVM_INFO axi4_lite_out_monitor.sv(28) @ 4145: uvm_test_top.env.pa.out_mon [OUTPUT MONITOR] BRESP = 0 RRESP = 0 RDATA = 00000000
UVM_INFO axi4_lite_driver.sv(34) @ 4145: uvm_test_top.env.aa.drv [DRV] awaddr = 0000001c wdata = 6931d077 wstrb = e araddr = f998dc00
UVM_INFO axi4_lite_scoreboard.sv(52) @ 4145: uvm_test_top.env.scb [BRESP] Matched : exp_bresp= 0 actual_bresp=0 write = 1 read = 0
UVM_INFO axi4_lite_subscriber.sv(40) @ 4185: uvm_test_top.env.sb [sb] INPUT COVERAGE = 83.33 %
UVM_INFO axi4_lite_inp_monitor.sv(44) @ 4185: uvm_test_top.env.aa.inp_mon [INPUT MONITOR]  WRITE awaddr=00000018 wdata=c42f4876 wstrb=0110 
UVM_INFO axi4_lite_out_monitor.sv(28) @ 4205: uvm_test_top.env.pa.out_mon [OUTPUT MONITOR] BRESP = 0 RRESP = 0 RDATA = 00000000
UVM_INFO axi4_lite_driver.sv(34) @ 4205: uvm_test_top.env.aa.drv [DRV] awaddr = 00000018 wdata = c42f4876 wstrb = 6 araddr = f9ce1330
UVM_INFO axi4_lite_scoreboard.sv(52) @ 4205: uvm_test_top.env.scb [BRESP] Matched : exp_bresp= 0 actual_bresp=0 write = 1 read = 0
UVM_INFO axi4_lite_subscriber.sv(40) @ 4235: uvm_test_top.env.sb [sb] INPUT COVERAGE = 83.33 %
UVM_INFO axi4_lite_inp_monitor.sv(44) @ 4235: uvm_test_top.env.aa.inp_mon [INPUT MONITOR]  WRITE awaddr=00000034 wdata=2903ecbf wstrb=1101 
UVM_INFO axi4_lite_out_monitor.sv(28) @ 4255: uvm_test_top.env.pa.out_mon [OUTPUT MONITOR] BRESP = 0 RRESP = 0 RDATA = 00000000
UVM_INFO axi4_lite_driver.sv(34) @ 4255: uvm_test_top.env.aa.drv [DRV] awaddr = 00000034 wdata = 2903ecbf wstrb = d araddr = f9ea38a4
UVM_INFO axi4_lite_scoreboard.sv(52) @ 4255: uvm_test_top.env.scb [BRESP] Matched : exp_bresp= 0 actual_bresp=0 write = 1 read = 0
UVM_INFO axi4_lite_subscriber.sv(40) @ 4285: uvm_test_top.env.sb [sb] INPUT COVERAGE = 83.33 %
UVM_INFO axi4_lite_inp_monitor.sv(44) @ 4285: uvm_test_top.env.aa.inp_mon [INPUT MONITOR]  WRITE awaddr=00000024 wdata=ddb49148 wstrb=1100 
UVM_INFO axi4_lite_out_monitor.sv(28) @ 4305: uvm_test_top.env.pa.out_mon [OUTPUT MONITOR] BRESP = 0 RRESP = 0 RDATA = 00000000
UVM_INFO axi4_lite_driver.sv(34) @ 4305: uvm_test_top.env.aa.drv [DRV] awaddr = 00000024 wdata = ddb49148 wstrb = c araddr = 82de6ed4
UVM_INFO axi4_lite_scoreboard.sv(52) @ 4305: uvm_test_top.env.scb [BRESP] Matched : exp_bresp= 0 actual_bresp=0 write = 1 read = 0
UVM_INFO axi4_lite_subscriber.sv(40) @ 4325: uvm_test_top.env.sb [sb] INPUT COVERAGE = 83.33 %
UVM_INFO axi4_lite_inp_monitor.sv(44) @ 4325: uvm_test_top.env.aa.inp_mon [INPUT MONITOR]  WRITE awaddr=0000001c wdata=660e7b32 wstrb=0000 
UVM_INFO axi4_lite_out_monitor.sv(28) @ 4345: uvm_test_top.env.pa.out_mon [OUTPUT MONITOR] BRESP = 0 RRESP = 0 RDATA = 00000000
UVM_INFO axi4_lite_driver.sv(34) @ 4345: uvm_test_top.env.aa.drv [DRV] awaddr = 0000001c wdata = 660e7b32 wstrb = 0 araddr = 8732e09c
UVM_INFO axi4_lite_scoreboard.sv(52) @ 4345: uvm_test_top.env.scb [BRESP] Matched : exp_bresp= 0 actual_bresp=0 write = 1 read = 0
UVM_INFO axi4_lite_subscriber.sv(40) @ 4385: uvm_test_top.env.sb [sb] INPUT COVERAGE = 83.33 %
UVM_INFO axi4_lite_inp_monitor.sv(44) @ 4385: uvm_test_top.env.aa.inp_mon [INPUT MONITOR]  WRITE awaddr=00000028 wdata=43eeb5b7 wstrb=0011 
UVM_INFO axi4_lite_out_monitor.sv(28) @ 4405: uvm_test_top.env.pa.out_mon [OUTPUT MONITOR] BRESP = 2 RRESP = 0 RDATA = 00000000
UVM_INFO axi4_lite_driver.sv(34) @ 4405: uvm_test_top.env.aa.drv [DRV] awaddr = 00000028 wdata = 43eeb5b7 wstrb = 3 araddr = edeeb734
UVM_INFO axi4_lite_scoreboard.sv(52) @ 4405: uvm_test_top.env.scb [BRESP] Matched : exp_bresp= 2 actual_bresp=2 write = 1 read = 0
UVM_INFO axi4_lite_subscriber.sv(40) @ 4435: uvm_test_top.env.sb [sb] INPUT COVERAGE = 83.33 %
UVM_INFO axi4_lite_inp_monitor.sv(44) @ 4435: uvm_test_top.env.aa.inp_mon [INPUT MONITOR]  WRITE awaddr=0000000c wdata=1faeb0e1 wstrb=1010 
UVM_INFO axi4_lite_out_monitor.sv(28) @ 4455: uvm_test_top.env.pa.out_mon [OUTPUT MONITOR] BRESP = 0 RRESP = 0 RDATA = 00000000
UVM_INFO axi4_lite_driver.sv(34) @ 4455: uvm_test_top.env.aa.drv [DRV] awaddr = 0000000c wdata = 1faeb0e1 wstrb = a araddr = b5cd0420
UVM_INFO axi4_lite_scoreboard.sv(52) @ 4455: uvm_test_top.env.scb [BRESP] Matched : exp_bresp= 0 actual_bresp=0 write = 1 read = 0
UVM_INFO axi4_lite_subscriber.sv(40) @ 4475: uvm_test_top.env.sb [sb] INPUT COVERAGE = 83.33 %
UVM_INFO axi4_lite_inp_monitor.sv(44) @ 4475: uvm_test_top.env.aa.inp_mon [INPUT MONITOR]  WRITE awaddr=0000002c wdata=9dce7a80 wstrb=1111 
UVM_INFO axi4_lite_out_monitor.sv(28) @ 4495: uvm_test_top.env.pa.out_mon [OUTPUT MONITOR] BRESP = 2 RRESP = 0 RDATA = 00000000
UVM_INFO axi4_lite_driver.sv(34) @ 4495: uvm_test_top.env.aa.drv [DRV] awaddr = 0000002c wdata = 9dce7a80 wstrb = f araddr = 058ff264
UVM_INFO axi4_lite_scoreboard.sv(52) @ 4495: uvm_test_top.env.scb [BRESP] Matched : exp_bresp= 2 actual_bresp=2 write = 1 read = 0
UVM_INFO axi4_lite_subscriber.sv(40) @ 4525: uvm_test_top.env.sb [sb] INPUT COVERAGE = 83.33 %
UVM_INFO axi4_lite_inp_monitor.sv(44) @ 4525: uvm_test_top.env.aa.inp_mon [INPUT MONITOR]  WRITE awaddr=00000004 wdata=ec277197 wstrb=1111 
UVM_INFO axi4_lite_out_monitor.sv(28) @ 4545: uvm_test_top.env.pa.out_mon [OUTPUT MONITOR] BRESP = 0 RRESP = 0 RDATA = 00000000
UVM_INFO axi4_lite_driver.sv(34) @ 4545: uvm_test_top.env.aa.drv [DRV] awaddr = 00000004 wdata = ec277197 wstrb = f araddr = a6784d04
UVM_INFO axi4_lite_scoreboard.sv(52) @ 4545: uvm_test_top.env.scb [BRESP] Matched : exp_bresp= 0 actual_bresp=0 write = 1 read = 0
UVM_INFO axi4_lite_subscriber.sv(40) @ 4595: uvm_test_top.env.sb [sb] INPUT COVERAGE = 83.33 %
UVM_INFO axi4_lite_inp_monitor.sv(44) @ 4595: uvm_test_top.env.aa.inp_mon [INPUT MONITOR]  WRITE awaddr=00000024 wdata=63711d4f wstrb=0011 
UVM_INFO axi4_lite_out_monitor.sv(28) @ 4615: uvm_test_top.env.pa.out_mon [OUTPUT MONITOR] BRESP = 0 RRESP = 0 RDATA = 00000000
UVM_INFO axi4_lite_driver.sv(34) @ 4615: uvm_test_top.env.aa.drv [DRV] awaddr = 00000024 wdata = 63711d4f wstrb = 3 araddr = 8493a3d0
UVM_INFO axi4_lite_scoreboard.sv(52) @ 4615: uvm_test_top.env.scb [BRESP] Matched : exp_bresp= 0 actual_bresp=0 write = 1 read = 0
UVM_INFO axi4_lite_subscriber.sv(40) @ 4655: uvm_test_top.env.sb [sb] INPUT COVERAGE = 83.33 %
UVM_INFO axi4_lite_inp_monitor.sv(44) @ 4655: uvm_test_top.env.aa.inp_mon [INPUT MONITOR]  WRITE awaddr=0000001c wdata=17f7246e wstrb=1011 
UVM_INFO axi4_lite_out_monitor.sv(28) @ 4675: uvm_test_top.env.pa.out_mon [OUTPUT MONITOR] BRESP = 0 RRESP = 0 RDATA = 00000000
UVM_INFO axi4_lite_driver.sv(34) @ 4675: uvm_test_top.env.aa.drv [DRV] awaddr = 0000001c wdata = 17f7246e wstrb = b araddr = 10062450
UVM_INFO axi4_lite_scoreboard.sv(52) @ 4675: uvm_test_top.env.scb [BRESP] Matched : exp_bresp= 0 actual_bresp=0 write = 1 read = 0
UVM_INFO axi4_lite_subscriber.sv(40) @ 4725: uvm_test_top.env.sb [sb] INPUT COVERAGE = 83.33 %
UVM_INFO axi4_lite_inp_monitor.sv(44) @ 4725: uvm_test_top.env.aa.inp_mon [INPUT MONITOR]  WRITE awaddr=00000018 wdata=65ad5de9 wstrb=1001 
UVM_INFO axi4_lite_out_monitor.sv(28) @ 4745: uvm_test_top.env.pa.out_mon [OUTPUT MONITOR] BRESP = 0 RRESP = 0 RDATA = 00000000
UVM_INFO axi4_lite_driver.sv(34) @ 4745: uvm_test_top.env.aa.drv [DRV] awaddr = 00000018 wdata = 65ad5de9 wstrb = 9 araddr = ccb48d28
UVM_INFO axi4_lite_scoreboard.sv(52) @ 4745: uvm_test_top.env.scb [BRESP] Matched : exp_bresp= 0 actual_bresp=0 write = 1 read = 0
UVM_INFO axi4_lite_subscriber.sv(40) @ 4775: uvm_test_top.env.sb [sb] INPUT COVERAGE = 83.33 %
UVM_INFO axi4_lite_inp_monitor.sv(44) @ 4775: uvm_test_top.env.aa.inp_mon [INPUT MONITOR]  WRITE awaddr=00000020 wdata=0d701b25 wstrb=1111 
UVM_INFO axi4_lite_out_monitor.sv(28) @ 4795: uvm_test_top.env.pa.out_mon [OUTPUT MONITOR] BRESP = 0 RRESP = 0 RDATA = 00000000
UVM_INFO axi4_lite_driver.sv(34) @ 4795: uvm_test_top.env.aa.drv [DRV] awaddr = 00000020 wdata = 0d701b25 wstrb = f araddr = 96b65188
UVM_INFO axi4_lite_scoreboard.sv(52) @ 4795: uvm_test_top.env.scb [BRESP] Matched : exp_bresp= 0 actual_bresp=0 write = 1 read = 0
UVM_INFO axi4_lite_subscriber.sv(40) @ 4815: uvm_test_top.env.sb [sb] INPUT COVERAGE = 83.33 %
UVM_INFO axi4_lite_inp_monitor.sv(44) @ 4815: uvm_test_top.env.aa.inp_mon [INPUT MONITOR]  WRITE awaddr=00000018 wdata=db9b51b3 wstrb=0010 
UVM_INFO axi4_lite_out_monitor.sv(28) @ 4835: uvm_test_top.env.pa.out_mon [OUTPUT MONITOR] BRESP = 0 RRESP = 0 RDATA = 00000000
UVM_INFO axi4_lite_driver.sv(34) @ 4835: uvm_test_top.env.aa.drv [DRV] awaddr = 00000018 wdata = db9b51b3 wstrb = 2 araddr = d4608ac0
UVM_INFO axi4_lite_scoreboard.sv(52) @ 4835: uvm_test_top.env.scb [BRESP] Matched : exp_bresp= 0 actual_bresp=0 write = 1 read = 0
UVM_INFO axi4_lite_subscriber.sv(40) @ 4875: uvm_test_top.env.sb [sb] INPUT COVERAGE = 83.33 %
UVM_INFO axi4_lite_inp_monitor.sv(44) @ 4875: uvm_test_top.env.aa.inp_mon [INPUT MONITOR]  WRITE awaddr=0000000c wdata=d52ca928 wstrb=0000 
UVM_INFO axi4_lite_out_monitor.sv(28) @ 4895: uvm_test_top.env.pa.out_mon [OUTPUT MONITOR] BRESP = 0 RRESP = 0 RDATA = 00000000
UVM_INFO axi4_lite_driver.sv(34) @ 4895: uvm_test_top.env.aa.drv [DRV] awaddr = 0000000c wdata = d52ca928 wstrb = 0 araddr = a8ccf7e8
UVM_INFO axi4_lite_scoreboard.sv(52) @ 4895: uvm_test_top.env.scb [BRESP] Matched : exp_bresp= 0 actual_bresp=0 write = 1 read = 0
UVM_INFO axi4_lite_subscriber.sv(40) @ 4935: uvm_test_top.env.sb [sb] INPUT COVERAGE = 83.33 %
UVM_INFO axi4_lite_inp_monitor.sv(44) @ 4935: uvm_test_top.env.aa.inp_mon [INPUT MONITOR]  WRITE awaddr=0000002c wdata=8e3bd1f5 wstrb=1000 
UVM_INFO axi4_lite_out_monitor.sv(28) @ 4955: uvm_test_top.env.pa.out_mon [OUTPUT MONITOR] BRESP = 2 RRESP = 0 RDATA = 00000000
UVM_INFO axi4_lite_driver.sv(34) @ 4955: uvm_test_top.env.aa.drv [DRV] awaddr = 0000002c wdata = 8e3bd1f5 wstrb = 8 araddr = f9169a18
UVM_INFO axi4_lite_scoreboard.sv(52) @ 4955: uvm_test_top.env.scb [BRESP] Matched : exp_bresp= 2 actual_bresp=2 write = 1 read = 0
UVM_INFO axi4_lite_subscriber.sv(40) @ 4995: uvm_test_top.env.sb [sb] INPUT COVERAGE = 83.33 %
UVM_INFO axi4_lite_inp_monitor.sv(44) @ 4995: uvm_test_top.env.aa.inp_mon [INPUT MONITOR]  WRITE awaddr=00000004 wdata=2b9300da wstrb=0111 
UVM_INFO axi4_lite_out_monitor.sv(28) @ 5015: uvm_test_top.env.pa.out_mon [OUTPUT MONITOR] BRESP = 0 RRESP = 0 RDATA = 00000000
UVM_INFO axi4_lite_driver.sv(34) @ 5015: uvm_test_top.env.aa.drv [DRV] awaddr = 00000004 wdata = 2b9300da wstrb = 7 araddr = 8462c894
UVM_INFO axi4_lite_scoreboard.sv(52) @ 5015: uvm_test_top.env.scb [BRESP] Matched : exp_bresp= 0 actual_bresp=0 write = 1 read = 0
UVM_INFO axi4_lite_subscriber.sv(40) @ 5035: uvm_test_top.env.sb [sb] INPUT COVERAGE = 83.33 %
UVM_INFO axi4_lite_inp_monitor.sv(44) @ 5035: uvm_test_top.env.aa.inp_mon [INPUT MONITOR]  WRITE awaddr=00000018 wdata=5f960a23 wstrb=0000 
UVM_INFO axi4_lite_out_monitor.sv(28) @ 5055: uvm_test_top.env.pa.out_mon [OUTPUT MONITOR] BRESP = 0 RRESP = 0 RDATA = 00000000
UVM_INFO axi4_lite_driver.sv(34) @ 5055: uvm_test_top.env.aa.drv [DRV] awaddr = 00000018 wdata = 5f960a23 wstrb = 0 araddr = b55b0718
UVM_INFO axi4_lite_scoreboard.sv(52) @ 5055: uvm_test_top.env.scb [BRESP] Matched : exp_bresp= 0 actual_bresp=0 write = 1 read = 0
UVM_INFO axi4_lite_subscriber.sv(40) @ 5105: uvm_test_top.env.sb [sb] INPUT COVERAGE = 83.33 %
UVM_INFO axi4_lite_inp_monitor.sv(44) @ 5105: uvm_test_top.env.aa.inp_mon [INPUT MONITOR]  WRITE awaddr=00000008 wdata=0325e5bd wstrb=0010 
UVM_INFO axi4_lite_out_monitor.sv(28) @ 5125: uvm_test_top.env.pa.out_mon [OUTPUT MONITOR] BRESP = 0 RRESP = 0 RDATA = 00000000
UVM_INFO axi4_lite_driver.sv(34) @ 5125: uvm_test_top.env.aa.drv [DRV] awaddr = 00000008 wdata = 0325e5bd wstrb = 2 araddr = 19922238
UVM_INFO axi4_lite_scoreboard.sv(52) @ 5125: uvm_test_top.env.scb [BRESP] Matched : exp_bresp= 0 actual_bresp=0 write = 1 read = 0
UVM_INFO axi4_lite_subscriber.sv(40) @ 5145: uvm_test_top.env.sb [sb] INPUT COVERAGE = 83.33 %
UVM_INFO axi4_lite_inp_monitor.sv(44) @ 5145: uvm_test_top.env.aa.inp_mon [INPUT MONITOR]  WRITE awaddr=00000030 wdata=5b7b4b6a wstrb=1000 
UVM_INFO axi4_lite_out_monitor.sv(28) @ 5165: uvm_test_top.env.pa.out_mon [OUTPUT MONITOR] BRESP = 2 RRESP = 0 RDATA = 00000000
UVM_INFO axi4_lite_driver.sv(34) @ 5165: uvm_test_top.env.aa.drv [DRV] awaddr = 00000030 wdata = 5b7b4b6a wstrb = 8 araddr = 22ed4130
UVM_INFO axi4_lite_scoreboard.sv(52) @ 5165: uvm_test_top.env.scb [BRESP] Matched : exp_bresp= 2 actual_bresp=2 write = 1 read = 0
UVM_INFO axi4_lite_subscriber.sv(40) @ 5205: uvm_test_top.env.sb [sb] INPUT COVERAGE = 83.33 %
UVM_INFO axi4_lite_inp_monitor.sv(44) @ 5205: uvm_test_top.env.aa.inp_mon [INPUT MONITOR]  WRITE awaddr=00000038 wdata=1251c38d wstrb=1110 
UVM_INFO axi4_lite_out_monitor.sv(28) @ 5225: uvm_test_top.env.pa.out_mon [OUTPUT MONITOR] BRESP = 0 RRESP = 0 RDATA = 00000000
UVM_INFO axi4_lite_driver.sv(34) @ 5225: uvm_test_top.env.aa.drv [DRV] awaddr = 00000038 wdata = 1251c38d wstrb = e araddr = 3281c118
UVM_INFO axi4_lite_scoreboard.sv(52) @ 5225: uvm_test_top.env.scb [BRESP] Matched : exp_bresp= 0 actual_bresp=0 write = 1 read = 0
UVM_INFO axi4_lite_subscriber.sv(40) @ 5275: uvm_test_top.env.sb [sb] INPUT COVERAGE = 83.33 %
UVM_INFO axi4_lite_inp_monitor.sv(44) @ 5275: uvm_test_top.env.aa.inp_mon [INPUT MONITOR]  WRITE awaddr=00000028 wdata=8312cc99 wstrb=0110 
UVM_INFO axi4_lite_out_monitor.sv(28) @ 5295: uvm_test_top.env.pa.out_mon [OUTPUT MONITOR] BRESP = 2 RRESP = 0 RDATA = 00000000
UVM_INFO axi4_lite_driver.sv(34) @ 5295: uvm_test_top.env.aa.drv [DRV] awaddr = 00000028 wdata = 8312cc99 wstrb = 6 araddr = 25203844
UVM_INFO axi4_lite_scoreboard.sv(52) @ 5295: uvm_test_top.env.scb [BRESP] Matched : exp_bresp= 2 actual_bresp=2 write = 1 read = 0
UVM_INFO axi4_lite_subscriber.sv(40) @ 5335: uvm_test_top.env.sb [sb] INPUT COVERAGE = 83.33 %
UVM_INFO axi4_lite_inp_monitor.sv(44) @ 5335: uvm_test_top.env.aa.inp_mon [INPUT MONITOR]  WRITE awaddr=00000004 wdata=45819a3d wstrb=1010 
UVM_INFO axi4_lite_out_monitor.sv(28) @ 5355: uvm_test_top.env.pa.out_mon [OUTPUT MONITOR] BRESP = 0 RRESP = 0 RDATA = 00000000
UVM_INFO axi4_lite_driver.sv(34) @ 5355: uvm_test_top.env.aa.drv [DRV] awaddr = 00000004 wdata = 45819a3d wstrb = a araddr = 6379ce6c
UVM_INFO axi4_lite_scoreboard.sv(52) @ 5355: uvm_test_top.env.scb [BRESP] Matched : exp_bresp= 0 actual_bresp=0 write = 1 read = 0
UVM_INFO axi4_lite_subscriber.sv(40) @ 5405: uvm_test_top.env.sb [sb] INPUT COVERAGE = 83.33 %
UVM_INFO axi4_lite_inp_monitor.sv(44) @ 5405: uvm_test_top.env.aa.inp_mon [INPUT MONITOR]  WRITE awaddr=00000004 wdata=4edd0f1b wstrb=0001 
UVM_INFO axi4_lite_out_monitor.sv(28) @ 5425: uvm_test_top.env.pa.out_mon [OUTPUT MONITOR] BRESP = 0 RRESP = 0 RDATA = 00000000
UVM_INFO axi4_lite_driver.sv(34) @ 5425: uvm_test_top.env.aa.drv [DRV] awaddr = 00000004 wdata = 4edd0f1b wstrb = 1 araddr = c1ecef38
UVM_INFO axi4_lite_scoreboard.sv(52) @ 5425: uvm_test_top.env.scb [BRESP] Matched : exp_bresp= 0 actual_bresp=0 write = 1 read = 0
UVM_INFO axi4_lite_subscriber.sv(40) @ 5455: uvm_test_top.env.sb [sb] INPUT COVERAGE = 83.33 %
UVM_INFO axi4_lite_inp_monitor.sv(44) @ 5455: uvm_test_top.env.aa.inp_mon [INPUT MONITOR]  WRITE awaddr=0000002c wdata=cdc3d2f8 wstrb=1001 
UVM_INFO axi4_lite_out_monitor.sv(28) @ 5475: uvm_test_top.env.pa.out_mon [OUTPUT MONITOR] BRESP = 2 RRESP = 0 RDATA = 00000000
UVM_INFO axi4_lite_driver.sv(34) @ 5475: uvm_test_top.env.aa.drv [DRV] awaddr = 0000002c wdata = cdc3d2f8 wstrb = 9 araddr = 3ee19e80
UVM_INFO axi4_lite_scoreboard.sv(52) @ 5475: uvm_test_top.env.scb [BRESP] Matched : exp_bresp= 2 actual_bresp=2 write = 1 read = 0
UVM_INFO axi4_lite_subscriber.sv(40) @ 5525: uvm_test_top.env.sb [sb] INPUT COVERAGE = 83.33 %
UVM_INFO axi4_lite_inp_monitor.sv(44) @ 5525: uvm_test_top.env.aa.inp_mon [INPUT MONITOR]  WRITE awaddr=00000024 wdata=a096f549 wstrb=1011 
UVM_INFO axi4_lite_out_monitor.sv(28) @ 5545: uvm_test_top.env.pa.out_mon [OUTPUT MONITOR] BRESP = 0 RRESP = 0 RDATA = 00000000
UVM_INFO axi4_lite_driver.sv(34) @ 5545: uvm_test_top.env.aa.drv [DRV] awaddr = 00000024 wdata = a096f549 wstrb = b araddr = 1efcfe7c
UVM_INFO axi4_lite_scoreboard.sv(52) @ 5545: uvm_test_top.env.scb [BRESP] Matched : exp_bresp= 0 actual_bresp=0 write = 1 read = 0
UVM_INFO axi4_lite_subscriber.sv(40) @ 5585: uvm_test_top.env.sb [sb] INPUT COVERAGE = 83.33 %
UVM_INFO axi4_lite_inp_monitor.sv(44) @ 5585: uvm_test_top.env.aa.inp_mon [INPUT MONITOR]  WRITE awaddr=0000001c wdata=ea98c2ae wstrb=0110 
UVM_INFO axi4_lite_out_monitor.sv(28) @ 5605: uvm_test_top.env.pa.out_mon [OUTPUT MONITOR] BRESP = 0 RRESP = 0 RDATA = 00000000
UVM_INFO axi4_lite_driver.sv(34) @ 5605: uvm_test_top.env.aa.drv [DRV] awaddr = 0000001c wdata = ea98c2ae wstrb = 6 araddr = e1108fa4
UVM_INFO axi4_lite_scoreboard.sv(52) @ 5605: uvm_test_top.env.scb [BRESP] Matched : exp_bresp= 0 actual_bresp=0 write = 1 read = 0
UVM_INFO axi4_lite_subscriber.sv(40) @ 5655: uvm_test_top.env.sb [sb] INPUT COVERAGE = 83.33 %
UVM_INFO axi4_lite_inp_monitor.sv(44) @ 5655: uvm_test_top.env.aa.inp_mon [INPUT MONITOR]  WRITE awaddr=00000024 wdata=0e8c36cb wstrb=1100 
UVM_INFO axi4_lite_out_monitor.sv(28) @ 5675: uvm_test_top.env.pa.out_mon [OUTPUT MONITOR] BRESP = 0 RRESP = 0 RDATA = 00000000
UVM_INFO axi4_lite_driver.sv(34) @ 5675: uvm_test_top.env.aa.drv [DRV] awaddr = 00000024 wdata = 0e8c36cb wstrb = c araddr = f685ac80
UVM_INFO axi4_lite_scoreboard.sv(52) @ 5675: uvm_test_top.env.scb [BRESP] Matched : exp_bresp= 0 actual_bresp=0 write = 1 read = 0
UVM_INFO axi4_lite_subscriber.sv(40) @ 5725: uvm_test_top.env.sb [sb] INPUT COVERAGE = 83.33 %
UVM_INFO axi4_lite_inp_monitor.sv(44) @ 5725: uvm_test_top.env.aa.inp_mon [INPUT MONITOR]  WRITE awaddr=00000030 wdata=5b0ad186 wstrb=1011 
UVM_INFO axi4_lite_out_monitor.sv(28) @ 5745: uvm_test_top.env.pa.out_mon [OUTPUT MONITOR] BRESP = 2 RRESP = 0 RDATA = 00000000
UVM_INFO axi4_lite_driver.sv(34) @ 5745: uvm_test_top.env.aa.drv [DRV] awaddr = 00000030 wdata = 5b0ad186 wstrb = b araddr = b9dfc310
UVM_INFO axi4_lite_scoreboard.sv(52) @ 5745: uvm_test_top.env.scb [BRESP] Matched : exp_bresp= 2 actual_bresp=2 write = 1 read = 0
Write completed
UVM_INFO axi4_lite_subscriber.sv(40) @ 5755: uvm_test_top.env.sb [sb] INPUT COVERAGE = 83.33 %
UVM_INFO axi4_lite_inp_monitor.sv(38) @ 5755: uvm_test_top.env.aa.inp_mon [INPUT MONITOR] READ araddr=00000004
UVM_INFO axi4_lite_out_monitor.sv(28) @ 5765: uvm_test_top.env.pa.out_mon [OUTPUT MONITOR] BRESP = 0 RRESP = 0 RDATA = 45939a1b
UVM_INFO axi4_lite_driver.sv(34) @ 5765: uvm_test_top.env.aa.drv [DRV] awaddr = c5501fc0 wdata = a907c020 wstrb = 5 araddr = 00000004
UVM_INFO axi4_lite_scoreboard.sv(68) @ 5765: uvm_test_top.env.scb [RRESP] Matched : exp_rresp=0 actual_rresp =0 write = 0 read = 1
UVM_INFO axi4_lite_scoreboard.sv(72) @ 5765: uvm_test_top.env.scb [RDATA] Matched : exp_rdata=45939a1b actual_rdata =45939a1b
UVM_INFO axi4_lite_subscriber.sv(40) @ 5785: uvm_test_top.env.sb [sb] INPUT COVERAGE = 91.67 %
UVM_INFO axi4_lite_inp_monitor.sv(38) @ 5785: uvm_test_top.env.aa.inp_mon [INPUT MONITOR] READ araddr=00000028
UVM_INFO axi4_lite_out_monitor.sv(28) @ 5795: uvm_test_top.env.pa.out_mon [OUTPUT MONITOR] BRESP = 0 RRESP = 0 RDATA = 00000000
UVM_INFO axi4_lite_driver.sv(34) @ 5795: uvm_test_top.env.aa.drv [DRV] awaddr = c794bd6c wdata = ebca13c5 wstrb = 1 araddr = 00000028
UVM_INFO axi4_lite_scoreboard.sv(68) @ 5795: uvm_test_top.env.scb [RRESP] Matched : exp_rresp=0 actual_rresp =0 write = 0 read = 1
UVM_INFO axi4_lite_scoreboard.sv(72) @ 5795: uvm_test_top.env.scb [RDATA] Matched : exp_rdata=00000000 actual_rdata =00000000
UVM_INFO axi4_lite_subscriber.sv(40) @ 5815: uvm_test_top.env.sb [sb] INPUT COVERAGE = 91.67 %
UVM_INFO axi4_lite_inp_monitor.sv(38) @ 5815: uvm_test_top.env.aa.inp_mon [INPUT MONITOR] READ araddr=00000018
UVM_INFO axi4_lite_out_monitor.sv(28) @ 5825: uvm_test_top.env.pa.out_mon [OUTPUT MONITOR] BRESP = 0 RRESP = 0 RDATA = 0d9300da
UVM_INFO axi4_lite_driver.sv(34) @ 5825: uvm_test_top.env.aa.drv [DRV] awaddr = 2ffc4a04 wdata = 26f3a40b wstrb = 5 araddr = 00000018
UVM_INFO axi4_lite_scoreboard.sv(68) @ 5825: uvm_test_top.env.scb [RRESP] Matched : exp_rresp=0 actual_rresp =0 write = 0 read = 1
UVM_ERROR axi4_lite_scoreboard.sv(74) @ 5825: uvm_test_top.env.scb [RDATA] Mismatched : exp_rdata= 652f51e9 actual_rdata=0d9300da 
UVM_INFO axi4_lite_subscriber.sv(40) @ 5845: uvm_test_top.env.sb [sb] INPUT COVERAGE = 91.67 %
UVM_INFO axi4_lite_inp_monitor.sv(38) @ 5845: uvm_test_top.env.aa.inp_mon [INPUT MONITOR] READ araddr=00000018
UVM_INFO axi4_lite_out_monitor.sv(28) @ 5855: uvm_test_top.env.pa.out_mon [OUTPUT MONITOR] BRESP = 0 RRESP = 0 RDATA = 0d9300da
UVM_INFO axi4_lite_driver.sv(34) @ 5855: uvm_test_top.env.aa.drv [DRV] awaddr = 09db10dc wdata = 8f33c0b4 wstrb = a araddr = 00000018
UVM_INFO axi4_lite_scoreboard.sv(68) @ 5855: uvm_test_top.env.scb [RRESP] Matched : exp_rresp=0 actual_rresp =0 write = 0 read = 1
UVM_ERROR axi4_lite_scoreboard.sv(74) @ 5855: uvm_test_top.env.scb [RDATA] Mismatched : exp_rdata= 652f51e9 actual_rdata=0d9300da 
UVM_INFO axi4_lite_subscriber.sv(40) @ 5875: uvm_test_top.env.sb [sb] INPUT COVERAGE = 91.67 %
UVM_INFO axi4_lite_inp_monitor.sv(38) @ 5875: uvm_test_top.env.aa.inp_mon [INPUT MONITOR] READ araddr=00000004
UVM_INFO axi4_lite_out_monitor.sv(28) @ 5885: uvm_test_top.env.pa.out_mon [OUTPUT MONITOR] BRESP = 0 RRESP = 0 RDATA = 45939a1b
UVM_INFO axi4_lite_driver.sv(34) @ 5885: uvm_test_top.env.aa.drv [DRV] awaddr = 549dc654 wdata = c1efb663 wstrb = 8 araddr = 00000004
UVM_INFO axi4_lite_scoreboard.sv(68) @ 5885: uvm_test_top.env.scb [RRESP] Matched : exp_rresp=0 actual_rresp =0 write = 0 read = 1
UVM_INFO axi4_lite_scoreboard.sv(72) @ 5885: uvm_test_top.env.scb [RDATA] Matched : exp_rdata=45939a1b actual_rdata =45939a1b
UVM_INFO axi4_lite_subscriber.sv(40) @ 5905: uvm_test_top.env.sb [sb] INPUT COVERAGE = 91.67 %
UVM_INFO axi4_lite_inp_monitor.sv(38) @ 5905: uvm_test_top.env.aa.inp_mon [INPUT MONITOR] READ araddr=00000008
UVM_INFO axi4_lite_out_monitor.sv(28) @ 5915: uvm_test_top.env.pa.out_mon [OUTPUT MONITOR] BRESP = 0 RRESP = 0 RDATA = f0a9e511
UVM_INFO axi4_lite_driver.sv(34) @ 5915: uvm_test_top.env.aa.drv [DRV] awaddr = 83f869c4 wdata = 2484871c wstrb = 1 araddr = 00000008
UVM_INFO axi4_lite_scoreboard.sv(68) @ 5915: uvm_test_top.env.scb [RRESP] Matched : exp_rresp=0 actual_rresp =0 write = 0 read = 1
UVM_INFO axi4_lite_scoreboard.sv(72) @ 5915: uvm_test_top.env.scb [RDATA] Matched : exp_rdata=f0a9e511 actual_rdata =f0a9e511
UVM_INFO axi4_lite_subscriber.sv(40) @ 5935: uvm_test_top.env.sb [sb] INPUT COVERAGE = 91.67 %
UVM_INFO axi4_lite_inp_monitor.sv(38) @ 5935: uvm_test_top.env.aa.inp_mon [INPUT MONITOR] READ araddr=00000010
UVM_INFO axi4_lite_out_monitor.sv(28) @ 5945: uvm_test_top.env.pa.out_mon [OUTPUT MONITOR] BRESP = 0 RRESP = 0 RDATA = f3e50000
UVM_INFO axi4_lite_driver.sv(34) @ 5945: uvm_test_top.env.aa.drv [DRV] awaddr = 099328e4 wdata = efa46101 wstrb = 2 araddr = 00000010
UVM_INFO axi4_lite_scoreboard.sv(68) @ 5945: uvm_test_top.env.scb [RRESP] Matched : exp_rresp=0 actual_rresp =0 write = 0 read = 1
UVM_INFO axi4_lite_scoreboard.sv(72) @ 5945: uvm_test_top.env.scb [RDATA] Matched : exp_rdata=f3e50000 actual_rdata =f3e50000
UVM_INFO axi4_lite_subscriber.sv(40) @ 5965: uvm_test_top.env.sb [sb] INPUT COVERAGE = 91.67 %
UVM_INFO axi4_lite_inp_monitor.sv(38) @ 5965: uvm_test_top.env.aa.inp_mon [INPUT MONITOR] READ araddr=00000020
UVM_INFO axi4_lite_out_monitor.sv(28) @ 5975: uvm_test_top.env.pa.out_mon [OUTPUT MONITOR] BRESP = 0 RRESP = 0 RDATA = 0d701b25
UVM_INFO axi4_lite_driver.sv(34) @ 5975: uvm_test_top.env.aa.drv [DRV] awaddr = 9b2d3a9c wdata = de01de74 wstrb = 3 araddr = 00000020
UVM_INFO axi4_lite_scoreboard.sv(68) @ 5975: uvm_test_top.env.scb [RRESP] Matched : exp_rresp=0 actual_rresp =0 write = 0 read = 1
UVM_INFO axi4_lite_scoreboard.sv(72) @ 5975: uvm_test_top.env.scb [RDATA] Matched : exp_rdata=0d701b25 actual_rdata =0d701b25
UVM_INFO axi4_lite_subscriber.sv(40) @ 5995: uvm_test_top.env.sb [sb] INPUT COVERAGE = 91.67 %
UVM_INFO axi4_lite_inp_monitor.sv(38) @ 5995: uvm_test_top.env.aa.inp_mon [INPUT MONITOR] READ araddr=00000018
UVM_INFO axi4_lite_out_monitor.sv(28) @ 6005: uvm_test_top.env.pa.out_mon [OUTPUT MONITOR] BRESP = 0 RRESP = 0 RDATA = 0d9300da
UVM_INFO axi4_lite_driver.sv(34) @ 6005: uvm_test_top.env.aa.drv [DRV] awaddr = db7ef304 wdata = aedef384 wstrb = 5 araddr = 00000018
UVM_INFO axi4_lite_scoreboard.sv(68) @ 6005: uvm_test_top.env.scb [RRESP] Matched : exp_rresp=0 actual_rresp =0 write = 0 read = 1
UVM_ERROR axi4_lite_scoreboard.sv(74) @ 6005: uvm_test_top.env.scb [RDATA] Mismatched : exp_rdata= 652f51e9 actual_rdata=0d9300da 
UVM_INFO axi4_lite_subscriber.sv(40) @ 6025: uvm_test_top.env.sb [sb] INPUT COVERAGE = 91.67 %
UVM_INFO axi4_lite_inp_monitor.sv(38) @ 6025: uvm_test_top.env.aa.inp_mon [INPUT MONITOR] READ araddr=00000028
UVM_INFO axi4_lite_out_monitor.sv(28) @ 6035: uvm_test_top.env.pa.out_mon [OUTPUT MONITOR] BRESP = 0 RRESP = 0 RDATA = 00000000
UVM_INFO axi4_lite_driver.sv(34) @ 6035: uvm_test_top.env.aa.drv [DRV] awaddr = 1f399a34 wdata = 738493c9 wstrb = 3 araddr = 00000028
UVM_INFO axi4_lite_scoreboard.sv(68) @ 6035: uvm_test_top.env.scb [RRESP] Matched : exp_rresp=0 actual_rresp =0 write = 0 read = 1
UVM_INFO axi4_lite_scoreboard.sv(72) @ 6035: uvm_test_top.env.scb [RDATA] Matched : exp_rdata=00000000 actual_rdata =00000000
UVM_INFO axi4_lite_subscriber.sv(40) @ 6055: uvm_test_top.env.sb [sb] INPUT COVERAGE = 91.67 %
UVM_INFO axi4_lite_inp_monitor.sv(38) @ 6055: uvm_test_top.env.aa.inp_mon [INPUT MONITOR] READ araddr=00000004
UVM_INFO axi4_lite_out_monitor.sv(28) @ 6065: uvm_test_top.env.pa.out_mon [OUTPUT MONITOR] BRESP = 0 RRESP = 0 RDATA = 45939a1b
UVM_INFO axi4_lite_driver.sv(34) @ 6065: uvm_test_top.env.aa.drv [DRV] awaddr = 3eebf714 wdata = 2f8d8d88 wstrb = d araddr = 00000004
UVM_INFO axi4_lite_scoreboard.sv(68) @ 6065: uvm_test_top.env.scb [RRESP] Matched : exp_rresp=0 actual_rresp =0 write = 0 read = 1
UVM_INFO axi4_lite_scoreboard.sv(72) @ 6065: uvm_test_top.env.scb [RDATA] Matched : exp_rdata=45939a1b actual_rdata =45939a1b
UVM_INFO axi4_lite_subscriber.sv(40) @ 6085: uvm_test_top.env.sb [sb] INPUT COVERAGE = 91.67 %
UVM_INFO axi4_lite_inp_monitor.sv(38) @ 6085: uvm_test_top.env.aa.inp_mon [INPUT MONITOR] READ araddr=00000008
UVM_INFO axi4_lite_out_monitor.sv(28) @ 6095: uvm_test_top.env.pa.out_mon [OUTPUT MONITOR] BRESP = 0 RRESP = 0 RDATA = f0a9e511
UVM_INFO axi4_lite_driver.sv(34) @ 6095: uvm_test_top.env.aa.drv [DRV] awaddr = c81965dc wdata = b4dd4352 wstrb = 2 araddr = 00000008
UVM_INFO axi4_lite_scoreboard.sv(68) @ 6095: uvm_test_top.env.scb [RRESP] Matched : exp_rresp=0 actual_rresp =0 write = 0 read = 1
UVM_INFO axi4_lite_scoreboard.sv(72) @ 6095: uvm_test_top.env.scb [RDATA] Matched : exp_rdata=f0a9e511 actual_rdata =f0a9e511
UVM_INFO axi4_lite_subscriber.sv(40) @ 6115: uvm_test_top.env.sb [sb] INPUT COVERAGE = 91.67 %
UVM_INFO axi4_lite_inp_monitor.sv(38) @ 6115: uvm_test_top.env.aa.inp_mon [INPUT MONITOR] READ araddr=0000002c
UVM_INFO axi4_lite_out_monitor.sv(28) @ 6125: uvm_test_top.env.pa.out_mon [OUTPUT MONITOR] BRESP = 0 RRESP = 0 RDATA = 00000000
UVM_INFO axi4_lite_driver.sv(34) @ 6125: uvm_test_top.env.aa.drv [DRV] awaddr = 10255e00 wdata = 279ec852 wstrb = 0 araddr = 0000002c
UVM_INFO axi4_lite_scoreboard.sv(68) @ 6125: uvm_test_top.env.scb [RRESP] Matched : exp_rresp=0 actual_rresp =0 write = 0 read = 1
UVM_INFO axi4_lite_scoreboard.sv(72) @ 6125: uvm_test_top.env.scb [RDATA] Matched : exp_rdata=00000000 actual_rdata =00000000
UVM_INFO axi4_lite_subscriber.sv(40) @ 6145: uvm_test_top.env.sb [sb] INPUT COVERAGE = 100.00 %
UVM_INFO axi4_lite_inp_monitor.sv(38) @ 6145: uvm_test_top.env.aa.inp_mon [INPUT MONITOR] READ araddr=00000038
UVM_INFO axi4_lite_out_monitor.sv(28) @ 6155: uvm_test_top.env.pa.out_mon [OUTPUT MONITOR] BRESP = 0 RRESP = 2 RDATA = 00000000
UVM_INFO axi4_lite_driver.sv(34) @ 6155: uvm_test_top.env.aa.drv [DRV] awaddr = 76a57be8 wdata = 2b1cb9a2 wstrb = 1 araddr = 00000038
UVM_INFO axi4_lite_scoreboard.sv(68) @ 6155: uvm_test_top.env.scb [RRESP] Matched : exp_rresp=2 actual_rresp =2 write = 0 read = 1
UVM_INFO axi4_lite_scoreboard.sv(72) @ 6155: uvm_test_top.env.scb [RDATA] Matched : exp_rdata=00000000 actual_rdata =00000000
UVM_INFO axi4_lite_subscriber.sv(40) @ 6175: uvm_test_top.env.sb [sb] INPUT COVERAGE = 100.00 %
UVM_INFO axi4_lite_inp_monitor.sv(38) @ 6175: uvm_test_top.env.aa.inp_mon [INPUT MONITOR] READ araddr=00000030
UVM_INFO axi4_lite_out_monitor.sv(28) @ 6185: uvm_test_top.env.pa.out_mon [OUTPUT MONITOR] BRESP = 0 RRESP = 0 RDATA = 00000000
UVM_INFO axi4_lite_driver.sv(34) @ 6185: uvm_test_top.env.aa.drv [DRV] awaddr = 192711f8 wdata = 1400bd03 wstrb = 4 araddr = 00000030
UVM_INFO axi4_lite_scoreboard.sv(68) @ 6185: uvm_test_top.env.scb [RRESP] Matched : exp_rresp=0 actual_rresp =0 write = 0 read = 1
UVM_INFO axi4_lite_scoreboard.sv(72) @ 6185: uvm_test_top.env.scb [RDATA] Matched : exp_rdata=00000000 actual_rdata =00000000
UVM_INFO axi4_lite_subscriber.sv(40) @ 6205: uvm_test_top.env.sb [sb] INPUT COVERAGE = 100.00 %
UVM_INFO axi4_lite_inp_monitor.sv(38) @ 6205: uvm_test_top.env.aa.inp_mon [INPUT MONITOR] READ araddr=00000028
UVM_INFO axi4_lite_out_monitor.sv(28) @ 6215: uvm_test_top.env.pa.out_mon [OUTPUT MONITOR] BRESP = 0 RRESP = 0 RDATA = 00000000
UVM_INFO axi4_lite_driver.sv(34) @ 6215: uvm_test_top.env.aa.drv [DRV] awaddr = 9eab66ac wdata = 57e03d3d wstrb = f araddr = 00000028
UVM_INFO axi4_lite_scoreboard.sv(68) @ 6215: uvm_test_top.env.scb [RRESP] Matched : exp_rresp=0 actual_rresp =0 write = 0 read = 1
UVM_INFO axi4_lite_scoreboard.sv(72) @ 6215: uvm_test_top.env.scb [RDATA] Matched : exp_rdata=00000000 actual_rdata =00000000
UVM_INFO axi4_lite_subscriber.sv(40) @ 6235: uvm_test_top.env.sb [sb] INPUT COVERAGE = 100.00 %
UVM_INFO axi4_lite_inp_monitor.sv(38) @ 6235: uvm_test_top.env.aa.inp_mon [INPUT MONITOR] READ araddr=00000020
UVM_INFO axi4_lite_out_monitor.sv(28) @ 6245: uvm_test_top.env.pa.out_mon [OUTPUT MONITOR] BRESP = 0 RRESP = 0 RDATA = 0d701b25
UVM_INFO axi4_lite_driver.sv(34) @ 6245: uvm_test_top.env.aa.drv [DRV] awaddr = fd8901ec wdata = 6a123dee wstrb = e araddr = 00000020
UVM_INFO axi4_lite_scoreboard.sv(68) @ 6245: uvm_test_top.env.scb [RRESP] Matched : exp_rresp=0 actual_rresp =0 write = 0 read = 1
UVM_INFO axi4_lite_scoreboard.sv(72) @ 6245: uvm_test_top.env.scb [RDATA] Matched : exp_rdata=0d701b25 actual_rdata =0d701b25
UVM_INFO axi4_lite_subscriber.sv(40) @ 6265: uvm_test_top.env.sb [sb] INPUT COVERAGE = 100.00 %
UVM_INFO axi4_lite_inp_monitor.sv(38) @ 6265: uvm_test_top.env.aa.inp_mon [INPUT MONITOR] READ araddr=00000018
UVM_INFO axi4_lite_out_monitor.sv(28) @ 6275: uvm_test_top.env.pa.out_mon [OUTPUT MONITOR] BRESP = 0 RRESP = 0 RDATA = 0d9300da
UVM_INFO axi4_lite_driver.sv(34) @ 6275: uvm_test_top.env.aa.drv [DRV] awaddr = 5ee76624 wdata = 337e8b65 wstrb = f araddr = 00000018
UVM_INFO axi4_lite_scoreboard.sv(68) @ 6275: uvm_test_top.env.scb [RRESP] Matched : exp_rresp=0 actual_rresp =0 write = 0 read = 1
UVM_ERROR axi4_lite_scoreboard.sv(74) @ 6275: uvm_test_top.env.scb [RDATA] Mismatched : exp_rdata= 652f51e9 actual_rdata=0d9300da 
UVM_INFO axi4_lite_subscriber.sv(40) @ 6295: uvm_test_top.env.sb [sb] INPUT COVERAGE = 100.00 %
UVM_INFO axi4_lite_inp_monitor.sv(38) @ 6295: uvm_test_top.env.aa.inp_mon [INPUT MONITOR] READ araddr=00000008
UVM_INFO axi4_lite_out_monitor.sv(28) @ 6305: uvm_test_top.env.pa.out_mon [OUTPUT MONITOR] BRESP = 0 RRESP = 0 RDATA = f0a9e511
UVM_INFO axi4_lite_driver.sv(34) @ 6305: uvm_test_top.env.aa.drv [DRV] awaddr = 28c487ac wdata = f3a2f890 wstrb = 4 araddr = 00000008
UVM_INFO axi4_lite_scoreboard.sv(68) @ 6305: uvm_test_top.env.scb [RRESP] Matched : exp_rresp=0 actual_rresp =0 write = 0 read = 1
UVM_INFO axi4_lite_scoreboard.sv(72) @ 6305: uvm_test_top.env.scb [RDATA] Matched : exp_rdata=f0a9e511 actual_rdata =f0a9e511
UVM_INFO axi4_lite_subscriber.sv(40) @ 6325: uvm_test_top.env.sb [sb] INPUT COVERAGE = 100.00 %
UVM_INFO axi4_lite_inp_monitor.sv(38) @ 6325: uvm_test_top.env.aa.inp_mon [INPUT MONITOR] READ araddr=00000004
UVM_INFO axi4_lite_out_monitor.sv(28) @ 6335: uvm_test_top.env.pa.out_mon [OUTPUT MONITOR] BRESP = 0 RRESP = 0 RDATA = 45939a1b
UVM_INFO axi4_lite_driver.sv(34) @ 6335: uvm_test_top.env.aa.drv [DRV] awaddr = 6acdbd48 wdata = 5c9f45a4 wstrb = 5 araddr = 00000004
UVM_INFO axi4_lite_scoreboard.sv(68) @ 6335: uvm_test_top.env.scb [RRESP] Matched : exp_rresp=0 actual_rresp =0 write = 0 read = 1
UVM_INFO axi4_lite_scoreboard.sv(72) @ 6335: uvm_test_top.env.scb [RDATA] Matched : exp_rdata=45939a1b actual_rdata =45939a1b
UVM_INFO axi4_lite_subscriber.sv(40) @ 6355: uvm_test_top.env.sb [sb] INPUT COVERAGE = 100.00 %
UVM_INFO axi4_lite_inp_monitor.sv(38) @ 6355: uvm_test_top.env.aa.inp_mon [INPUT MONITOR] READ araddr=0000000c
UVM_INFO axi4_lite_out_monitor.sv(28) @ 6365: uvm_test_top.env.pa.out_mon [OUTPUT MONITOR] BRESP = 0 RRESP = 0 RDATA = 1f3fb0a2
UVM_INFO axi4_lite_driver.sv(34) @ 6365: uvm_test_top.env.aa.drv [DRV] awaddr = b7e78e70 wdata = d734b56f wstrb = 3 araddr = 0000000c
UVM_INFO axi4_lite_scoreboard.sv(68) @ 6365: uvm_test_top.env.scb [RRESP] Matched : exp_rresp=0 actual_rresp =0 write = 0 read = 1
UVM_INFO axi4_lite_scoreboard.sv(72) @ 6365: uvm_test_top.env.scb [RDATA] Matched : exp_rdata=1f3fb0a2 actual_rdata =1f3fb0a2
UVM_INFO axi4_lite_subscriber.sv(40) @ 6385: uvm_test_top.env.sb [sb] INPUT COVERAGE = 100.00 %
UVM_INFO axi4_lite_inp_monitor.sv(38) @ 6385: uvm_test_top.env.aa.inp_mon [INPUT MONITOR] READ araddr=00000014
UVM_INFO axi4_lite_out_monitor.sv(28) @ 6395: uvm_test_top.env.pa.out_mon [OUTPUT MONITOR] BRESP = 0 RRESP = 0 RDATA = b7c58b74
UVM_INFO axi4_lite_driver.sv(34) @ 6395: uvm_test_top.env.aa.drv [DRV] awaddr = f8241b00 wdata = 6d75f47c wstrb = f araddr = 00000014
UVM_INFO axi4_lite_scoreboard.sv(68) @ 6395: uvm_test_top.env.scb [RRESP] Matched : exp_rresp=0 actual_rresp =0 write = 0 read = 1
UVM_INFO axi4_lite_scoreboard.sv(72) @ 6395: uvm_test_top.env.scb [RDATA] Matched : exp_rdata=b7c58b74 actual_rdata =b7c58b74
UVM_INFO axi4_lite_subscriber.sv(40) @ 6415: uvm_test_top.env.sb [sb] INPUT COVERAGE = 100.00 %
UVM_INFO axi4_lite_inp_monitor.sv(38) @ 6415: uvm_test_top.env.aa.inp_mon [INPUT MONITOR] READ araddr=00000034
UVM_INFO axi4_lite_out_monitor.sv(28) @ 6425: uvm_test_top.env.pa.out_mon [OUTPUT MONITOR] BRESP = 0 RRESP = 2 RDATA = 00000000
UVM_INFO axi4_lite_driver.sv(34) @ 6425: uvm_test_top.env.aa.drv [DRV] awaddr = 1e567ebc wdata = b7a7747f wstrb = f araddr = 00000034
UVM_INFO axi4_lite_scoreboard.sv(68) @ 6425: uvm_test_top.env.scb [RRESP] Matched : exp_rresp=2 actual_rresp =2 write = 0 read = 1
UVM_ERROR axi4_lite_scoreboard.sv(74) @ 6425: uvm_test_top.env.scb [RDATA] Mismatched : exp_rdata= b7c58b74 actual_rdata=00000000 
UVM_INFO axi4_lite_subscriber.sv(40) @ 6445: uvm_test_top.env.sb [sb] INPUT COVERAGE = 100.00 %
UVM_INFO axi4_lite_inp_monitor.sv(38) @ 6445: uvm_test_top.env.aa.inp_mon [INPUT MONITOR] READ araddr=0000001c
UVM_INFO axi4_lite_out_monitor.sv(28) @ 6455: uvm_test_top.env.pa.out_mon [OUTPUT MONITOR] BRESP = 0 RRESP = 0 RDATA = 1798c26e
UVM_INFO axi4_lite_driver.sv(34) @ 6455: uvm_test_top.env.aa.drv [DRV] awaddr = 3dca9eec wdata = 82061933 wstrb = 5 araddr = 0000001c
UVM_INFO axi4_lite_scoreboard.sv(68) @ 6455: uvm_test_top.env.scb [RRESP] Matched : exp_rresp=0 actual_rresp =0 write = 0 read = 1
UVM_INFO axi4_lite_scoreboard.sv(72) @ 6455: uvm_test_top.env.scb [RDATA] Matched : exp_rdata=1798c26e actual_rdata =1798c26e
UVM_INFO axi4_lite_subscriber.sv(40) @ 6475: uvm_test_top.env.sb [sb] INPUT COVERAGE = 100.00 %
UVM_INFO axi4_lite_inp_monitor.sv(38) @ 6475: uvm_test_top.env.aa.inp_mon [INPUT MONITOR] READ araddr=00000014
UVM_INFO axi4_lite_out_monitor.sv(28) @ 6485: uvm_test_top.env.pa.out_mon [OUTPUT MONITOR] BRESP = 0 RRESP = 0 RDATA = b7c58b74
UVM_INFO axi4_lite_driver.sv(34) @ 6485: uvm_test_top.env.aa.drv [DRV] awaddr = db829058 wdata = d2b42d5c wstrb = 3 araddr = 00000014
UVM_INFO axi4_lite_scoreboard.sv(68) @ 6485: uvm_test_top.env.scb [RRESP] Matched : exp_rresp=0 actual_rresp =0 write = 0 read = 1
UVM_INFO axi4_lite_scoreboard.sv(72) @ 6485: uvm_test_top.env.scb [RDATA] Matched : exp_rdata=b7c58b74 actual_rdata =b7c58b74
UVM_INFO axi4_lite_subscriber.sv(40) @ 6505: uvm_test_top.env.sb [sb] INPUT COVERAGE = 100.00 %
UVM_INFO axi4_lite_inp_monitor.sv(38) @ 6505: uvm_test_top.env.aa.inp_mon [INPUT MONITOR] READ araddr=0000001c
UVM_INFO axi4_lite_out_monitor.sv(28) @ 6515: uvm_test_top.env.pa.out_mon [OUTPUT MONITOR] BRESP = 0 RRESP = 0 RDATA = 1798c26e
UVM_INFO axi4_lite_driver.sv(34) @ 6515: uvm_test_top.env.aa.drv [DRV] awaddr = aecc98dc wdata = a00be2b0 wstrb = f araddr = 0000001c
UVM_INFO axi4_lite_scoreboard.sv(68) @ 6515: uvm_test_top.env.scb [RRESP] Matched : exp_rresp=0 actual_rresp =0 write = 0 read = 1
UVM_INFO axi4_lite_scoreboard.sv(72) @ 6515: uvm_test_top.env.scb [RDATA] Matched : exp_rdata=1798c26e actual_rdata =1798c26e
UVM_INFO axi4_lite_subscriber.sv(40) @ 6535: uvm_test_top.env.sb [sb] INPUT COVERAGE = 100.00 %
UVM_INFO axi4_lite_inp_monitor.sv(38) @ 6535: uvm_test_top.env.aa.inp_mon [INPUT MONITOR] READ araddr=00000024
UVM_INFO axi4_lite_out_monitor.sv(28) @ 6545: uvm_test_top.env.pa.out_mon [OUTPUT MONITOR] BRESP = 0 RRESP = 0 RDATA = 0e8cf549
UVM_INFO axi4_lite_driver.sv(34) @ 6545: uvm_test_top.env.aa.drv [DRV] awaddr = 336255b0 wdata = bde39007 wstrb = 3 araddr = 00000024
UVM_INFO axi4_lite_scoreboard.sv(68) @ 6545: uvm_test_top.env.scb [RRESP] Matched : exp_rresp=0 actual_rresp =0 write = 0 read = 1
UVM_INFO axi4_lite_scoreboard.sv(72) @ 6545: uvm_test_top.env.scb [RDATA] Matched : exp_rdata=0e8cf549 actual_rdata =0e8cf549
UVM_INFO axi4_lite_subscriber.sv(40) @ 6565: uvm_test_top.env.sb [sb] INPUT COVERAGE = 100.00 %
UVM_INFO axi4_lite_inp_monitor.sv(38) @ 6565: uvm_test_top.env.aa.inp_mon [INPUT MONITOR] READ araddr=00000034
UVM_INFO axi4_lite_out_monitor.sv(28) @ 6575: uvm_test_top.env.pa.out_mon [OUTPUT MONITOR] BRESP = 0 RRESP = 2 RDATA = 00000000
UVM_INFO axi4_lite_driver.sv(34) @ 6575: uvm_test_top.env.aa.drv [DRV] awaddr = ef9fa4bc wdata = 91165777 wstrb = c araddr = 00000034
UVM_INFO axi4_lite_scoreboard.sv(68) @ 6575: uvm_test_top.env.scb [RRESP] Matched : exp_rresp=2 actual_rresp =2 write = 0 read = 1
UVM_ERROR axi4_lite_scoreboard.sv(74) @ 6575: uvm_test_top.env.scb [RDATA] Mismatched : exp_rdata= 0e8cf549 actual_rdata=00000000 
UVM_INFO axi4_lite_subscriber.sv(40) @ 6595: uvm_test_top.env.sb [sb] INPUT COVERAGE = 100.00 %
UVM_INFO axi4_lite_inp_monitor.sv(38) @ 6595: uvm_test_top.env.aa.inp_mon [INPUT MONITOR] READ araddr=00000018
UVM_INFO axi4_lite_out_monitor.sv(28) @ 6605: uvm_test_top.env.pa.out_mon [OUTPUT MONITOR] BRESP = 0 RRESP = 0 RDATA = 0d9300da
UVM_INFO axi4_lite_driver.sv(34) @ 6605: uvm_test_top.env.aa.drv [DRV] awaddr = b8a11df8 wdata = a5a1c408 wstrb = 6 araddr = 00000018
UVM_INFO axi4_lite_scoreboard.sv(68) @ 6605: uvm_test_top.env.scb [RRESP] Matched : exp_rresp=0 actual_rresp =0 write = 0 read = 1
UVM_ERROR axi4_lite_scoreboard.sv(74) @ 6605: uvm_test_top.env.scb [RDATA] Mismatched : exp_rdata= 652f51e9 actual_rdata=0d9300da 
UVM_INFO axi4_lite_subscriber.sv(40) @ 6625: uvm_test_top.env.sb [sb] INPUT COVERAGE = 100.00 %
UVM_INFO axi4_lite_inp_monitor.sv(38) @ 6625: uvm_test_top.env.aa.inp_mon [INPUT MONITOR] READ araddr=00000018
UVM_INFO axi4_lite_out_monitor.sv(28) @ 6635: uvm_test_top.env.pa.out_mon [OUTPUT MONITOR] BRESP = 0 RRESP = 0 RDATA = 0d9300da
UVM_INFO axi4_lite_driver.sv(34) @ 6635: uvm_test_top.env.aa.drv [DRV] awaddr = a22ec650 wdata = fc5e6293 wstrb = e araddr = 00000018
UVM_INFO axi4_lite_scoreboard.sv(68) @ 6635: uvm_test_top.env.scb [RRESP] Matched : exp_rresp=0 actual_rresp =0 write = 0 read = 1
UVM_ERROR axi4_lite_scoreboard.sv(74) @ 6635: uvm_test_top.env.scb [RDATA] Mismatched : exp_rdata= 652f51e9 actual_rdata=0d9300da 
UVM_INFO axi4_lite_subscriber.sv(40) @ 6655: uvm_test_top.env.sb [sb] INPUT COVERAGE = 100.00 %
UVM_INFO axi4_lite_inp_monitor.sv(38) @ 6655: uvm_test_top.env.aa.inp_mon [INPUT MONITOR] READ araddr=00000000
UVM_INFO axi4_lite_out_monitor.sv(28) @ 6665: uvm_test_top.env.pa.out_mon [OUTPUT MONITOR] BRESP = 0 RRESP = 0 RDATA = 5918dca8
UVM_INFO axi4_lite_driver.sv(34) @ 6665: uvm_test_top.env.aa.drv [DRV] awaddr = 02900e2c wdata = 78389ba5 wstrb = 6 araddr = 00000000
UVM_INFO axi4_lite_scoreboard.sv(68) @ 6665: uvm_test_top.env.scb [RRESP] Matched : exp_rresp=0 actual_rresp =0 write = 0 read = 1
UVM_INFO axi4_lite_scoreboard.sv(72) @ 6665: uvm_test_top.env.scb [RDATA] Matched : exp_rdata=5918dca8 actual_rdata =5918dca8
UVM_INFO axi4_lite_subscriber.sv(40) @ 6685: uvm_test_top.env.sb [sb] INPUT COVERAGE = 100.00 %
UVM_INFO axi4_lite_inp_monitor.sv(38) @ 6685: uvm_test_top.env.aa.inp_mon [INPUT MONITOR] READ araddr=00000038
UVM_INFO axi4_lite_out_monitor.sv(28) @ 6695: uvm_test_top.env.pa.out_mon [OUTPUT MONITOR] BRESP = 0 RRESP = 2 RDATA = 00000000
UVM_INFO axi4_lite_driver.sv(34) @ 6695: uvm_test_top.env.aa.drv [DRV] awaddr = 816fbed4 wdata = 63db8adc wstrb = 8 araddr = 00000038
UVM_INFO axi4_lite_scoreboard.sv(68) @ 6695: uvm_test_top.env.scb [RRESP] Matched : exp_rresp=2 actual_rresp =2 write = 0 read = 1
UVM_ERROR axi4_lite_scoreboard.sv(74) @ 6695: uvm_test_top.env.scb [RDATA] Mismatched : exp_rdata= 5918dca8 actual_rdata=00000000 
UVM_INFO axi4_lite_subscriber.sv(40) @ 6715: uvm_test_top.env.sb [sb] INPUT COVERAGE = 100.00 %
UVM_INFO axi4_lite_inp_monitor.sv(38) @ 6715: uvm_test_top.env.aa.inp_mon [INPUT MONITOR] READ araddr=00000008
UVM_INFO axi4_lite_out_monitor.sv(28) @ 6725: uvm_test_top.env.pa.out_mon [OUTPUT MONITOR] BRESP = 0 RRESP = 0 RDATA = f0a9e511
UVM_INFO axi4_lite_driver.sv(34) @ 6725: uvm_test_top.env.aa.drv [DRV] awaddr = 1d18c04c wdata = 4992bfb4 wstrb = 1 araddr = 00000008
UVM_INFO axi4_lite_scoreboard.sv(68) @ 6725: uvm_test_top.env.scb [RRESP] Matched : exp_rresp=0 actual_rresp =0 write = 0 read = 1
UVM_INFO axi4_lite_scoreboard.sv(72) @ 6725: uvm_test_top.env.scb [RDATA] Matched : exp_rdata=f0a9e511 actual_rdata =f0a9e511
UVM_INFO axi4_lite_subscriber.sv(40) @ 6745: uvm_test_top.env.sb [sb] INPUT COVERAGE = 100.00 %
UVM_INFO axi4_lite_inp_monitor.sv(38) @ 6745: uvm_test_top.env.aa.inp_mon [INPUT MONITOR] READ araddr=00000038
UVM_INFO axi4_lite_out_monitor.sv(28) @ 6755: uvm_test_top.env.pa.out_mon [OUTPUT MONITOR] BRESP = 0 RRESP = 2 RDATA = 00000000
UVM_INFO axi4_lite_driver.sv(34) @ 6755: uvm_test_top.env.aa.drv [DRV] awaddr = 01600114 wdata = 826ea4ce wstrb = 9 araddr = 00000038
UVM_INFO axi4_lite_scoreboard.sv(68) @ 6755: uvm_test_top.env.scb [RRESP] Matched : exp_rresp=2 actual_rresp =2 write = 0 read = 1
UVM_ERROR axi4_lite_scoreboard.sv(74) @ 6755: uvm_test_top.env.scb [RDATA] Mismatched : exp_rdata= f0a9e511 actual_rdata=00000000 
UVM_INFO axi4_lite_subscriber.sv(40) @ 6775: uvm_test_top.env.sb [sb] INPUT COVERAGE = 100.00 %
UVM_INFO axi4_lite_inp_monitor.sv(38) @ 6775: uvm_test_top.env.aa.inp_mon [INPUT MONITOR] READ araddr=00000028
UVM_INFO axi4_lite_out_monitor.sv(28) @ 6785: uvm_test_top.env.pa.out_mon [OUTPUT MONITOR] BRESP = 0 RRESP = 0 RDATA = 00000000
UVM_INFO axi4_lite_driver.sv(34) @ 6785: uvm_test_top.env.aa.drv [DRV] awaddr = a23f64ac wdata = ebf335d5 wstrb = 1 araddr = 00000028
UVM_INFO axi4_lite_scoreboard.sv(68) @ 6785: uvm_test_top.env.scb [RRESP] Matched : exp_rresp=0 actual_rresp =0 write = 0 read = 1
UVM_INFO axi4_lite_scoreboard.sv(72) @ 6785: uvm_test_top.env.scb [RDATA] Matched : exp_rdata=00000000 actual_rdata =00000000
UVM_INFO axi4_lite_subscriber.sv(40) @ 6805: uvm_test_top.env.sb [sb] INPUT COVERAGE = 100.00 %
UVM_INFO axi4_lite_inp_monitor.sv(38) @ 6805: uvm_test_top.env.aa.inp_mon [INPUT MONITOR] READ araddr=0000002c
UVM_INFO axi4_lite_out_monitor.sv(28) @ 6815: uvm_test_top.env.pa.out_mon [OUTPUT MONITOR] BRESP = 0 RRESP = 0 RDATA = 00000000
UVM_INFO axi4_lite_driver.sv(34) @ 6815: uvm_test_top.env.aa.drv [DRV] awaddr = c608e734 wdata = 9eccfdf8 wstrb = 3 araddr = 0000002c
UVM_INFO axi4_lite_scoreboard.sv(68) @ 6815: uvm_test_top.env.scb [RRESP] Matched : exp_rresp=0 actual_rresp =0 write = 0 read = 1
UVM_INFO axi4_lite_scoreboard.sv(72) @ 6815: uvm_test_top.env.scb [RDATA] Matched : exp_rdata=00000000 actual_rdata =00000000
UVM_INFO axi4_lite_subscriber.sv(40) @ 6835: uvm_test_top.env.sb [sb] INPUT COVERAGE = 100.00 %
UVM_INFO axi4_lite_inp_monitor.sv(38) @ 6835: uvm_test_top.env.aa.inp_mon [INPUT MONITOR] READ araddr=00000010
UVM_INFO axi4_lite_out_monitor.sv(28) @ 6845: uvm_test_top.env.pa.out_mon [OUTPUT MONITOR] BRESP = 0 RRESP = 0 RDATA = f3e50000
UVM_INFO axi4_lite_driver.sv(34) @ 6845: uvm_test_top.env.aa.drv [DRV] awaddr = 5dcdb2bc wdata = 889595f2 wstrb = 7 araddr = 00000010
UVM_INFO axi4_lite_scoreboard.sv(68) @ 6845: uvm_test_top.env.scb [RRESP] Matched : exp_rresp=0 actual_rresp =0 write = 0 read = 1
UVM_INFO axi4_lite_scoreboard.sv(72) @ 6845: uvm_test_top.env.scb [RDATA] Matched : exp_rdata=f3e50000 actual_rdata =f3e50000
UVM_INFO axi4_lite_subscriber.sv(40) @ 6865: uvm_test_top.env.sb [sb] INPUT COVERAGE = 100.00 %
UVM_INFO axi4_lite_inp_monitor.sv(38) @ 6865: uvm_test_top.env.aa.inp_mon [INPUT MONITOR] READ araddr=00000028
UVM_INFO axi4_lite_out_monitor.sv(28) @ 6875: uvm_test_top.env.pa.out_mon [OUTPUT MONITOR] BRESP = 0 RRESP = 0 RDATA = 00000000
UVM_INFO axi4_lite_driver.sv(34) @ 6875: uvm_test_top.env.aa.drv [DRV] awaddr = 05bde0d0 wdata = d388a298 wstrb = e araddr = 00000028
UVM_INFO axi4_lite_scoreboard.sv(68) @ 6875: uvm_test_top.env.scb [RRESP] Matched : exp_rresp=0 actual_rresp =0 write = 0 read = 1
UVM_INFO axi4_lite_scoreboard.sv(72) @ 6875: uvm_test_top.env.scb [RDATA] Matched : exp_rdata=00000000 actual_rdata =00000000
UVM_INFO axi4_lite_subscriber.sv(40) @ 6895: uvm_test_top.env.sb [sb] INPUT COVERAGE = 100.00 %
UVM_INFO axi4_lite_inp_monitor.sv(38) @ 6895: uvm_test_top.env.aa.inp_mon [INPUT MONITOR] READ araddr=00000000
UVM_INFO axi4_lite_out_monitor.sv(28) @ 6905: uvm_test_top.env.pa.out_mon [OUTPUT MONITOR] BRESP = 0 RRESP = 0 RDATA = 5918dca8
UVM_INFO axi4_lite_driver.sv(34) @ 6905: uvm_test_top.env.aa.drv [DRV] awaddr = 01308870 wdata = e3b9dfdc wstrb = 3 araddr = 00000000
UVM_INFO axi4_lite_scoreboard.sv(68) @ 6905: uvm_test_top.env.scb [RRESP] Matched : exp_rresp=0 actual_rresp =0 write = 0 read = 1
UVM_INFO axi4_lite_scoreboard.sv(72) @ 6905: uvm_test_top.env.scb [RDATA] Matched : exp_rdata=5918dca8 actual_rdata =5918dca8
UVM_INFO axi4_lite_subscriber.sv(40) @ 6925: uvm_test_top.env.sb [sb] INPUT COVERAGE = 100.00 %
UVM_INFO axi4_lite_inp_monitor.sv(38) @ 6925: uvm_test_top.env.aa.inp_mon [INPUT MONITOR] READ araddr=0000002c
UVM_INFO axi4_lite_out_monitor.sv(28) @ 6935: uvm_test_top.env.pa.out_mon [OUTPUT MONITOR] BRESP = 0 RRESP = 0 RDATA = 00000000
UVM_INFO axi4_lite_driver.sv(34) @ 6935: uvm_test_top.env.aa.drv [DRV] awaddr = fb1fbd80 wdata = b6065952 wstrb = b araddr = 0000002c
UVM_INFO axi4_lite_scoreboard.sv(68) @ 6935: uvm_test_top.env.scb [RRESP] Matched : exp_rresp=0 actual_rresp =0 write = 0 read = 1
UVM_INFO axi4_lite_scoreboard.sv(72) @ 6935: uvm_test_top.env.scb [RDATA] Matched : exp_rdata=00000000 actual_rdata =00000000
UVM_INFO axi4_lite_subscriber.sv(40) @ 6955: uvm_test_top.env.sb [sb] INPUT COVERAGE = 100.00 %
UVM_INFO axi4_lite_inp_monitor.sv(38) @ 6955: uvm_test_top.env.aa.inp_mon [INPUT MONITOR] READ araddr=00000024
UVM_INFO axi4_lite_out_monitor.sv(28) @ 6965: uvm_test_top.env.pa.out_mon [OUTPUT MONITOR] BRESP = 0 RRESP = 0 RDATA = 0e8cf549
UVM_INFO axi4_lite_driver.sv(34) @ 6965: uvm_test_top.env.aa.drv [DRV] awaddr = dd59be70 wdata = 0750e32e wstrb = 0 araddr = 00000024
UVM_INFO axi4_lite_scoreboard.sv(68) @ 6965: uvm_test_top.env.scb [RRESP] Matched : exp_rresp=0 actual_rresp =0 write = 0 read = 1
UVM_INFO axi4_lite_scoreboard.sv(72) @ 6965: uvm_test_top.env.scb [RDATA] Matched : exp_rdata=0e8cf549 actual_rdata =0e8cf549
UVM_INFO axi4_lite_subscriber.sv(40) @ 6985: uvm_test_top.env.sb [sb] INPUT COVERAGE = 100.00 %
UVM_INFO axi4_lite_inp_monitor.sv(38) @ 6985: uvm_test_top.env.aa.inp_mon [INPUT MONITOR] READ araddr=00000010
UVM_INFO axi4_lite_out_monitor.sv(28) @ 6995: uvm_test_top.env.pa.out_mon [OUTPUT MONITOR] BRESP = 0 RRESP = 0 RDATA = f3e50000
UVM_INFO axi4_lite_driver.sv(34) @ 6995: uvm_test_top.env.aa.drv [DRV] awaddr = cf163570 wdata = 4f992b2b wstrb = a araddr = 00000010
UVM_INFO axi4_lite_scoreboard.sv(68) @ 6995: uvm_test_top.env.scb [RRESP] Matched : exp_rresp=0 actual_rresp =0 write = 0 read = 1
UVM_INFO axi4_lite_scoreboard.sv(72) @ 6995: uvm_test_top.env.scb [RDATA] Matched : exp_rdata=f3e50000 actual_rdata =f3e50000
UVM_INFO axi4_lite_subscriber.sv(40) @ 7015: uvm_test_top.env.sb [sb] INPUT COVERAGE = 100.00 %
UVM_INFO axi4_lite_inp_monitor.sv(38) @ 7015: uvm_test_top.env.aa.inp_mon [INPUT MONITOR] READ araddr=0000001c
UVM_INFO axi4_lite_out_monitor.sv(28) @ 7025: uvm_test_top.env.pa.out_mon [OUTPUT MONITOR] BRESP = 0 RRESP = 0 RDATA = 1798c26e
UVM_INFO axi4_lite_driver.sv(34) @ 7025: uvm_test_top.env.aa.drv [DRV] awaddr = 09a43464 wdata = a0acbacc wstrb = 3 araddr = 0000001c
UVM_INFO axi4_lite_scoreboard.sv(68) @ 7025: uvm_test_top.env.scb [RRESP] Matched : exp_rresp=0 actual_rresp =0 write = 0 read = 1
UVM_INFO axi4_lite_scoreboard.sv(72) @ 7025: uvm_test_top.env.scb [RDATA] Matched : exp_rdata=1798c26e actual_rdata =1798c26e
UVM_INFO axi4_lite_subscriber.sv(40) @ 7045: uvm_test_top.env.sb [sb] INPUT COVERAGE = 100.00 %
UVM_INFO axi4_lite_inp_monitor.sv(38) @ 7045: uvm_test_top.env.aa.inp_mon [INPUT MONITOR] READ araddr=00000020
UVM_INFO axi4_lite_out_monitor.sv(28) @ 7055: uvm_test_top.env.pa.out_mon [OUTPUT MONITOR] BRESP = 0 RRESP = 0 RDATA = 0d701b25
UVM_INFO axi4_lite_driver.sv(34) @ 7055: uvm_test_top.env.aa.drv [DRV] awaddr = ed6a3394 wdata = 17434ff6 wstrb = 1 araddr = 00000020
UVM_INFO axi4_lite_scoreboard.sv(68) @ 7055: uvm_test_top.env.scb [RRESP] Matched : exp_rresp=0 actual_rresp =0 write = 0 read = 1
UVM_INFO axi4_lite_scoreboard.sv(72) @ 7055: uvm_test_top.env.scb [RDATA] Matched : exp_rdata=0d701b25 actual_rdata =0d701b25
UVM_INFO axi4_lite_subscriber.sv(40) @ 7075: uvm_test_top.env.sb [sb] INPUT COVERAGE = 100.00 %
UVM_INFO axi4_lite_inp_monitor.sv(38) @ 7075: uvm_test_top.env.aa.inp_mon [INPUT MONITOR] READ araddr=0000000c
UVM_INFO axi4_lite_out_monitor.sv(28) @ 7085: uvm_test_top.env.pa.out_mon [OUTPUT MONITOR] BRESP = 0 RRESP = 0 RDATA = 1f3fb0a2
UVM_INFO axi4_lite_driver.sv(34) @ 7085: uvm_test_top.env.aa.drv [DRV] awaddr = b9500fa4 wdata = 0dc39778 wstrb = 4 araddr = 0000000c
UVM_INFO axi4_lite_scoreboard.sv(68) @ 7085: uvm_test_top.env.scb [RRESP] Matched : exp_rresp=0 actual_rresp =0 write = 0 read = 1
UVM_INFO axi4_lite_scoreboard.sv(72) @ 7085: uvm_test_top.env.scb [RDATA] Matched : exp_rdata=1f3fb0a2 actual_rdata =1f3fb0a2
UVM_INFO axi4_lite_subscriber.sv(40) @ 7105: uvm_test_top.env.sb [sb] INPUT COVERAGE = 100.00 %
UVM_INFO axi4_lite_inp_monitor.sv(38) @ 7105: uvm_test_top.env.aa.inp_mon [INPUT MONITOR] READ araddr=00000014
UVM_INFO axi4_lite_out_monitor.sv(28) @ 7115: uvm_test_top.env.pa.out_mon [OUTPUT MONITOR] BRESP = 0 RRESP = 0 RDATA = b7c58b74
UVM_INFO axi4_lite_driver.sv(34) @ 7115: uvm_test_top.env.aa.drv [DRV] awaddr = b0d3f6c0 wdata = 65c6f573 wstrb = 6 araddr = 00000014
UVM_INFO axi4_lite_scoreboard.sv(68) @ 7115: uvm_test_top.env.scb [RRESP] Matched : exp_rresp=0 actual_rresp =0 write = 0 read = 1
UVM_INFO axi4_lite_scoreboard.sv(72) @ 7115: uvm_test_top.env.scb [RDATA] Matched : exp_rdata=b7c58b74 actual_rdata =b7c58b74
UVM_INFO axi4_lite_subscriber.sv(40) @ 7135: uvm_test_top.env.sb [sb] INPUT COVERAGE = 100.00 %
UVM_INFO axi4_lite_inp_monitor.sv(38) @ 7135: uvm_test_top.env.aa.inp_mon [INPUT MONITOR] READ araddr=00000038
UVM_INFO axi4_lite_out_monitor.sv(28) @ 7145: uvm_test_top.env.pa.out_mon [OUTPUT MONITOR] BRESP = 0 RRESP = 2 RDATA = 00000000
UVM_INFO axi4_lite_driver.sv(34) @ 7145: uvm_test_top.env.aa.drv [DRV] awaddr = 583e17b4 wdata = cf3e2878 wstrb = 2 araddr = 00000038
UVM_INFO axi4_lite_scoreboard.sv(68) @ 7145: uvm_test_top.env.scb [RRESP] Matched : exp_rresp=2 actual_rresp =2 write = 0 read = 1
UVM_ERROR axi4_lite_scoreboard.sv(74) @ 7145: uvm_test_top.env.scb [RDATA] Mismatched : exp_rdata= b7c58b74 actual_rdata=00000000 
UVM_INFO axi4_lite_subscriber.sv(40) @ 7165: uvm_test_top.env.sb [sb] INPUT COVERAGE = 100.00 %
UVM_INFO axi4_lite_inp_monitor.sv(38) @ 7165: uvm_test_top.env.aa.inp_mon [INPUT MONITOR] READ araddr=00000020
UVM_INFO axi4_lite_out_monitor.sv(28) @ 7175: uvm_test_top.env.pa.out_mon [OUTPUT MONITOR] BRESP = 0 RRESP = 0 RDATA = 0d701b25
UVM_INFO axi4_lite_driver.sv(34) @ 7175: uvm_test_top.env.aa.drv [DRV] awaddr = 5d4ed380 wdata = ec3a0c1c wstrb = 5 araddr = 00000020
UVM_INFO axi4_lite_scoreboard.sv(68) @ 7175: uvm_test_top.env.scb [RRESP] Matched : exp_rresp=0 actual_rresp =0 write = 0 read = 1
UVM_INFO axi4_lite_scoreboard.sv(72) @ 7175: uvm_test_top.env.scb [RDATA] Matched : exp_rdata=0d701b25 actual_rdata =0d701b25
UVM_INFO axi4_lite_subscriber.sv(40) @ 7195: uvm_test_top.env.sb [sb] INPUT COVERAGE = 100.00 %
UVM_INFO axi4_lite_inp_monitor.sv(38) @ 7195: uvm_test_top.env.aa.inp_mon [INPUT MONITOR] READ araddr=00000018
UVM_INFO axi4_lite_out_monitor.sv(28) @ 7205: uvm_test_top.env.pa.out_mon [OUTPUT MONITOR] BRESP = 0 RRESP = 0 RDATA = 0d9300da
UVM_INFO axi4_lite_driver.sv(34) @ 7205: uvm_test_top.env.aa.drv [DRV] awaddr = 1ed2aea8 wdata = b9c21bac wstrb = 6 araddr = 00000018
UVM_INFO axi4_lite_scoreboard.sv(68) @ 7205: uvm_test_top.env.scb [RRESP] Matched : exp_rresp=0 actual_rresp =0 write = 0 read = 1
UVM_ERROR axi4_lite_scoreboard.sv(74) @ 7205: uvm_test_top.env.scb [RDATA] Mismatched : exp_rdata= 652f51e9 actual_rdata=0d9300da 
UVM_INFO axi4_lite_subscriber.sv(40) @ 7225: uvm_test_top.env.sb [sb] INPUT COVERAGE = 100.00 %
UVM_INFO axi4_lite_inp_monitor.sv(38) @ 7225: uvm_test_top.env.aa.inp_mon [INPUT MONITOR] READ araddr=00000024
UVM_INFO axi4_lite_out_monitor.sv(28) @ 7235: uvm_test_top.env.pa.out_mon [OUTPUT MONITOR] BRESP = 0 RRESP = 0 RDATA = 0e8cf549
UVM_INFO axi4_lite_driver.sv(34) @ 7235: uvm_test_top.env.aa.drv [DRV] awaddr = 26588d78 wdata = 889890a3 wstrb = e araddr = 00000024
UVM_INFO axi4_lite_scoreboard.sv(68) @ 7235: uvm_test_top.env.scb [RRESP] Matched : exp_rresp=0 actual_rresp =0 write = 0 read = 1
UVM_INFO axi4_lite_scoreboard.sv(72) @ 7235: uvm_test_top.env.scb [RDATA] Matched : exp_rdata=0e8cf549 actual_rdata =0e8cf549
UVM_INFO axi4_lite_subscriber.sv(40) @ 7255: uvm_test_top.env.sb [sb] INPUT COVERAGE = 100.00 %
UVM_INFO axi4_lite_inp_monitor.sv(38) @ 7255: uvm_test_top.env.aa.inp_mon [INPUT MONITOR] READ araddr=0000002c
UVM_INFO axi4_lite_out_monitor.sv(28) @ 7265: uvm_test_top.env.pa.out_mon [OUTPUT MONITOR] BRESP = 0 RRESP = 0 RDATA = 00000000
UVM_INFO axi4_lite_driver.sv(34) @ 7265: uvm_test_top.env.aa.drv [DRV] awaddr = 9c2ed8a4 wdata = 84ac9634 wstrb = 0 araddr = 0000002c
UVM_INFO axi4_lite_scoreboard.sv(68) @ 7265: uvm_test_top.env.scb [RRESP] Matched : exp_rresp=0 actual_rresp =0 write = 0 read = 1
UVM_INFO axi4_lite_scoreboard.sv(72) @ 7265: uvm_test_top.env.scb [RDATA] Matched : exp_rdata=00000000 actual_rdata =00000000
UVM_INFO axi4_lite_subscriber.sv(40) @ 7285: uvm_test_top.env.sb [sb] INPUT COVERAGE = 100.00 %
UVM_INFO axi4_lite_inp_monitor.sv(38) @ 7285: uvm_test_top.env.aa.inp_mon [INPUT MONITOR] READ araddr=00000000
UVM_INFO axi4_lite_out_monitor.sv(28) @ 7295: uvm_test_top.env.pa.out_mon [OUTPUT MONITOR] BRESP = 0 RRESP = 0 RDATA = 5918dca8
UVM_INFO axi4_lite_driver.sv(34) @ 7295: uvm_test_top.env.aa.drv [DRV] awaddr = 2df5515c wdata = 8dcd2a48 wstrb = e araddr = 00000000
UVM_INFO axi4_lite_scoreboard.sv(68) @ 7295: uvm_test_top.env.scb [RRESP] Matched : exp_rresp=0 actual_rresp =0 write = 0 read = 1
UVM_INFO axi4_lite_scoreboard.sv(72) @ 7295: uvm_test_top.env.scb [RDATA] Matched : exp_rdata=5918dca8 actual_rdata =5918dca8
UVM_INFO axi4_lite_subscriber.sv(40) @ 7315: uvm_test_top.env.sb [sb] INPUT COVERAGE = 100.00 %
UVM_INFO axi4_lite_inp_monitor.sv(38) @ 7315: uvm_test_top.env.aa.inp_mon [INPUT MONITOR] READ araddr=00000000
UVM_INFO axi4_lite_out_monitor.sv(28) @ 7325: uvm_test_top.env.pa.out_mon [OUTPUT MONITOR] BRESP = 0 RRESP = 0 RDATA = 5918dca8
UVM_INFO axi4_lite_driver.sv(34) @ 7325: uvm_test_top.env.aa.drv [DRV] awaddr = 7d78cbf4 wdata = 9ada561e wstrb = 8 araddr = 00000000
UVM_INFO axi4_lite_scoreboard.sv(68) @ 7325: uvm_test_top.env.scb [RRESP] Matched : exp_rresp=0 actual_rresp =0 write = 0 read = 1
UVM_INFO axi4_lite_scoreboard.sv(72) @ 7325: uvm_test_top.env.scb [RDATA] Matched : exp_rdata=5918dca8 actual_rdata =5918dca8
UVM_INFO axi4_lite_subscriber.sv(40) @ 7345: uvm_test_top.env.sb [sb] INPUT COVERAGE = 100.00 %
UVM_INFO axi4_lite_inp_monitor.sv(38) @ 7345: uvm_test_top.env.aa.inp_mon [INPUT MONITOR] READ araddr=00000018
UVM_INFO axi4_lite_out_monitor.sv(28) @ 7355: uvm_test_top.env.pa.out_mon [OUTPUT MONITOR] BRESP = 0 RRESP = 0 RDATA = 0d9300da
UVM_INFO axi4_lite_driver.sv(34) @ 7355: uvm_test_top.env.aa.drv [DRV] awaddr = d6f5f358 wdata = da528d74 wstrb = a araddr = 00000018
UVM_INFO axi4_lite_scoreboard.sv(68) @ 7355: uvm_test_top.env.scb [RRESP] Matched : exp_rresp=0 actual_rresp =0 write = 0 read = 1
UVM_ERROR axi4_lite_scoreboard.sv(74) @ 7355: uvm_test_top.env.scb [RDATA] Mismatched : exp_rdata= 652f51e9 actual_rdata=0d9300da 
UVM_INFO axi4_lite_subscriber.sv(40) @ 7375: uvm_test_top.env.sb [sb] INPUT COVERAGE = 100.00 %
UVM_INFO axi4_lite_inp_monitor.sv(38) @ 7375: uvm_test_top.env.aa.inp_mon [INPUT MONITOR] READ araddr=00000024
UVM_INFO axi4_lite_out_monitor.sv(28) @ 7385: uvm_test_top.env.pa.out_mon [OUTPUT MONITOR] BRESP = 0 RRESP = 0 RDATA = 0e8cf549
UVM_INFO axi4_lite_driver.sv(34) @ 7385: uvm_test_top.env.aa.drv [DRV] awaddr = 39dca37c wdata = fd6e6e2f wstrb = c araddr = 00000024
UVM_INFO axi4_lite_scoreboard.sv(68) @ 7385: uvm_test_top.env.scb [RRESP] Matched : exp_rresp=0 actual_rresp =0 write = 0 read = 1
UVM_INFO axi4_lite_scoreboard.sv(72) @ 7385: uvm_test_top.env.scb [RDATA] Matched : exp_rdata=0e8cf549 actual_rdata =0e8cf549
UVM_INFO axi4_lite_subscriber.sv(40) @ 7405: uvm_test_top.env.sb [sb] INPUT COVERAGE = 100.00 %
UVM_INFO axi4_lite_inp_monitor.sv(38) @ 7405: uvm_test_top.env.aa.inp_mon [INPUT MONITOR] READ araddr=0000001c
UVM_INFO axi4_lite_out_monitor.sv(28) @ 7415: uvm_test_top.env.pa.out_mon [OUTPUT MONITOR] BRESP = 0 RRESP = 0 RDATA = 1798c26e
UVM_INFO axi4_lite_driver.sv(34) @ 7415: uvm_test_top.env.aa.drv [DRV] awaddr = 205f69c0 wdata = bb62fb48 wstrb = 8 araddr = 0000001c
UVM_INFO axi4_lite_scoreboard.sv(68) @ 7415: uvm_test_top.env.scb [RRESP] Matched : exp_rresp=0 actual_rresp =0 write = 0 read = 1
UVM_INFO axi4_lite_scoreboard.sv(72) @ 7415: uvm_test_top.env.scb [RDATA] Matched : exp_rdata=1798c26e actual_rdata =1798c26e
UVM_INFO axi4_lite_subscriber.sv(40) @ 7435: uvm_test_top.env.sb [sb] INPUT COVERAGE = 100.00 %
UVM_INFO axi4_lite_inp_monitor.sv(38) @ 7435: uvm_test_top.env.aa.inp_mon [INPUT MONITOR] READ araddr=00000000
UVM_INFO axi4_lite_out_monitor.sv(28) @ 7445: uvm_test_top.env.pa.out_mon [OUTPUT MONITOR] BRESP = 0 RRESP = 0 RDATA = 5918dca8
UVM_INFO axi4_lite_driver.sv(34) @ 7445: uvm_test_top.env.aa.drv [DRV] awaddr = 0fce28dc wdata = d4beb75d wstrb = 7 araddr = 00000000
UVM_INFO axi4_lite_scoreboard.sv(68) @ 7445: uvm_test_top.env.scb [RRESP] Matched : exp_rresp=0 actual_rresp =0 write = 0 read = 1
UVM_INFO axi4_lite_scoreboard.sv(72) @ 7445: uvm_test_top.env.scb [RDATA] Matched : exp_rdata=5918dca8 actual_rdata =5918dca8
UVM_INFO axi4_lite_subscriber.sv(40) @ 7465: uvm_test_top.env.sb [sb] INPUT COVERAGE = 100.00 %
UVM_INFO axi4_lite_inp_monitor.sv(38) @ 7465: uvm_test_top.env.aa.inp_mon [INPUT MONITOR] READ araddr=0000002c
UVM_INFO axi4_lite_out_monitor.sv(28) @ 7475: uvm_test_top.env.pa.out_mon [OUTPUT MONITOR] BRESP = 0 RRESP = 0 RDATA = 00000000
UVM_INFO axi4_lite_driver.sv(34) @ 7475: uvm_test_top.env.aa.drv [DRV] awaddr = 82618484 wdata = 76b12364 wstrb = e araddr = 0000002c
UVM_INFO axi4_lite_scoreboard.sv(68) @ 7475: uvm_test_top.env.scb [RRESP] Matched : exp_rresp=0 actual_rresp =0 write = 0 read = 1
UVM_INFO axi4_lite_scoreboard.sv(72) @ 7475: uvm_test_top.env.scb [RDATA] Matched : exp_rdata=00000000 actual_rdata =00000000
UVM_INFO axi4_lite_subscriber.sv(40) @ 7495: uvm_test_top.env.sb [sb] INPUT COVERAGE = 100.00 %
UVM_INFO axi4_lite_inp_monitor.sv(38) @ 7495: uvm_test_top.env.aa.inp_mon [INPUT MONITOR] READ araddr=00000008
UVM_INFO axi4_lite_out_monitor.sv(28) @ 7505: uvm_test_top.env.pa.out_mon [OUTPUT MONITOR] BRESP = 0 RRESP = 0 RDATA = f0a9e511
UVM_INFO axi4_lite_driver.sv(34) @ 7505: uvm_test_top.env.aa.drv [DRV] awaddr = b992508c wdata = 6ff0a00c wstrb = c araddr = 00000008
UVM_INFO axi4_lite_scoreboard.sv(68) @ 7505: uvm_test_top.env.scb [RRESP] Matched : exp_rresp=0 actual_rresp =0 write = 0 read = 1
UVM_INFO axi4_lite_scoreboard.sv(72) @ 7505: uvm_test_top.env.scb [RDATA] Matched : exp_rdata=f0a9e511 actual_rdata =f0a9e511
UVM_INFO axi4_lite_subscriber.sv(40) @ 7525: uvm_test_top.env.sb [sb] INPUT COVERAGE = 100.00 %
UVM_INFO axi4_lite_inp_monitor.sv(38) @ 7525: uvm_test_top.env.aa.inp_mon [INPUT MONITOR] READ araddr=00000028
UVM_INFO axi4_lite_out_monitor.sv(28) @ 7535: uvm_test_top.env.pa.out_mon [OUTPUT MONITOR] BRESP = 0 RRESP = 0 RDATA = 00000000
UVM_INFO axi4_lite_driver.sv(34) @ 7535: uvm_test_top.env.aa.drv [DRV] awaddr = 1d613b54 wdata = 08593011 wstrb = 8 araddr = 00000028
UVM_INFO axi4_lite_scoreboard.sv(68) @ 7535: uvm_test_top.env.scb [RRESP] Matched : exp_rresp=0 actual_rresp =0 write = 0 read = 1
UVM_INFO axi4_lite_scoreboard.sv(72) @ 7535: uvm_test_top.env.scb [RDATA] Matched : exp_rdata=00000000 actual_rdata =00000000
UVM_INFO axi4_lite_subscriber.sv(40) @ 7555: uvm_test_top.env.sb [sb] INPUT COVERAGE = 100.00 %
UVM_INFO axi4_lite_inp_monitor.sv(38) @ 7555: uvm_test_top.env.aa.inp_mon [INPUT MONITOR] READ araddr=00000038
UVM_INFO axi4_lite_out_monitor.sv(28) @ 7565: uvm_test_top.env.pa.out_mon [OUTPUT MONITOR] BRESP = 0 RRESP = 2 RDATA = 00000000
UVM_INFO axi4_lite_driver.sv(34) @ 7565: uvm_test_top.env.aa.drv [DRV] awaddr = f1b2d6b8 wdata = 442ec0fe wstrb = 6 araddr = 00000038
UVM_INFO axi4_lite_scoreboard.sv(68) @ 7565: uvm_test_top.env.scb [RRESP] Matched : exp_rresp=2 actual_rresp =2 write = 0 read = 1
UVM_INFO axi4_lite_scoreboard.sv(72) @ 7565: uvm_test_top.env.scb [RDATA] Matched : exp_rdata=00000000 actual_rdata =00000000
UVM_INFO axi4_lite_subscriber.sv(40) @ 7585: uvm_test_top.env.sb [sb] INPUT COVERAGE = 100.00 %
UVM_INFO axi4_lite_inp_monitor.sv(38) @ 7585: uvm_test_top.env.aa.inp_mon [INPUT MONITOR] READ araddr=00000038
UVM_INFO axi4_lite_out_monitor.sv(28) @ 7595: uvm_test_top.env.pa.out_mon [OUTPUT MONITOR] BRESP = 0 RRESP = 2 RDATA = 00000000
UVM_INFO axi4_lite_driver.sv(34) @ 7595: uvm_test_top.env.aa.drv [DRV] awaddr = c0f9183c wdata = 6a5e82eb wstrb = a araddr = 00000038
UVM_INFO axi4_lite_scoreboard.sv(68) @ 7595: uvm_test_top.env.scb [RRESP] Matched : exp_rresp=2 actual_rresp =2 write = 0 read = 1
UVM_INFO axi4_lite_scoreboard.sv(72) @ 7595: uvm_test_top.env.scb [RDATA] Matched : exp_rdata=00000000 actual_rdata =00000000
UVM_INFO axi4_lite_subscriber.sv(40) @ 7615: uvm_test_top.env.sb [sb] INPUT COVERAGE = 100.00 %
UVM_INFO axi4_lite_inp_monitor.sv(38) @ 7615: uvm_test_top.env.aa.inp_mon [INPUT MONITOR] READ araddr=00000034
UVM_INFO axi4_lite_out_monitor.sv(28) @ 7625: uvm_test_top.env.pa.out_mon [OUTPUT MONITOR] BRESP = 0 RRESP = 2 RDATA = 00000000
UVM_INFO axi4_lite_driver.sv(34) @ 7625: uvm_test_top.env.aa.drv [DRV] awaddr = e7fc75fc wdata = 2cae36c6 wstrb = f araddr = 00000034
UVM_INFO axi4_lite_scoreboard.sv(68) @ 7625: uvm_test_top.env.scb [RRESP] Matched : exp_rresp=2 actual_rresp =2 write = 0 read = 1
UVM_INFO axi4_lite_scoreboard.sv(72) @ 7625: uvm_test_top.env.scb [RDATA] Matched : exp_rdata=00000000 actual_rdata =00000000
UVM_INFO axi4_lite_subscriber.sv(40) @ 7645: uvm_test_top.env.sb [sb] INPUT COVERAGE = 100.00 %
UVM_INFO axi4_lite_inp_monitor.sv(38) @ 7645: uvm_test_top.env.aa.inp_mon [INPUT MONITOR] READ araddr=00000020
UVM_INFO axi4_lite_out_monitor.sv(28) @ 7655: uvm_test_top.env.pa.out_mon [OUTPUT MONITOR] BRESP = 0 RRESP = 0 RDATA = 0d701b25
UVM_INFO axi4_lite_driver.sv(34) @ 7655: uvm_test_top.env.aa.drv [DRV] awaddr = d1a929b4 wdata = 53d184b6 wstrb = a araddr = 00000020
UVM_INFO axi4_lite_scoreboard.sv(68) @ 7655: uvm_test_top.env.scb [RRESP] Matched : exp_rresp=0 actual_rresp =0 write = 0 read = 1
UVM_INFO axi4_lite_scoreboard.sv(72) @ 7655: uvm_test_top.env.scb [RDATA] Matched : exp_rdata=0d701b25 actual_rdata =0d701b25
UVM_INFO axi4_lite_subscriber.sv(40) @ 7675: uvm_test_top.env.sb [sb] INPUT COVERAGE = 100.00 %
UVM_INFO axi4_lite_inp_monitor.sv(38) @ 7675: uvm_test_top.env.aa.inp_mon [INPUT MONITOR] READ araddr=00000034
UVM_INFO axi4_lite_out_monitor.sv(28) @ 7685: uvm_test_top.env.pa.out_mon [OUTPUT MONITOR] BRESP = 0 RRESP = 2 RDATA = 00000000
UVM_INFO axi4_lite_driver.sv(34) @ 7685: uvm_test_top.env.aa.drv [DRV] awaddr = 8920f434 wdata = d1b4efbe wstrb = 0 araddr = 00000034
UVM_INFO axi4_lite_scoreboard.sv(68) @ 7685: uvm_test_top.env.scb [RRESP] Matched : exp_rresp=2 actual_rresp =2 write = 0 read = 1
UVM_ERROR axi4_lite_scoreboard.sv(74) @ 7685: uvm_test_top.env.scb [RDATA] Mismatched : exp_rdata= 0d701b25 actual_rdata=00000000 
UVM_INFO axi4_lite_subscriber.sv(40) @ 7705: uvm_test_top.env.sb [sb] INPUT COVERAGE = 100.00 %
UVM_INFO axi4_lite_inp_monitor.sv(38) @ 7705: uvm_test_top.env.aa.inp_mon [INPUT MONITOR] READ araddr=00000038
UVM_INFO axi4_lite_out_monitor.sv(28) @ 7715: uvm_test_top.env.pa.out_mon [OUTPUT MONITOR] BRESP = 0 RRESP = 2 RDATA = 00000000
UVM_INFO axi4_lite_driver.sv(34) @ 7715: uvm_test_top.env.aa.drv [DRV] awaddr = 4f599a98 wdata = 151ee901 wstrb = c araddr = 00000038
UVM_INFO axi4_lite_scoreboard.sv(68) @ 7715: uvm_test_top.env.scb [RRESP] Matched : exp_rresp=2 actual_rresp =2 write = 0 read = 1
UVM_ERROR axi4_lite_scoreboard.sv(74) @ 7715: uvm_test_top.env.scb [RDATA] Mismatched : exp_rdata= 0d701b25 actual_rdata=00000000 
UVM_INFO axi4_lite_subscriber.sv(40) @ 7735: uvm_test_top.env.sb [sb] INPUT COVERAGE = 100.00 %
UVM_INFO axi4_lite_inp_monitor.sv(38) @ 7735: uvm_test_top.env.aa.inp_mon [INPUT MONITOR] READ araddr=0000001c
UVM_INFO axi4_lite_out_monitor.sv(28) @ 7745: uvm_test_top.env.pa.out_mon [OUTPUT MONITOR] BRESP = 0 RRESP = 0 RDATA = 1798c26e
UVM_INFO axi4_lite_driver.sv(34) @ 7745: uvm_test_top.env.aa.drv [DRV] awaddr = a647d264 wdata = f6953509 wstrb = c araddr = 0000001c
UVM_INFO axi4_lite_scoreboard.sv(68) @ 7745: uvm_test_top.env.scb [RRESP] Matched : exp_rresp=0 actual_rresp =0 write = 0 read = 1
UVM_INFO axi4_lite_scoreboard.sv(72) @ 7745: uvm_test_top.env.scb [RDATA] Matched : exp_rdata=1798c26e actual_rdata =1798c26e
UVM_INFO axi4_lite_subscriber.sv(40) @ 7765: uvm_test_top.env.sb [sb] INPUT COVERAGE = 100.00 %
UVM_INFO axi4_lite_inp_monitor.sv(38) @ 7765: uvm_test_top.env.aa.inp_mon [INPUT MONITOR] READ araddr=00000020
UVM_INFO axi4_lite_out_monitor.sv(28) @ 7775: uvm_test_top.env.pa.out_mon [OUTPUT MONITOR] BRESP = 0 RRESP = 0 RDATA = 0d701b25
UVM_INFO axi4_lite_driver.sv(34) @ 7775: uvm_test_top.env.aa.drv [DRV] awaddr = 82abbde4 wdata = f9b9da5f wstrb = 5 araddr = 00000020
UVM_INFO axi4_lite_scoreboard.sv(68) @ 7775: uvm_test_top.env.scb [RRESP] Matched : exp_rresp=0 actual_rresp =0 write = 0 read = 1
UVM_INFO axi4_lite_scoreboard.sv(72) @ 7775: uvm_test_top.env.scb [RDATA] Matched : exp_rdata=0d701b25 actual_rdata =0d701b25
UVM_INFO axi4_lite_subscriber.sv(40) @ 7795: uvm_test_top.env.sb [sb] INPUT COVERAGE = 100.00 %
UVM_INFO axi4_lite_inp_monitor.sv(38) @ 7795: uvm_test_top.env.aa.inp_mon [INPUT MONITOR] READ araddr=00000000
UVM_INFO axi4_lite_out_monitor.sv(28) @ 7805: uvm_test_top.env.pa.out_mon [OUTPUT MONITOR] BRESP = 0 RRESP = 0 RDATA = 5918dca8
UVM_INFO axi4_lite_driver.sv(34) @ 7805: uvm_test_top.env.aa.drv [DRV] awaddr = cb419a50 wdata = 474675b7 wstrb = c araddr = 00000000
UVM_INFO axi4_lite_scoreboard.sv(68) @ 7805: uvm_test_top.env.scb [RRESP] Matched : exp_rresp=0 actual_rresp =0 write = 0 read = 1
UVM_INFO axi4_lite_scoreboard.sv(72) @ 7805: uvm_test_top.env.scb [RDATA] Matched : exp_rdata=5918dca8 actual_rdata =5918dca8
UVM_INFO axi4_lite_subscriber.sv(40) @ 7825: uvm_test_top.env.sb [sb] INPUT COVERAGE = 100.00 %
UVM_INFO axi4_lite_inp_monitor.sv(38) @ 7825: uvm_test_top.env.aa.inp_mon [INPUT MONITOR] READ araddr=00000024
UVM_INFO axi4_lite_out_monitor.sv(28) @ 7835: uvm_test_top.env.pa.out_mon [OUTPUT MONITOR] BRESP = 0 RRESP = 0 RDATA = 0e8cf549
UVM_INFO axi4_lite_driver.sv(34) @ 7835: uvm_test_top.env.aa.drv [DRV] awaddr = 60fee3f8 wdata = a378d158 wstrb = 2 araddr = 00000024
UVM_INFO axi4_lite_scoreboard.sv(68) @ 7835: uvm_test_top.env.scb [RRESP] Matched : exp_rresp=0 actual_rresp =0 write = 0 read = 1
UVM_INFO axi4_lite_scoreboard.sv(72) @ 7835: uvm_test_top.env.scb [RDATA] Matched : exp_rdata=0e8cf549 actual_rdata =0e8cf549
UVM_INFO axi4_lite_subscriber.sv(40) @ 7855: uvm_test_top.env.sb [sb] INPUT COVERAGE = 100.00 %
UVM_INFO axi4_lite_inp_monitor.sv(38) @ 7855: uvm_test_top.env.aa.inp_mon [INPUT MONITOR] READ araddr=00000014
UVM_INFO axi4_lite_out_monitor.sv(28) @ 7865: uvm_test_top.env.pa.out_mon [OUTPUT MONITOR] BRESP = 0 RRESP = 0 RDATA = b7c58b74
UVM_INFO axi4_lite_driver.sv(34) @ 7865: uvm_test_top.env.aa.drv [DRV] awaddr = b48a491c wdata = 5fa94ab7 wstrb = d araddr = 00000014
UVM_INFO axi4_lite_scoreboard.sv(68) @ 7865: uvm_test_top.env.scb [RRESP] Matched : exp_rresp=0 actual_rresp =0 write = 0 read = 1
UVM_INFO axi4_lite_scoreboard.sv(72) @ 7865: uvm_test_top.env.scb [RDATA] Matched : exp_rdata=b7c58b74 actual_rdata =b7c58b74
UVM_INFO axi4_lite_subscriber.sv(40) @ 7885: uvm_test_top.env.sb [sb] INPUT COVERAGE = 100.00 %
UVM_INFO axi4_lite_inp_monitor.sv(38) @ 7885: uvm_test_top.env.aa.inp_mon [INPUT MONITOR] READ araddr=00000030
UVM_INFO axi4_lite_out_monitor.sv(28) @ 7895: uvm_test_top.env.pa.out_mon [OUTPUT MONITOR] BRESP = 0 RRESP = 0 RDATA = 00000000
UVM_INFO axi4_lite_driver.sv(34) @ 7895: uvm_test_top.env.aa.drv [DRV] awaddr = cd6a3528 wdata = 56de8539 wstrb = 9 araddr = 00000030
UVM_INFO axi4_lite_scoreboard.sv(68) @ 7895: uvm_test_top.env.scb [RRESP] Matched : exp_rresp=0 actual_rresp =0 write = 0 read = 1
UVM_INFO axi4_lite_scoreboard.sv(72) @ 7895: uvm_test_top.env.scb [RDATA] Matched : exp_rdata=00000000 actual_rdata =00000000
UVM_INFO axi4_lite_subscriber.sv(40) @ 7915: uvm_test_top.env.sb [sb] INPUT COVERAGE = 100.00 %
UVM_INFO axi4_lite_inp_monitor.sv(38) @ 7915: uvm_test_top.env.aa.inp_mon [INPUT MONITOR] READ araddr=00000030
UVM_INFO axi4_lite_out_monitor.sv(28) @ 7925: uvm_test_top.env.pa.out_mon [OUTPUT MONITOR] BRESP = 0 RRESP = 0 RDATA = 00000000
UVM_INFO axi4_lite_driver.sv(34) @ 7925: uvm_test_top.env.aa.drv [DRV] awaddr = 0248f708 wdata = 2d83d5b6 wstrb = 8 araddr = 00000030
UVM_INFO axi4_lite_scoreboard.sv(68) @ 7925: uvm_test_top.env.scb [RRESP] Matched : exp_rresp=0 actual_rresp =0 write = 0 read = 1
UVM_INFO axi4_lite_scoreboard.sv(72) @ 7925: uvm_test_top.env.scb [RDATA] Matched : exp_rdata=00000000 actual_rdata =00000000
UVM_INFO axi4_lite_subscriber.sv(40) @ 7945: uvm_test_top.env.sb [sb] INPUT COVERAGE = 100.00 %
UVM_INFO axi4_lite_inp_monitor.sv(38) @ 7945: uvm_test_top.env.aa.inp_mon [INPUT MONITOR] READ araddr=00000034
UVM_INFO axi4_lite_out_monitor.sv(28) @ 7955: uvm_test_top.env.pa.out_mon [OUTPUT MONITOR] BRESP = 0 RRESP = 2 RDATA = 00000000
UVM_INFO axi4_lite_driver.sv(34) @ 7955: uvm_test_top.env.aa.drv [DRV] awaddr = bbb96548 wdata = b94a7929 wstrb = c araddr = 00000034
UVM_INFO axi4_lite_scoreboard.sv(68) @ 7955: uvm_test_top.env.scb [RRESP] Matched : exp_rresp=2 actual_rresp =2 write = 0 read = 1
UVM_INFO axi4_lite_scoreboard.sv(72) @ 7955: uvm_test_top.env.scb [RDATA] Matched : exp_rdata=00000000 actual_rdata =00000000
UVM_INFO axi4_lite_subscriber.sv(40) @ 7975: uvm_test_top.env.sb [sb] INPUT COVERAGE = 100.00 %
UVM_INFO axi4_lite_inp_monitor.sv(38) @ 7975: uvm_test_top.env.aa.inp_mon [INPUT MONITOR] READ araddr=00000000
UVM_INFO axi4_lite_out_monitor.sv(28) @ 7985: uvm_test_top.env.pa.out_mon [OUTPUT MONITOR] BRESP = 0 RRESP = 0 RDATA = 5918dca8
UVM_INFO axi4_lite_driver.sv(34) @ 7985: uvm_test_top.env.aa.drv [DRV] awaddr = cdd05b8c wdata = 3be944e7 wstrb = 6 araddr = 00000000
UVM_INFO axi4_lite_scoreboard.sv(68) @ 7985: uvm_test_top.env.scb [RRESP] Matched : exp_rresp=0 actual_rresp =0 write = 0 read = 1
UVM_INFO axi4_lite_scoreboard.sv(72) @ 7985: uvm_test_top.env.scb [RDATA] Matched : exp_rdata=5918dca8 actual_rdata =5918dca8
UVM_INFO axi4_lite_subscriber.sv(40) @ 8005: uvm_test_top.env.sb [sb] INPUT COVERAGE = 100.00 %
UVM_INFO axi4_lite_inp_monitor.sv(38) @ 8005: uvm_test_top.env.aa.inp_mon [INPUT MONITOR] READ araddr=0000002c
UVM_INFO axi4_lite_out_monitor.sv(28) @ 8015: uvm_test_top.env.pa.out_mon [OUTPUT MONITOR] BRESP = 0 RRESP = 0 RDATA = 00000000
UVM_INFO axi4_lite_driver.sv(34) @ 8015: uvm_test_top.env.aa.drv [DRV] awaddr = 7ad35bf0 wdata = 61af652b wstrb = e araddr = 0000002c
UVM_INFO axi4_lite_scoreboard.sv(68) @ 8015: uvm_test_top.env.scb [RRESP] Matched : exp_rresp=0 actual_rresp =0 write = 0 read = 1
UVM_INFO axi4_lite_scoreboard.sv(72) @ 8015: uvm_test_top.env.scb [RDATA] Matched : exp_rdata=00000000 actual_rdata =00000000
UVM_INFO axi4_lite_subscriber.sv(40) @ 8035: uvm_test_top.env.sb [sb] INPUT COVERAGE = 100.00 %
UVM_INFO axi4_lite_inp_monitor.sv(38) @ 8035: uvm_test_top.env.aa.inp_mon [INPUT MONITOR] READ araddr=00000020
UVM_INFO axi4_lite_out_monitor.sv(28) @ 8045: uvm_test_top.env.pa.out_mon [OUTPUT MONITOR] BRESP = 0 RRESP = 0 RDATA = 0d701b25
UVM_INFO axi4_lite_driver.sv(34) @ 8045: uvm_test_top.env.aa.drv [DRV] awaddr = fcfe6710 wdata = 99803236 wstrb = 4 araddr = 00000020
UVM_INFO axi4_lite_scoreboard.sv(68) @ 8045: uvm_test_top.env.scb [RRESP] Matched : exp_rresp=0 actual_rresp =0 write = 0 read = 1
UVM_INFO axi4_lite_scoreboard.sv(72) @ 8045: uvm_test_top.env.scb [RDATA] Matched : exp_rdata=0d701b25 actual_rdata =0d701b25
UVM_INFO axi4_lite_subscriber.sv(40) @ 8065: uvm_test_top.env.sb [sb] INPUT COVERAGE = 100.00 %
UVM_INFO axi4_lite_inp_monitor.sv(38) @ 8065: uvm_test_top.env.aa.inp_mon [INPUT MONITOR] READ araddr=00000034
UVM_INFO axi4_lite_out_monitor.sv(28) @ 8075: uvm_test_top.env.pa.out_mon [OUTPUT MONITOR] BRESP = 0 RRESP = 2 RDATA = 00000000
UVM_INFO axi4_lite_driver.sv(34) @ 8075: uvm_test_top.env.aa.drv [DRV] awaddr = 212ae208 wdata = 2209aa3e wstrb = 0 araddr = 00000034
UVM_INFO axi4_lite_scoreboard.sv(68) @ 8075: uvm_test_top.env.scb [RRESP] Matched : exp_rresp=2 actual_rresp =2 write = 0 read = 1
UVM_ERROR axi4_lite_scoreboard.sv(74) @ 8075: uvm_test_top.env.scb [RDATA] Mismatched : exp_rdata= 0d701b25 actual_rdata=00000000 
UVM_INFO axi4_lite_subscriber.sv(40) @ 8095: uvm_test_top.env.sb [sb] INPUT COVERAGE = 100.00 %
UVM_INFO axi4_lite_inp_monitor.sv(38) @ 8095: uvm_test_top.env.aa.inp_mon [INPUT MONITOR] READ araddr=00000004
UVM_INFO axi4_lite_out_monitor.sv(28) @ 8105: uvm_test_top.env.pa.out_mon [OUTPUT MONITOR] BRESP = 0 RRESP = 0 RDATA = 45939a1b
UVM_INFO axi4_lite_driver.sv(34) @ 8105: uvm_test_top.env.aa.drv [DRV] awaddr = b69720b8 wdata = 837f1fa3 wstrb = 3 araddr = 00000004
UVM_INFO axi4_lite_scoreboard.sv(68) @ 8105: uvm_test_top.env.scb [RRESP] Matched : exp_rresp=0 actual_rresp =0 write = 0 read = 1
UVM_INFO axi4_lite_scoreboard.sv(72) @ 8105: uvm_test_top.env.scb [RDATA] Matched : exp_rdata=45939a1b actual_rdata =45939a1b
UVM_INFO axi4_lite_subscriber.sv(40) @ 8125: uvm_test_top.env.sb [sb] INPUT COVERAGE = 100.00 %
UVM_INFO axi4_lite_inp_monitor.sv(38) @ 8125: uvm_test_top.env.aa.inp_mon [INPUT MONITOR] READ araddr=0000002c
UVM_INFO axi4_lite_out_monitor.sv(28) @ 8135: uvm_test_top.env.pa.out_mon [OUTPUT MONITOR] BRESP = 0 RRESP = 0 RDATA = 00000000
UVM_INFO axi4_lite_driver.sv(34) @ 8135: uvm_test_top.env.aa.drv [DRV] awaddr = 15f519f8 wdata = 9f837037 wstrb = e araddr = 0000002c
UVM_INFO axi4_lite_scoreboard.sv(68) @ 8135: uvm_test_top.env.scb [RRESP] Matched : exp_rresp=0 actual_rresp =0 write = 0 read = 1
UVM_INFO axi4_lite_scoreboard.sv(72) @ 8135: uvm_test_top.env.scb [RDATA] Matched : exp_rdata=00000000 actual_rdata =00000000
UVM_INFO axi4_lite_subscriber.sv(40) @ 8155: uvm_test_top.env.sb [sb] INPUT COVERAGE = 100.00 %
UVM_INFO axi4_lite_inp_monitor.sv(38) @ 8155: uvm_test_top.env.aa.inp_mon [INPUT MONITOR] READ araddr=0000002c
UVM_INFO axi4_lite_out_monitor.sv(28) @ 8165: uvm_test_top.env.pa.out_mon [OUTPUT MONITOR] BRESP = 0 RRESP = 0 RDATA = 00000000
UVM_INFO axi4_lite_driver.sv(34) @ 8165: uvm_test_top.env.aa.drv [DRV] awaddr = 7eda5df4 wdata = ca49503d wstrb = f araddr = 0000002c
UVM_INFO axi4_lite_scoreboard.sv(68) @ 8165: uvm_test_top.env.scb [RRESP] Matched : exp_rresp=0 actual_rresp =0 write = 0 read = 1
UVM_INFO axi4_lite_scoreboard.sv(72) @ 8165: uvm_test_top.env.scb [RDATA] Matched : exp_rdata=00000000 actual_rdata =00000000
UVM_INFO axi4_lite_subscriber.sv(40) @ 8185: uvm_test_top.env.sb [sb] INPUT COVERAGE = 100.00 %
UVM_INFO axi4_lite_inp_monitor.sv(38) @ 8185: uvm_test_top.env.aa.inp_mon [INPUT MONITOR] READ araddr=0000000c
UVM_INFO axi4_lite_out_monitor.sv(28) @ 8195: uvm_test_top.env.pa.out_mon [OUTPUT MONITOR] BRESP = 0 RRESP = 0 RDATA = 1f3fb0a2
UVM_INFO axi4_lite_driver.sv(34) @ 8195: uvm_test_top.env.aa.drv [DRV] awaddr = 1d1feb64 wdata = 53687021 wstrb = 5 araddr = 0000000c
UVM_INFO axi4_lite_scoreboard.sv(68) @ 8195: uvm_test_top.env.scb [RRESP] Matched : exp_rresp=0 actual_rresp =0 write = 0 read = 1
UVM_INFO axi4_lite_scoreboard.sv(72) @ 8195: uvm_test_top.env.scb [RDATA] Matched : exp_rdata=1f3fb0a2 actual_rdata =1f3fb0a2
UVM_INFO axi4_lite_subscriber.sv(40) @ 8215: uvm_test_top.env.sb [sb] INPUT COVERAGE = 100.00 %
UVM_INFO axi4_lite_inp_monitor.sv(38) @ 8215: uvm_test_top.env.aa.inp_mon [INPUT MONITOR] READ araddr=0000000c
UVM_INFO axi4_lite_out_monitor.sv(28) @ 8225: uvm_test_top.env.pa.out_mon [OUTPUT MONITOR] BRESP = 0 RRESP = 0 RDATA = 1f3fb0a2
UVM_INFO axi4_lite_driver.sv(34) @ 8225: uvm_test_top.env.aa.drv [DRV] awaddr = 25a037c8 wdata = 0f0c06c4 wstrb = 4 araddr = 0000000c
UVM_INFO axi4_lite_scoreboard.sv(68) @ 8225: uvm_test_top.env.scb [RRESP] Matched : exp_rresp=0 actual_rresp =0 write = 0 read = 1
UVM_INFO axi4_lite_scoreboard.sv(72) @ 8225: uvm_test_top.env.scb [RDATA] Matched : exp_rdata=1f3fb0a2 actual_rdata =1f3fb0a2
UVM_INFO axi4_lite_subscriber.sv(40) @ 8245: uvm_test_top.env.sb [sb] INPUT COVERAGE = 100.00 %
UVM_INFO axi4_lite_inp_monitor.sv(38) @ 8245: uvm_test_top.env.aa.inp_mon [INPUT MONITOR] READ araddr=00000014
UVM_INFO axi4_lite_out_monitor.sv(28) @ 8255: uvm_test_top.env.pa.out_mon [OUTPUT MONITOR] BRESP = 0 RRESP = 0 RDATA = b7c58b74
UVM_INFO axi4_lite_driver.sv(34) @ 8255: uvm_test_top.env.aa.drv [DRV] awaddr = 763391f0 wdata = 0cacd010 wstrb = 2 araddr = 00000014
UVM_INFO axi4_lite_scoreboard.sv(68) @ 8255: uvm_test_top.env.scb [RRESP] Matched : exp_rresp=0 actual_rresp =0 write = 0 read = 1
UVM_INFO axi4_lite_scoreboard.sv(72) @ 8255: uvm_test_top.env.scb [RDATA] Matched : exp_rdata=b7c58b74 actual_rdata =b7c58b74
UVM_INFO axi4_lite_subscriber.sv(40) @ 8275: uvm_test_top.env.sb [sb] INPUT COVERAGE = 100.00 %
UVM_INFO axi4_lite_inp_monitor.sv(38) @ 8275: uvm_test_top.env.aa.inp_mon [INPUT MONITOR] READ araddr=00000000
UVM_INFO axi4_lite_out_monitor.sv(28) @ 8285: uvm_test_top.env.pa.out_mon [OUTPUT MONITOR] BRESP = 0 RRESP = 0 RDATA = 5918dca8
UVM_INFO axi4_lite_driver.sv(34) @ 8285: uvm_test_top.env.aa.drv [DRV] awaddr = b4eda5fc wdata = b0cd9e97 wstrb = 7 araddr = 00000000
UVM_INFO axi4_lite_scoreboard.sv(68) @ 8285: uvm_test_top.env.scb [RRESP] Matched : exp_rresp=0 actual_rresp =0 write = 0 read = 1
UVM_INFO axi4_lite_scoreboard.sv(72) @ 8285: uvm_test_top.env.scb [RDATA] Matched : exp_rdata=5918dca8 actual_rdata =5918dca8
UVM_INFO axi4_lite_subscriber.sv(40) @ 8305: uvm_test_top.env.sb [sb] INPUT COVERAGE = 100.00 %
UVM_INFO axi4_lite_inp_monitor.sv(38) @ 8305: uvm_test_top.env.aa.inp_mon [INPUT MONITOR] READ araddr=00000038
UVM_INFO axi4_lite_out_monitor.sv(28) @ 8315: uvm_test_top.env.pa.out_mon [OUTPUT MONITOR] BRESP = 0 RRESP = 2 RDATA = 00000000
UVM_INFO axi4_lite_driver.sv(34) @ 8315: uvm_test_top.env.aa.drv [DRV] awaddr = 970b96e8 wdata = 1112726b wstrb = c araddr = 00000038
UVM_INFO axi4_lite_scoreboard.sv(68) @ 8315: uvm_test_top.env.scb [RRESP] Matched : exp_rresp=2 actual_rresp =2 write = 0 read = 1
UVM_ERROR axi4_lite_scoreboard.sv(74) @ 8315: uvm_test_top.env.scb [RDATA] Mismatched : exp_rdata= 5918dca8 actual_rdata=00000000 
UVM_INFO axi4_lite_subscriber.sv(40) @ 8335: uvm_test_top.env.sb [sb] INPUT COVERAGE = 100.00 %
UVM_INFO axi4_lite_inp_monitor.sv(38) @ 8335: uvm_test_top.env.aa.inp_mon [INPUT MONITOR] READ araddr=00000020
UVM_INFO axi4_lite_out_monitor.sv(28) @ 8345: uvm_test_top.env.pa.out_mon [OUTPUT MONITOR] BRESP = 0 RRESP = 0 RDATA = 0d701b25
UVM_INFO axi4_lite_driver.sv(34) @ 8345: uvm_test_top.env.aa.drv [DRV] awaddr = c0d74624 wdata = d77c35fb wstrb = 0 araddr = 00000020
UVM_INFO axi4_lite_scoreboard.sv(68) @ 8345: uvm_test_top.env.scb [RRESP] Matched : exp_rresp=0 actual_rresp =0 write = 0 read = 1
UVM_INFO axi4_lite_scoreboard.sv(72) @ 8345: uvm_test_top.env.scb [RDATA] Matched : exp_rdata=0d701b25 actual_rdata =0d701b25
UVM_INFO axi4_lite_subscriber.sv(40) @ 8365: uvm_test_top.env.sb [sb] INPUT COVERAGE = 100.00 %
UVM_INFO axi4_lite_inp_monitor.sv(38) @ 8365: uvm_test_top.env.aa.inp_mon [INPUT MONITOR] READ araddr=00000038
UVM_INFO axi4_lite_out_monitor.sv(28) @ 8375: uvm_test_top.env.pa.out_mon [OUTPUT MONITOR] BRESP = 0 RRESP = 2 RDATA = 00000000
UVM_INFO axi4_lite_driver.sv(34) @ 8375: uvm_test_top.env.aa.drv [DRV] awaddr = 3ba435ac wdata = d993579b wstrb = 1 araddr = 00000038
UVM_INFO axi4_lite_scoreboard.sv(68) @ 8375: uvm_test_top.env.scb [RRESP] Matched : exp_rresp=2 actual_rresp =2 write = 0 read = 1
UVM_ERROR axi4_lite_scoreboard.sv(74) @ 8375: uvm_test_top.env.scb [RDATA] Mismatched : exp_rdata= 0d701b25 actual_rdata=00000000 
UVM_INFO axi4_lite_subscriber.sv(40) @ 8395: uvm_test_top.env.sb [sb] INPUT COVERAGE = 100.00 %
UVM_INFO axi4_lite_inp_monitor.sv(38) @ 8395: uvm_test_top.env.aa.inp_mon [INPUT MONITOR] READ araddr=00000014
UVM_INFO axi4_lite_out_monitor.sv(28) @ 8405: uvm_test_top.env.pa.out_mon [OUTPUT MONITOR] BRESP = 0 RRESP = 0 RDATA = b7c58b74
UVM_INFO axi4_lite_driver.sv(34) @ 8405: uvm_test_top.env.aa.drv [DRV] awaddr = ff061e98 wdata = 2eaa6fc8 wstrb = f araddr = 00000014
UVM_INFO axi4_lite_scoreboard.sv(68) @ 8405: uvm_test_top.env.scb [RRESP] Matched : exp_rresp=0 actual_rresp =0 write = 0 read = 1
UVM_INFO axi4_lite_scoreboard.sv(72) @ 8405: uvm_test_top.env.scb [RDATA] Matched : exp_rdata=b7c58b74 actual_rdata =b7c58b74
UVM_INFO axi4_lite_subscriber.sv(40) @ 8425: uvm_test_top.env.sb [sb] INPUT COVERAGE = 100.00 %
UVM_INFO axi4_lite_inp_monitor.sv(38) @ 8425: uvm_test_top.env.aa.inp_mon [INPUT MONITOR] READ araddr=0000000c
UVM_INFO axi4_lite_out_monitor.sv(28) @ 8435: uvm_test_top.env.pa.out_mon [OUTPUT MONITOR] BRESP = 0 RRESP = 0 RDATA = 1f3fb0a2
UVM_INFO axi4_lite_driver.sv(34) @ 8435: uvm_test_top.env.aa.drv [DRV] awaddr = 50dc7dcc wdata = da8c449a wstrb = e araddr = 0000000c
UVM_INFO axi4_lite_scoreboard.sv(68) @ 8435: uvm_test_top.env.scb [RRESP] Matched : exp_rresp=0 actual_rresp =0 write = 0 read = 1
UVM_INFO axi4_lite_scoreboard.sv(72) @ 8435: uvm_test_top.env.scb [RDATA] Matched : exp_rdata=1f3fb0a2 actual_rdata =1f3fb0a2
UVM_INFO axi4_lite_subscriber.sv(40) @ 8455: uvm_test_top.env.sb [sb] INPUT COVERAGE = 100.00 %
UVM_INFO axi4_lite_inp_monitor.sv(38) @ 8455: uvm_test_top.env.aa.inp_mon [INPUT MONITOR] READ araddr=0000000c
UVM_INFO axi4_lite_out_monitor.sv(28) @ 8465: uvm_test_top.env.pa.out_mon [OUTPUT MONITOR] BRESP = 0 RRESP = 0 RDATA = 1f3fb0a2
UVM_INFO axi4_lite_driver.sv(34) @ 8465: uvm_test_top.env.aa.drv [DRV] awaddr = 463b31ec wdata = 41853d62 wstrb = 8 araddr = 0000000c
UVM_INFO axi4_lite_scoreboard.sv(68) @ 8465: uvm_test_top.env.scb [RRESP] Matched : exp_rresp=0 actual_rresp =0 write = 0 read = 1
UVM_INFO axi4_lite_scoreboard.sv(72) @ 8465: uvm_test_top.env.scb [RDATA] Matched : exp_rdata=1f3fb0a2 actual_rdata =1f3fb0a2
UVM_INFO axi4_lite_subscriber.sv(40) @ 8485: uvm_test_top.env.sb [sb] INPUT COVERAGE = 100.00 %
UVM_INFO axi4_lite_inp_monitor.sv(38) @ 8485: uvm_test_top.env.aa.inp_mon [INPUT MONITOR] READ araddr=00000038
UVM_INFO axi4_lite_out_monitor.sv(28) @ 8495: uvm_test_top.env.pa.out_mon [OUTPUT MONITOR] BRESP = 0 RRESP = 2 RDATA = 00000000
UVM_INFO axi4_lite_driver.sv(34) @ 8495: uvm_test_top.env.aa.drv [DRV] awaddr = d5b7a874 wdata = 614cf466 wstrb = 8 araddr = 00000038
UVM_INFO axi4_lite_scoreboard.sv(68) @ 8495: uvm_test_top.env.scb [RRESP] Matched : exp_rresp=2 actual_rresp =2 write = 0 read = 1
UVM_ERROR axi4_lite_scoreboard.sv(74) @ 8495: uvm_test_top.env.scb [RDATA] Mismatched : exp_rdata= 1f3fb0a2 actual_rdata=00000000 
UVM_INFO axi4_lite_subscriber.sv(40) @ 8515: uvm_test_top.env.sb [sb] INPUT COVERAGE = 100.00 %
UVM_INFO axi4_lite_inp_monitor.sv(38) @ 8515: uvm_test_top.env.aa.inp_mon [INPUT MONITOR] READ araddr=00000004
UVM_INFO axi4_lite_out_monitor.sv(28) @ 8525: uvm_test_top.env.pa.out_mon [OUTPUT MONITOR] BRESP = 0 RRESP = 0 RDATA = 45939a1b
UVM_INFO axi4_lite_driver.sv(34) @ 8525: uvm_test_top.env.aa.drv [DRV] awaddr = 7a69fe60 wdata = a76bd020 wstrb = 4 araddr = 00000004
UVM_INFO axi4_lite_scoreboard.sv(68) @ 8525: uvm_test_top.env.scb [RRESP] Matched : exp_rresp=0 actual_rresp =0 write = 0 read = 1
UVM_INFO axi4_lite_scoreboard.sv(72) @ 8525: uvm_test_top.env.scb [RDATA] Matched : exp_rdata=45939a1b actual_rdata =45939a1b
UVM_INFO axi4_lite_subscriber.sv(40) @ 8545: uvm_test_top.env.sb [sb] INPUT COVERAGE = 100.00 %
UVM_INFO axi4_lite_inp_monitor.sv(38) @ 8545: uvm_test_top.env.aa.inp_mon [INPUT MONITOR] READ araddr=00000020
UVM_INFO axi4_lite_out_monitor.sv(28) @ 8555: uvm_test_top.env.pa.out_mon [OUTPUT MONITOR] BRESP = 0 RRESP = 0 RDATA = 0d701b25
UVM_INFO axi4_lite_driver.sv(34) @ 8555: uvm_test_top.env.aa.drv [DRV] awaddr = 1fa471cc wdata = 26189c29 wstrb = c araddr = 00000020
UVM_INFO axi4_lite_scoreboard.sv(68) @ 8555: uvm_test_top.env.scb [RRESP] Matched : exp_rresp=0 actual_rresp =0 write = 0 read = 1
UVM_INFO axi4_lite_scoreboard.sv(72) @ 8555: uvm_test_top.env.scb [RDATA] Matched : exp_rdata=0d701b25 actual_rdata =0d701b25
UVM_INFO axi4_lite_subscriber.sv(40) @ 8575: uvm_test_top.env.sb [sb] INPUT COVERAGE = 100.00 %
UVM_INFO axi4_lite_inp_monitor.sv(38) @ 8575: uvm_test_top.env.aa.inp_mon [INPUT MONITOR] READ araddr=00000030
UVM_INFO axi4_lite_out_monitor.sv(28) @ 8585: uvm_test_top.env.pa.out_mon [OUTPUT MONITOR] BRESP = 0 RRESP = 0 RDATA = 00000000
UVM_INFO axi4_lite_driver.sv(34) @ 8585: uvm_test_top.env.aa.drv [DRV] awaddr = f57fef34 wdata = 35c944b7 wstrb = a araddr = 00000030
UVM_INFO axi4_lite_scoreboard.sv(68) @ 8585: uvm_test_top.env.scb [RRESP] Matched : exp_rresp=0 actual_rresp =0 write = 0 read = 1
UVM_INFO axi4_lite_scoreboard.sv(72) @ 8585: uvm_test_top.env.scb [RDATA] Matched : exp_rdata=00000000 actual_rdata =00000000
UVM_INFO axi4_lite_subscriber.sv(40) @ 8605: uvm_test_top.env.sb [sb] INPUT COVERAGE = 100.00 %
UVM_INFO axi4_lite_inp_monitor.sv(38) @ 8605: uvm_test_top.env.aa.inp_mon [INPUT MONITOR] READ araddr=00000008
UVM_INFO axi4_lite_out_monitor.sv(28) @ 8615: uvm_test_top.env.pa.out_mon [OUTPUT MONITOR] BRESP = 0 RRESP = 0 RDATA = f0a9e511
UVM_INFO axi4_lite_driver.sv(34) @ 8615: uvm_test_top.env.aa.drv [DRV] awaddr = 58482178 wdata = fd510002 wstrb = c araddr = 00000008
UVM_INFO axi4_lite_scoreboard.sv(68) @ 8615: uvm_test_top.env.scb [RRESP] Matched : exp_rresp=0 actual_rresp =0 write = 0 read = 1
UVM_INFO axi4_lite_scoreboard.sv(72) @ 8615: uvm_test_top.env.scb [RDATA] Matched : exp_rdata=f0a9e511 actual_rdata =f0a9e511
UVM_INFO axi4_lite_subscriber.sv(40) @ 8635: uvm_test_top.env.sb [sb] INPUT COVERAGE = 100.00 %
UVM_INFO axi4_lite_inp_monitor.sv(38) @ 8635: uvm_test_top.env.aa.inp_mon [INPUT MONITOR] READ araddr=0000000c
UVM_INFO axi4_lite_out_monitor.sv(28) @ 8645: uvm_test_top.env.pa.out_mon [OUTPUT MONITOR] BRESP = 0 RRESP = 0 RDATA = 1f3fb0a2
UVM_INFO axi4_lite_driver.sv(34) @ 8645: uvm_test_top.env.aa.drv [DRV] awaddr = a9ba5560 wdata = 7b495683 wstrb = c araddr = 0000000c
UVM_INFO axi4_lite_scoreboard.sv(68) @ 8645: uvm_test_top.env.scb [RRESP] Matched : exp_rresp=0 actual_rresp =0 write = 0 read = 1
UVM_INFO axi4_lite_scoreboard.sv(72) @ 8645: uvm_test_top.env.scb [RDATA] Matched : exp_rdata=1f3fb0a2 actual_rdata =1f3fb0a2
UVM_INFO axi4_lite_subscriber.sv(40) @ 8665: uvm_test_top.env.sb [sb] INPUT COVERAGE = 100.00 %
UVM_INFO axi4_lite_inp_monitor.sv(38) @ 8665: uvm_test_top.env.aa.inp_mon [INPUT MONITOR] READ araddr=00000030
UVM_INFO axi4_lite_out_monitor.sv(28) @ 8675: uvm_test_top.env.pa.out_mon [OUTPUT MONITOR] BRESP = 0 RRESP = 0 RDATA = 00000000
UVM_INFO axi4_lite_driver.sv(34) @ 8675: uvm_test_top.env.aa.drv [DRV] awaddr = edeec884 wdata = f12324e5 wstrb = 4 araddr = 00000030
UVM_INFO axi4_lite_scoreboard.sv(68) @ 8675: uvm_test_top.env.scb [RRESP] Matched : exp_rresp=0 actual_rresp =0 write = 0 read = 1
UVM_INFO axi4_lite_scoreboard.sv(72) @ 8675: uvm_test_top.env.scb [RDATA] Matched : exp_rdata=00000000 actual_rdata =00000000
UVM_INFO axi4_lite_subscriber.sv(40) @ 8695: uvm_test_top.env.sb [sb] INPUT COVERAGE = 100.00 %
UVM_INFO axi4_lite_inp_monitor.sv(38) @ 8695: uvm_test_top.env.aa.inp_mon [INPUT MONITOR] READ araddr=00000034
UVM_INFO axi4_lite_out_monitor.sv(28) @ 8705: uvm_test_top.env.pa.out_mon [OUTPUT MONITOR] BRESP = 0 RRESP = 2 RDATA = 00000000
UVM_INFO axi4_lite_driver.sv(34) @ 8705: uvm_test_top.env.aa.drv [DRV] awaddr = 2c1b5730 wdata = da2e29e9 wstrb = a araddr = 00000034
UVM_INFO axi4_lite_scoreboard.sv(68) @ 8705: uvm_test_top.env.scb [RRESP] Matched : exp_rresp=2 actual_rresp =2 write = 0 read = 1
UVM_INFO axi4_lite_scoreboard.sv(72) @ 8705: uvm_test_top.env.scb [RDATA] Matched : exp_rdata=00000000 actual_rdata =00000000
UVM_INFO axi4_lite_subscriber.sv(40) @ 8725: uvm_test_top.env.sb [sb] INPUT COVERAGE = 100.00 %
UVM_INFO axi4_lite_inp_monitor.sv(38) @ 8725: uvm_test_top.env.aa.inp_mon [INPUT MONITOR] READ araddr=00000004
UVM_INFO axi4_lite_out_monitor.sv(28) @ 8735: uvm_test_top.env.pa.out_mon [OUTPUT MONITOR] BRESP = 0 RRESP = 0 RDATA = 45939a1b
UVM_INFO axi4_lite_driver.sv(34) @ 8735: uvm_test_top.env.aa.drv [DRV] awaddr = f7954e60 wdata = 833df8b2 wstrb = 3 araddr = 00000004
UVM_INFO axi4_lite_scoreboard.sv(68) @ 8735: uvm_test_top.env.scb [RRESP] Matched : exp_rresp=0 actual_rresp =0 write = 0 read = 1
UVM_INFO axi4_lite_scoreboard.sv(72) @ 8735: uvm_test_top.env.scb [RDATA] Matched : exp_rdata=45939a1b actual_rdata =45939a1b
Read completed
UVM_INFO axi4_lite_subscriber.sv(40) @ 8775: uvm_test_top.env.sb [sb] INPUT COVERAGE = 100.00 %
UVM_INFO axi4_lite_inp_monitor.sv(44) @ 8775: uvm_test_top.env.aa.inp_mon [INPUT MONITOR]  WRITE awaddr=0000002c wdata=5f947ba2 wstrb=0100 
UVM_INFO axi4_lite_out_monitor.sv(28) @ 8795: uvm_test_top.env.pa.out_mon [OUTPUT MONITOR] BRESP = 2 RRESP = 0 RDATA = 00000000
UVM_INFO axi4_lite_driver.sv(34) @ 8795: uvm_test_top.env.aa.drv [DRV] awaddr = 0000002c wdata = 5f947ba2 wstrb = 4 araddr = 833e6d30
UVM_INFO axi4_lite_scoreboard.sv(52) @ 8795: uvm_test_top.env.scb [BRESP] Matched : exp_bresp= 2 actual_bresp=2 write = 1 read = 0
UVM_INFO axi4_lite_subscriber.sv(40) @ 8835: uvm_test_top.env.sb [sb] INPUT COVERAGE = 100.00 %
UVM_INFO axi4_lite_inp_monitor.sv(44) @ 8835: uvm_test_top.env.aa.inp_mon [INPUT MONITOR]  WRITE awaddr=00000030 wdata=1bfd3ebe wstrb=1101 
UVM_INFO axi4_lite_out_monitor.sv(28) @ 8855: uvm_test_top.env.pa.out_mon [OUTPUT MONITOR] BRESP = 2 RRESP = 0 RDATA = 00000000
UVM_INFO axi4_lite_driver.sv(34) @ 8855: uvm_test_top.env.aa.drv [DRV] awaddr = 00000030 wdata = 1bfd3ebe wstrb = d araddr = 717ef584
UVM_INFO axi4_lite_scoreboard.sv(52) @ 8855: uvm_test_top.env.scb [BRESP] Matched : exp_bresp= 2 actual_bresp=2 write = 1 read = 0
UVM_INFO axi4_lite_subscriber.sv(40) @ 8885: uvm_test_top.env.sb [sb] INPUT COVERAGE = 100.00 %
UVM_INFO axi4_lite_inp_monitor.sv(44) @ 8885: uvm_test_top.env.aa.inp_mon [INPUT MONITOR]  WRITE awaddr=00000028 wdata=b4c55da1 wstrb=0101 
UVM_INFO axi4_lite_out_monitor.sv(28) @ 8905: uvm_test_top.env.pa.out_mon [OUTPUT MONITOR] BRESP = 2 RRESP = 0 RDATA = 00000000
UVM_INFO axi4_lite_driver.sv(34) @ 8905: uvm_test_top.env.aa.drv [DRV] awaddr = 00000028 wdata = b4c55da1 wstrb = 5 araddr = 389438e4
UVM_INFO axi4_lite_scoreboard.sv(52) @ 8905: uvm_test_top.env.scb [BRESP] Matched : exp_bresp= 2 actual_bresp=2 write = 1 read = 0
UVM_INFO axi4_lite_subscriber.sv(40) @ 8955: uvm_test_top.env.sb [sb] INPUT COVERAGE = 100.00 %
UVM_INFO axi4_lite_inp_monitor.sv(44) @ 8955: uvm_test_top.env.aa.inp_mon [INPUT MONITOR]  WRITE awaddr=00000030 wdata=5ea6b01c wstrb=0010 
UVM_INFO axi4_lite_out_monitor.sv(28) @ 8975: uvm_test_top.env.pa.out_mon [OUTPUT MONITOR] BRESP = 2 RRESP = 0 RDATA = 00000000
UVM_INFO axi4_lite_driver.sv(34) @ 8975: uvm_test_top.env.aa.drv [DRV] awaddr = 00000030 wdata = 5ea6b01c wstrb = 2 araddr = d1822c18
UVM_INFO axi4_lite_scoreboard.sv(52) @ 8975: uvm_test_top.env.scb [BRESP] Matched : exp_bresp= 2 actual_bresp=2 write = 1 read = 0
UVM_INFO axi4_lite_subscriber.sv(40) @ 9005: uvm_test_top.env.sb [sb] INPUT COVERAGE = 100.00 %
UVM_INFO axi4_lite_inp_monitor.sv(44) @ 9005: uvm_test_top.env.aa.inp_mon [INPUT MONITOR]  WRITE awaddr=0000002c wdata=e279de2f wstrb=0011 
UVM_INFO axi4_lite_out_monitor.sv(28) @ 9025: uvm_test_top.env.pa.out_mon [OUTPUT MONITOR] BRESP = 2 RRESP = 0 RDATA = 00000000
UVM_INFO axi4_lite_driver.sv(34) @ 9025: uvm_test_top.env.aa.drv [DRV] awaddr = 0000002c wdata = e279de2f wstrb = 3 araddr = 28d438f4
UVM_INFO axi4_lite_scoreboard.sv(52) @ 9025: uvm_test_top.env.scb [BRESP] Matched : exp_bresp= 2 actual_bresp=2 write = 1 read = 0
UVM_INFO axi4_lite_subscriber.sv(40) @ 9055: uvm_test_top.env.sb [sb] INPUT COVERAGE = 100.00 %
UVM_INFO axi4_lite_inp_monitor.sv(44) @ 9055: uvm_test_top.env.aa.inp_mon [INPUT MONITOR]  WRITE awaddr=00000030 wdata=97e7b993 wstrb=0111 
UVM_INFO axi4_lite_out_monitor.sv(28) @ 9075: uvm_test_top.env.pa.out_mon [OUTPUT MONITOR] BRESP = 2 RRESP = 0 RDATA = 00000000
UVM_INFO axi4_lite_driver.sv(34) @ 9075: uvm_test_top.env.aa.drv [DRV] awaddr = 00000030 wdata = 97e7b993 wstrb = 7 araddr = f7d89008
UVM_INFO axi4_lite_scoreboard.sv(52) @ 9075: uvm_test_top.env.scb [BRESP] Matched : exp_bresp= 2 actual_bresp=2 write = 1 read = 0
UVM_INFO axi4_lite_subscriber.sv(40) @ 9095: uvm_test_top.env.sb [sb] INPUT COVERAGE = 100.00 %
UVM_INFO axi4_lite_inp_monitor.sv(44) @ 9095: uvm_test_top.env.aa.inp_mon [INPUT MONITOR]  WRITE awaddr=00000028 wdata=db9e5abb wstrb=0110 
UVM_INFO axi4_lite_out_monitor.sv(28) @ 9115: uvm_test_top.env.pa.out_mon [OUTPUT MONITOR] BRESP = 2 RRESP = 0 RDATA = 00000000
UVM_INFO axi4_lite_driver.sv(34) @ 9115: uvm_test_top.env.aa.drv [DRV] awaddr = 00000028 wdata = db9e5abb wstrb = 6 araddr = 3805058c
UVM_INFO axi4_lite_scoreboard.sv(52) @ 9115: uvm_test_top.env.scb [BRESP] Matched : exp_bresp= 2 actual_bresp=2 write = 1 read = 0
UVM_INFO axi4_lite_subscriber.sv(40) @ 9145: uvm_test_top.env.sb [sb] INPUT COVERAGE = 100.00 %
UVM_INFO axi4_lite_inp_monitor.sv(44) @ 9145: uvm_test_top.env.aa.inp_mon [INPUT MONITOR]  WRITE awaddr=0000002c wdata=63f75a85 wstrb=1010 
UVM_INFO axi4_lite_out_monitor.sv(28) @ 9165: uvm_test_top.env.pa.out_mon [OUTPUT MONITOR] BRESP = 2 RRESP = 0 RDATA = 00000000
UVM_INFO axi4_lite_driver.sv(34) @ 9165: uvm_test_top.env.aa.drv [DRV] awaddr = 0000002c wdata = 63f75a85 wstrb = a araddr = 4c723a40
UVM_INFO axi4_lite_scoreboard.sv(52) @ 9165: uvm_test_top.env.scb [BRESP] Matched : exp_bresp= 2 actual_bresp=2 write = 1 read = 0
UVM_INFO axi4_lite_subscriber.sv(40) @ 9185: uvm_test_top.env.sb [sb] INPUT COVERAGE = 100.00 %
UVM_INFO axi4_lite_inp_monitor.sv(44) @ 9185: uvm_test_top.env.aa.inp_mon [INPUT MONITOR]  WRITE awaddr=0000002c wdata=1a82d3b3 wstrb=1010 
UVM_INFO axi4_lite_out_monitor.sv(28) @ 9205: uvm_test_top.env.pa.out_mon [OUTPUT MONITOR] BRESP = 2 RRESP = 0 RDATA = 00000000
UVM_INFO axi4_lite_driver.sv(34) @ 9205: uvm_test_top.env.aa.drv [DRV] awaddr = 0000002c wdata = 1a82d3b3 wstrb = a araddr = 3715b83c
UVM_INFO axi4_lite_scoreboard.sv(52) @ 9205: uvm_test_top.env.scb [BRESP] Matched : exp_bresp= 2 actual_bresp=2 write = 1 read = 0
UVM_INFO axi4_lite_subscriber.sv(40) @ 9255: uvm_test_top.env.sb [sb] INPUT COVERAGE = 100.00 %
UVM_INFO axi4_lite_inp_monitor.sv(44) @ 9255: uvm_test_top.env.aa.inp_mon [INPUT MONITOR]  WRITE awaddr=0000002c wdata=e84551ff wstrb=0100 
UVM_INFO axi4_lite_out_monitor.sv(28) @ 9275: uvm_test_top.env.pa.out_mon [OUTPUT MONITOR] BRESP = 2 RRESP = 0 RDATA = 00000000
UVM_INFO axi4_lite_driver.sv(34) @ 9275: uvm_test_top.env.aa.drv [DRV] awaddr = 0000002c wdata = e84551ff wstrb = 4 araddr = 013a8b98
UVM_INFO axi4_lite_scoreboard.sv(52) @ 9275: uvm_test_top.env.scb [BRESP] Matched : exp_bresp= 2 actual_bresp=2 write = 1 read = 0
UVM_INFO axi4_lite_subscriber.sv(40) @ 9325: uvm_test_top.env.sb [sb] INPUT COVERAGE = 100.00 %
UVM_INFO axi4_lite_inp_monitor.sv(44) @ 9325: uvm_test_top.env.aa.inp_mon [INPUT MONITOR]  WRITE awaddr=0000002c wdata=acb64c75 wstrb=1000 
UVM_INFO axi4_lite_out_monitor.sv(28) @ 9345: uvm_test_top.env.pa.out_mon [OUTPUT MONITOR] BRESP = 2 RRESP = 0 RDATA = 00000000
UVM_INFO axi4_lite_driver.sv(34) @ 9345: uvm_test_top.env.aa.drv [DRV] awaddr = 0000002c wdata = acb64c75 wstrb = 8 araddr = ceb210a8
UVM_INFO axi4_lite_scoreboard.sv(52) @ 9345: uvm_test_top.env.scb [BRESP] Matched : exp_bresp= 2 actual_bresp=2 write = 1 read = 0
UVM_INFO axi4_lite_subscriber.sv(40) @ 9395: uvm_test_top.env.sb [sb] INPUT COVERAGE = 100.00 %
UVM_INFO axi4_lite_inp_monitor.sv(44) @ 9395: uvm_test_top.env.aa.inp_mon [INPUT MONITOR]  WRITE awaddr=00000028 wdata=37a2d345 wstrb=1000 
UVM_INFO axi4_lite_out_monitor.sv(28) @ 9415: uvm_test_top.env.pa.out_mon [OUTPUT MONITOR] BRESP = 2 RRESP = 0 RDATA = 00000000
UVM_INFO axi4_lite_driver.sv(34) @ 9415: uvm_test_top.env.aa.drv [DRV] awaddr = 00000028 wdata = 37a2d345 wstrb = 8 araddr = 01a9ff30
UVM_INFO axi4_lite_scoreboard.sv(52) @ 9415: uvm_test_top.env.scb [BRESP] Matched : exp_bresp= 2 actual_bresp=2 write = 1 read = 0
UVM_INFO axi4_lite_subscriber.sv(40) @ 9445: uvm_test_top.env.sb [sb] INPUT COVERAGE = 100.00 %
UVM_INFO axi4_lite_inp_monitor.sv(44) @ 9445: uvm_test_top.env.aa.inp_mon [INPUT MONITOR]  WRITE awaddr=0000002c wdata=4b0d864d wstrb=1100 
UVM_INFO axi4_lite_out_monitor.sv(28) @ 9465: uvm_test_top.env.pa.out_mon [OUTPUT MONITOR] BRESP = 2 RRESP = 0 RDATA = 00000000
UVM_INFO axi4_lite_driver.sv(34) @ 9465: uvm_test_top.env.aa.drv [DRV] awaddr = 0000002c wdata = 4b0d864d wstrb = c araddr = 282bc19c
UVM_INFO axi4_lite_scoreboard.sv(52) @ 9465: uvm_test_top.env.scb [BRESP] Matched : exp_bresp= 2 actual_bresp=2 write = 1 read = 0
UVM_INFO axi4_lite_subscriber.sv(40) @ 9505: uvm_test_top.env.sb [sb] INPUT COVERAGE = 100.00 %
UVM_INFO axi4_lite_inp_monitor.sv(44) @ 9505: uvm_test_top.env.aa.inp_mon [INPUT MONITOR]  WRITE awaddr=00000028 wdata=a158428a wstrb=1110 
UVM_INFO axi4_lite_out_monitor.sv(28) @ 9525: uvm_test_top.env.pa.out_mon [OUTPUT MONITOR] BRESP = 2 RRESP = 0 RDATA = 00000000
UVM_INFO axi4_lite_driver.sv(34) @ 9525: uvm_test_top.env.aa.drv [DRV] awaddr = 00000028 wdata = a158428a wstrb = e araddr = 3368eca8
UVM_INFO axi4_lite_scoreboard.sv(52) @ 9525: uvm_test_top.env.scb [BRESP] Matched : exp_bresp= 2 actual_bresp=2 write = 1 read = 0
UVM_INFO axi4_lite_subscriber.sv(40) @ 9555: uvm_test_top.env.sb [sb] INPUT COVERAGE = 100.00 %
UVM_INFO axi4_lite_inp_monitor.sv(44) @ 9555: uvm_test_top.env.aa.inp_mon [INPUT MONITOR]  WRITE awaddr=00000030 wdata=a296f8ba wstrb=1000 
UVM_INFO axi4_lite_out_monitor.sv(28) @ 9575: uvm_test_top.env.pa.out_mon [OUTPUT MONITOR] BRESP = 2 RRESP = 0 RDATA = 00000000
UVM_INFO axi4_lite_driver.sv(34) @ 9575: uvm_test_top.env.aa.drv [DRV] awaddr = 00000030 wdata = a296f8ba wstrb = 8 araddr = fe5dca08
UVM_INFO axi4_lite_scoreboard.sv(52) @ 9575: uvm_test_top.env.scb [BRESP] Matched : exp_bresp= 2 actual_bresp=2 write = 1 read = 0
UVM_INFO axi4_lite_subscriber.sv(40) @ 9595: uvm_test_top.env.sb [sb] INPUT COVERAGE = 100.00 %
UVM_INFO axi4_lite_inp_monitor.sv(44) @ 9595: uvm_test_top.env.aa.inp_mon [INPUT MONITOR]  WRITE awaddr=00000028 wdata=ff7c439b wstrb=1111 
UVM_INFO axi4_lite_out_monitor.sv(28) @ 9615: uvm_test_top.env.pa.out_mon [OUTPUT MONITOR] BRESP = 2 RRESP = 0 RDATA = 00000000
UVM_INFO axi4_lite_driver.sv(34) @ 9615: uvm_test_top.env.aa.drv [DRV] awaddr = 00000028 wdata = ff7c439b wstrb = f araddr = 3a56ca10
UVM_INFO axi4_lite_scoreboard.sv(52) @ 9615: uvm_test_top.env.scb [BRESP] Matched : exp_bresp= 2 actual_bresp=2 write = 1 read = 0
UVM_INFO axi4_lite_subscriber.sv(40) @ 9635: uvm_test_top.env.sb [sb] INPUT COVERAGE = 100.00 %
UVM_INFO axi4_lite_inp_monitor.sv(44) @ 9635: uvm_test_top.env.aa.inp_mon [INPUT MONITOR]  WRITE awaddr=00000030 wdata=07a6035d wstrb=1010 
UVM_INFO axi4_lite_out_monitor.sv(28) @ 9655: uvm_test_top.env.pa.out_mon [OUTPUT MONITOR] BRESP = 2 RRESP = 0 RDATA = 00000000
UVM_INFO axi4_lite_driver.sv(34) @ 9655: uvm_test_top.env.aa.drv [DRV] awaddr = 00000030 wdata = 07a6035d wstrb = a araddr = 10cfe1f0
UVM_INFO axi4_lite_scoreboard.sv(52) @ 9655: uvm_test_top.env.scb [BRESP] Matched : exp_bresp= 2 actual_bresp=2 write = 1 read = 0
UVM_INFO axi4_lite_subscriber.sv(40) @ 9705: uvm_test_top.env.sb [sb] INPUT COVERAGE = 100.00 %
UVM_INFO axi4_lite_inp_monitor.sv(44) @ 9705: uvm_test_top.env.aa.inp_mon [INPUT MONITOR]  WRITE awaddr=00000028 wdata=299e871c wstrb=0111 
UVM_INFO axi4_lite_out_monitor.sv(28) @ 9725: uvm_test_top.env.pa.out_mon [OUTPUT MONITOR] BRESP = 2 RRESP = 0 RDATA = 00000000
UVM_INFO axi4_lite_driver.sv(34) @ 9725: uvm_test_top.env.aa.drv [DRV] awaddr = 00000028 wdata = 299e871c wstrb = 7 araddr = 55439f1c
UVM_INFO axi4_lite_scoreboard.sv(52) @ 9725: uvm_test_top.env.scb [BRESP] Matched : exp_bresp= 2 actual_bresp=2 write = 1 read = 0
UVM_INFO axi4_lite_subscriber.sv(40) @ 9755: uvm_test_top.env.sb [sb] INPUT COVERAGE = 100.00 %
UVM_INFO axi4_lite_inp_monitor.sv(44) @ 9755: uvm_test_top.env.aa.inp_mon [INPUT MONITOR]  WRITE awaddr=0000002c wdata=71f13d15 wstrb=1100 
UVM_INFO axi4_lite_out_monitor.sv(28) @ 9775: uvm_test_top.env.pa.out_mon [OUTPUT MONITOR] BRESP = 2 RRESP = 0 RDATA = 00000000
UVM_INFO axi4_lite_driver.sv(34) @ 9775: uvm_test_top.env.aa.drv [DRV] awaddr = 0000002c wdata = 71f13d15 wstrb = c araddr = 9c0bef3c
UVM_INFO axi4_lite_scoreboard.sv(52) @ 9775: uvm_test_top.env.scb [BRESP] Matched : exp_bresp= 2 actual_bresp=2 write = 1 read = 0
UVM_INFO axi4_lite_subscriber.sv(40) @ 9825: uvm_test_top.env.sb [sb] INPUT COVERAGE = 100.00 %
UVM_INFO axi4_lite_inp_monitor.sv(44) @ 9825: uvm_test_top.env.aa.inp_mon [INPUT MONITOR]  WRITE awaddr=00000028 wdata=b1cd9afd wstrb=0111 
UVM_INFO axi4_lite_out_monitor.sv(28) @ 9845: uvm_test_top.env.pa.out_mon [OUTPUT MONITOR] BRESP = 2 RRESP = 0 RDATA = 00000000
UVM_INFO axi4_lite_driver.sv(34) @ 9845: uvm_test_top.env.aa.drv [DRV] awaddr = 00000028 wdata = b1cd9afd wstrb = 7 araddr = 5c33e900
UVM_INFO axi4_lite_scoreboard.sv(52) @ 9845: uvm_test_top.env.scb [BRESP] Matched : exp_bresp= 2 actual_bresp=2 write = 1 read = 0
UVM_INFO axi4_lite_subscriber.sv(40) @ 9875: uvm_test_top.env.sb [sb] INPUT COVERAGE = 100.00 %
UVM_INFO axi4_lite_inp_monitor.sv(44) @ 9875: uvm_test_top.env.aa.inp_mon [INPUT MONITOR]  WRITE awaddr=0000002c wdata=53d8e56c wstrb=0100 
UVM_INFO axi4_lite_out_monitor.sv(28) @ 9895: uvm_test_top.env.pa.out_mon [OUTPUT MONITOR] BRESP = 2 RRESP = 0 RDATA = 00000000
UVM_INFO axi4_lite_driver.sv(34) @ 9895: uvm_test_top.env.aa.drv [DRV] awaddr = 0000002c wdata = 53d8e56c wstrb = 4 araddr = 510b8dc8
UVM_INFO axi4_lite_scoreboard.sv(52) @ 9895: uvm_test_top.env.scb [BRESP] Matched : exp_bresp= 2 actual_bresp=2 write = 1 read = 0
UVM_INFO axi4_lite_subscriber.sv(40) @ 9945: uvm_test_top.env.sb [sb] INPUT COVERAGE = 100.00 %
UVM_INFO axi4_lite_inp_monitor.sv(44) @ 9945: uvm_test_top.env.aa.inp_mon [INPUT MONITOR]  WRITE awaddr=00000030 wdata=63cfa195 wstrb=1011 
UVM_INFO axi4_lite_out_monitor.sv(28) @ 9965: uvm_test_top.env.pa.out_mon [OUTPUT MONITOR] BRESP = 2 RRESP = 0 RDATA = 00000000
UVM_INFO axi4_lite_driver.sv(34) @ 9965: uvm_test_top.env.aa.drv [DRV] awaddr = 00000030 wdata = 63cfa195 wstrb = b araddr = 16593a6c
UVM_INFO axi4_lite_scoreboard.sv(52) @ 9965: uvm_test_top.env.scb [BRESP] Matched : exp_bresp= 2 actual_bresp=2 write = 1 read = 0
UVM_INFO axi4_lite_subscriber.sv(40) @ 9985: uvm_test_top.env.sb [sb] INPUT COVERAGE = 100.00 %
UVM_INFO axi4_lite_inp_monitor.sv(44) @ 9985: uvm_test_top.env.aa.inp_mon [INPUT MONITOR]  WRITE awaddr=00000030 wdata=7d95c319 wstrb=0110 
UVM_INFO axi4_lite_out_monitor.sv(28) @ 10005: uvm_test_top.env.pa.out_mon [OUTPUT MONITOR] BRESP = 2 RRESP = 0 RDATA = 00000000
UVM_INFO axi4_lite_driver.sv(34) @ 10005: uvm_test_top.env.aa.drv [DRV] awaddr = 00000030 wdata = 7d95c319 wstrb = 6 araddr = 579f51bc
UVM_INFO axi4_lite_scoreboard.sv(52) @ 10005: uvm_test_top.env.scb [BRESP] Matched : exp_bresp= 2 actual_bresp=2 write = 1 read = 0
UVM_INFO axi4_lite_subscriber.sv(40) @ 10035: uvm_test_top.env.sb [sb] INPUT COVERAGE = 100.00 %
UVM_INFO axi4_lite_inp_monitor.sv(44) @ 10035: uvm_test_top.env.aa.inp_mon [INPUT MONITOR]  WRITE awaddr=0000002c wdata=d5f3f8ae wstrb=0111 
UVM_INFO axi4_lite_out_monitor.sv(28) @ 10055: uvm_test_top.env.pa.out_mon [OUTPUT MONITOR] BRESP = 2 RRESP = 0 RDATA = 00000000
UVM_INFO axi4_lite_driver.sv(34) @ 10055: uvm_test_top.env.aa.drv [DRV] awaddr = 0000002c wdata = d5f3f8ae wstrb = 7 araddr = b5dd8c90
UVM_INFO axi4_lite_scoreboard.sv(52) @ 10055: uvm_test_top.env.scb [BRESP] Matched : exp_bresp= 2 actual_bresp=2 write = 1 read = 0
UVM_INFO axi4_lite_subscriber.sv(40) @ 10095: uvm_test_top.env.sb [sb] INPUT COVERAGE = 100.00 %
UVM_INFO axi4_lite_inp_monitor.sv(44) @ 10095: uvm_test_top.env.aa.inp_mon [INPUT MONITOR]  WRITE awaddr=0000002c wdata=4aaf8455 wstrb=1101 
UVM_INFO axi4_lite_out_monitor.sv(28) @ 10115: uvm_test_top.env.pa.out_mon [OUTPUT MONITOR] BRESP = 2 RRESP = 0 RDATA = 00000000
UVM_INFO axi4_lite_driver.sv(34) @ 10115: uvm_test_top.env.aa.drv [DRV] awaddr = 0000002c wdata = 4aaf8455 wstrb = d araddr = 9351aebc
UVM_INFO axi4_lite_scoreboard.sv(52) @ 10115: uvm_test_top.env.scb [BRESP] Matched : exp_bresp= 2 actual_bresp=2 write = 1 read = 0
UVM_INFO axi4_lite_subscriber.sv(40) @ 10155: uvm_test_top.env.sb [sb] INPUT COVERAGE = 100.00 %
UVM_INFO axi4_lite_inp_monitor.sv(44) @ 10155: uvm_test_top.env.aa.inp_mon [INPUT MONITOR]  WRITE awaddr=0000002c wdata=8934bd3c wstrb=0100 
UVM_INFO axi4_lite_out_monitor.sv(28) @ 10175: uvm_test_top.env.pa.out_mon [OUTPUT MONITOR] BRESP = 2 RRESP = 0 RDATA = 00000000
UVM_INFO axi4_lite_driver.sv(34) @ 10175: uvm_test_top.env.aa.drv [DRV] awaddr = 0000002c wdata = 8934bd3c wstrb = 4 araddr = 9e20b4c4
UVM_INFO axi4_lite_scoreboard.sv(52) @ 10175: uvm_test_top.env.scb [BRESP] Matched : exp_bresp= 2 actual_bresp=2 write = 1 read = 0
UVM_INFO axi4_lite_subscriber.sv(40) @ 10215: uvm_test_top.env.sb [sb] INPUT COVERAGE = 100.00 %
UVM_INFO axi4_lite_inp_monitor.sv(44) @ 10215: uvm_test_top.env.aa.inp_mon [INPUT MONITOR]  WRITE awaddr=00000028 wdata=4651e6d6 wstrb=1111 
UVM_INFO axi4_lite_out_monitor.sv(28) @ 10235: uvm_test_top.env.pa.out_mon [OUTPUT MONITOR] BRESP = 2 RRESP = 0 RDATA = 00000000
UVM_INFO axi4_lite_driver.sv(34) @ 10235: uvm_test_top.env.aa.drv [DRV] awaddr = 00000028 wdata = 4651e6d6 wstrb = f araddr = 8a1d4b7c
UVM_INFO axi4_lite_scoreboard.sv(52) @ 10235: uvm_test_top.env.scb [BRESP] Matched : exp_bresp= 2 actual_bresp=2 write = 1 read = 0
UVM_INFO axi4_lite_subscriber.sv(40) @ 10275: uvm_test_top.env.sb [sb] INPUT COVERAGE = 100.00 %
UVM_INFO axi4_lite_inp_monitor.sv(44) @ 10275: uvm_test_top.env.aa.inp_mon [INPUT MONITOR]  WRITE awaddr=0000002c wdata=fcf155c9 wstrb=1011 
UVM_INFO axi4_lite_out_monitor.sv(28) @ 10295: uvm_test_top.env.pa.out_mon [OUTPUT MONITOR] BRESP = 2 RRESP = 0 RDATA = 00000000
UVM_INFO axi4_lite_driver.sv(34) @ 10295: uvm_test_top.env.aa.drv [DRV] awaddr = 0000002c wdata = fcf155c9 wstrb = b araddr = d55bae58
UVM_INFO axi4_lite_scoreboard.sv(52) @ 10295: uvm_test_top.env.scb [BRESP] Matched : exp_bresp= 2 actual_bresp=2 write = 1 read = 0
UVM_INFO axi4_lite_subscriber.sv(40) @ 10335: uvm_test_top.env.sb [sb] INPUT COVERAGE = 100.00 %
UVM_INFO axi4_lite_inp_monitor.sv(44) @ 10335: uvm_test_top.env.aa.inp_mon [INPUT MONITOR]  WRITE awaddr=0000002c wdata=4de4f5ab wstrb=0001 
UVM_INFO axi4_lite_out_monitor.sv(28) @ 10355: uvm_test_top.env.pa.out_mon [OUTPUT MONITOR] BRESP = 2 RRESP = 0 RDATA = 00000000
UVM_INFO axi4_lite_driver.sv(34) @ 10355: uvm_test_top.env.aa.drv [DRV] awaddr = 0000002c wdata = 4de4f5ab wstrb = 1 araddr = b0432eb0
UVM_INFO axi4_lite_scoreboard.sv(52) @ 10355: uvm_test_top.env.scb [BRESP] Matched : exp_bresp= 2 actual_bresp=2 write = 1 read = 0
UVM_INFO axi4_lite_subscriber.sv(40) @ 10405: uvm_test_top.env.sb [sb] INPUT COVERAGE = 100.00 %
UVM_INFO axi4_lite_inp_monitor.sv(44) @ 10405: uvm_test_top.env.aa.inp_mon [INPUT MONITOR]  WRITE awaddr=00000028 wdata=fb96e676 wstrb=1101 
UVM_INFO axi4_lite_out_monitor.sv(28) @ 10425: uvm_test_top.env.pa.out_mon [OUTPUT MONITOR] BRESP = 2 RRESP = 0 RDATA = 00000000
UVM_INFO axi4_lite_driver.sv(34) @ 10425: uvm_test_top.env.aa.drv [DRV] awaddr = 00000028 wdata = fb96e676 wstrb = d araddr = 658115e4
UVM_INFO axi4_lite_scoreboard.sv(52) @ 10425: uvm_test_top.env.scb [BRESP] Matched : exp_bresp= 2 actual_bresp=2 write = 1 read = 0
UVM_INFO axi4_lite_subscriber.sv(40) @ 10455: uvm_test_top.env.sb [sb] INPUT COVERAGE = 100.00 %
UVM_INFO axi4_lite_inp_monitor.sv(44) @ 10455: uvm_test_top.env.aa.inp_mon [INPUT MONITOR]  WRITE awaddr=00000030 wdata=86dc99d6 wstrb=0111 
UVM_INFO axi4_lite_out_monitor.sv(28) @ 10475: uvm_test_top.env.pa.out_mon [OUTPUT MONITOR] BRESP = 2 RRESP = 0 RDATA = 00000000
UVM_INFO axi4_lite_driver.sv(34) @ 10475: uvm_test_top.env.aa.drv [DRV] awaddr = 00000030 wdata = 86dc99d6 wstrb = 7 araddr = 4e01abfc
UVM_INFO axi4_lite_scoreboard.sv(52) @ 10475: uvm_test_top.env.scb [BRESP] Matched : exp_bresp= 2 actual_bresp=2 write = 1 read = 0
UVM_INFO axi4_lite_subscriber.sv(40) @ 10515: uvm_test_top.env.sb [sb] INPUT COVERAGE = 100.00 %
UVM_INFO axi4_lite_inp_monitor.sv(44) @ 10515: uvm_test_top.env.aa.inp_mon [INPUT MONITOR]  WRITE awaddr=00000030 wdata=1636822b wstrb=1111 
UVM_INFO axi4_lite_out_monitor.sv(28) @ 10535: uvm_test_top.env.pa.out_mon [OUTPUT MONITOR] BRESP = 2 RRESP = 0 RDATA = 00000000
UVM_INFO axi4_lite_driver.sv(34) @ 10535: uvm_test_top.env.aa.drv [DRV] awaddr = 00000030 wdata = 1636822b wstrb = f araddr = 2e4e29b4
UVM_INFO axi4_lite_scoreboard.sv(52) @ 10535: uvm_test_top.env.scb [BRESP] Matched : exp_bresp= 2 actual_bresp=2 write = 1 read = 0
UVM_INFO axi4_lite_subscriber.sv(40) @ 10575: uvm_test_top.env.sb [sb] INPUT COVERAGE = 100.00 %
UVM_INFO axi4_lite_inp_monitor.sv(44) @ 10575: uvm_test_top.env.aa.inp_mon [INPUT MONITOR]  WRITE awaddr=00000028 wdata=587bccbc wstrb=0101 
UVM_INFO axi4_lite_out_monitor.sv(28) @ 10595: uvm_test_top.env.pa.out_mon [OUTPUT MONITOR] BRESP = 2 RRESP = 0 RDATA = 00000000
UVM_INFO axi4_lite_driver.sv(34) @ 10595: uvm_test_top.env.aa.drv [DRV] awaddr = 00000028 wdata = 587bccbc wstrb = 5 araddr = 4e2d7fac
UVM_INFO axi4_lite_scoreboard.sv(52) @ 10595: uvm_test_top.env.scb [BRESP] Matched : exp_bresp= 2 actual_bresp=2 write = 1 read = 0
UVM_INFO axi4_lite_subscriber.sv(40) @ 10645: uvm_test_top.env.sb [sb] INPUT COVERAGE = 100.00 %
UVM_INFO axi4_lite_inp_monitor.sv(44) @ 10645: uvm_test_top.env.aa.inp_mon [INPUT MONITOR]  WRITE awaddr=0000002c wdata=a24cd326 wstrb=1110 
UVM_INFO axi4_lite_out_monitor.sv(28) @ 10665: uvm_test_top.env.pa.out_mon [OUTPUT MONITOR] BRESP = 2 RRESP = 0 RDATA = 00000000
UVM_INFO axi4_lite_driver.sv(34) @ 10665: uvm_test_top.env.aa.drv [DRV] awaddr = 0000002c wdata = a24cd326 wstrb = e araddr = b2304f44
UVM_INFO axi4_lite_scoreboard.sv(52) @ 10665: uvm_test_top.env.scb [BRESP] Matched : exp_bresp= 2 actual_bresp=2 write = 1 read = 0
UVM_INFO axi4_lite_subscriber.sv(40) @ 10695: uvm_test_top.env.sb [sb] INPUT COVERAGE = 100.00 %
UVM_INFO axi4_lite_inp_monitor.sv(44) @ 10695: uvm_test_top.env.aa.inp_mon [INPUT MONITOR]  WRITE awaddr=0000002c wdata=e50324a1 wstrb=1001 
UVM_INFO axi4_lite_out_monitor.sv(28) @ 10715: uvm_test_top.env.pa.out_mon [OUTPUT MONITOR] BRESP = 2 RRESP = 0 RDATA = 00000000
UVM_INFO axi4_lite_driver.sv(34) @ 10715: uvm_test_top.env.aa.drv [DRV] awaddr = 0000002c wdata = e50324a1 wstrb = 9 araddr = 12ec60fc
UVM_INFO axi4_lite_scoreboard.sv(52) @ 10715: uvm_test_top.env.scb [BRESP] Matched : exp_bresp= 2 actual_bresp=2 write = 1 read = 0
UVM_INFO axi4_lite_subscriber.sv(40) @ 10735: uvm_test_top.env.sb [sb] INPUT COVERAGE = 100.00 %
UVM_INFO axi4_lite_inp_monitor.sv(44) @ 10735: uvm_test_top.env.aa.inp_mon [INPUT MONITOR]  WRITE awaddr=0000002c wdata=57fdd3b2 wstrb=0010 
UVM_INFO axi4_lite_out_monitor.sv(28) @ 10755: uvm_test_top.env.pa.out_mon [OUTPUT MONITOR] BRESP = 2 RRESP = 0 RDATA = 00000000
UVM_INFO axi4_lite_driver.sv(34) @ 10755: uvm_test_top.env.aa.drv [DRV] awaddr = 0000002c wdata = 57fdd3b2 wstrb = 2 araddr = 15a8aac4
UVM_INFO axi4_lite_scoreboard.sv(52) @ 10755: uvm_test_top.env.scb [BRESP] Matched : exp_bresp= 2 actual_bresp=2 write = 1 read = 0
UVM_INFO axi4_lite_subscriber.sv(40) @ 10795: uvm_test_top.env.sb [sb] INPUT COVERAGE = 100.00 %
UVM_INFO axi4_lite_inp_monitor.sv(44) @ 10795: uvm_test_top.env.aa.inp_mon [INPUT MONITOR]  WRITE awaddr=00000030 wdata=a23c1e1a wstrb=0011 
UVM_INFO axi4_lite_out_monitor.sv(28) @ 10815: uvm_test_top.env.pa.out_mon [OUTPUT MONITOR] BRESP = 2 RRESP = 0 RDATA = 00000000
UVM_INFO axi4_lite_driver.sv(34) @ 10815: uvm_test_top.env.aa.drv [DRV] awaddr = 00000030 wdata = a23c1e1a wstrb = 3 araddr = 8e117074
UVM_INFO axi4_lite_scoreboard.sv(52) @ 10815: uvm_test_top.env.scb [BRESP] Matched : exp_bresp= 2 actual_bresp=2 write = 1 read = 0
UVM_INFO axi4_lite_subscriber.sv(40) @ 10845: uvm_test_top.env.sb [sb] INPUT COVERAGE = 100.00 %
UVM_INFO axi4_lite_inp_monitor.sv(44) @ 10845: uvm_test_top.env.aa.inp_mon [INPUT MONITOR]  WRITE awaddr=00000030 wdata=87e291ab wstrb=0000 
UVM_INFO axi4_lite_out_monitor.sv(28) @ 10865: uvm_test_top.env.pa.out_mon [OUTPUT MONITOR] BRESP = 2 RRESP = 0 RDATA = 00000000
UVM_INFO axi4_lite_driver.sv(34) @ 10865: uvm_test_top.env.aa.drv [DRV] awaddr = 00000030 wdata = 87e291ab wstrb = 0 araddr = b253fa34
UVM_INFO axi4_lite_scoreboard.sv(52) @ 10865: uvm_test_top.env.scb [BRESP] Matched : exp_bresp= 2 actual_bresp=2 write = 1 read = 0
UVM_INFO axi4_lite_subscriber.sv(40) @ 10895: uvm_test_top.env.sb [sb] INPUT COVERAGE = 100.00 %
UVM_INFO axi4_lite_inp_monitor.sv(44) @ 10895: uvm_test_top.env.aa.inp_mon [INPUT MONITOR]  WRITE awaddr=00000030 wdata=2ffc8d84 wstrb=1011 
UVM_INFO axi4_lite_out_monitor.sv(28) @ 10915: uvm_test_top.env.pa.out_mon [OUTPUT MONITOR] BRESP = 2 RRESP = 0 RDATA = 00000000
UVM_INFO axi4_lite_driver.sv(34) @ 10915: uvm_test_top.env.aa.drv [DRV] awaddr = 00000030 wdata = 2ffc8d84 wstrb = b araddr = 2c225658
UVM_INFO axi4_lite_scoreboard.sv(52) @ 10915: uvm_test_top.env.scb [BRESP] Matched : exp_bresp= 2 actual_bresp=2 write = 1 read = 0
UVM_INFO axi4_lite_subscriber.sv(40) @ 10965: uvm_test_top.env.sb [sb] INPUT COVERAGE = 100.00 %
UVM_INFO axi4_lite_inp_monitor.sv(44) @ 10965: uvm_test_top.env.aa.inp_mon [INPUT MONITOR]  WRITE awaddr=00000030 wdata=a83d8d0c wstrb=0110 
UVM_INFO axi4_lite_out_monitor.sv(28) @ 10985: uvm_test_top.env.pa.out_mon [OUTPUT MONITOR] BRESP = 2 RRESP = 0 RDATA = 00000000
UVM_INFO axi4_lite_driver.sv(34) @ 10985: uvm_test_top.env.aa.drv [DRV] awaddr = 00000030 wdata = a83d8d0c wstrb = 6 araddr = 5cf04d24
UVM_INFO axi4_lite_scoreboard.sv(52) @ 10985: uvm_test_top.env.scb [BRESP] Matched : exp_bresp= 2 actual_bresp=2 write = 1 read = 0
UVM_INFO axi4_lite_subscriber.sv(40) @ 11015: uvm_test_top.env.sb [sb] INPUT COVERAGE = 100.00 %
UVM_INFO axi4_lite_inp_monitor.sv(44) @ 11015: uvm_test_top.env.aa.inp_mon [INPUT MONITOR]  WRITE awaddr=0000002c wdata=5633d920 wstrb=1001 
UVM_INFO axi4_lite_out_monitor.sv(28) @ 11035: uvm_test_top.env.pa.out_mon [OUTPUT MONITOR] BRESP = 2 RRESP = 0 RDATA = 00000000
UVM_INFO axi4_lite_driver.sv(34) @ 11035: uvm_test_top.env.aa.drv [DRV] awaddr = 0000002c wdata = 5633d920 wstrb = 9 araddr = 37647064
UVM_INFO axi4_lite_scoreboard.sv(52) @ 11035: uvm_test_top.env.scb [BRESP] Matched : exp_bresp= 2 actual_bresp=2 write = 1 read = 0
UVM_INFO axi4_lite_subscriber.sv(40) @ 11075: uvm_test_top.env.sb [sb] INPUT COVERAGE = 100.00 %
UVM_INFO axi4_lite_inp_monitor.sv(44) @ 11075: uvm_test_top.env.aa.inp_mon [INPUT MONITOR]  WRITE awaddr=00000030 wdata=ed293c4f wstrb=0110 
UVM_INFO axi4_lite_out_monitor.sv(28) @ 11095: uvm_test_top.env.pa.out_mon [OUTPUT MONITOR] BRESP = 2 RRESP = 0 RDATA = 00000000
UVM_INFO axi4_lite_driver.sv(34) @ 11095: uvm_test_top.env.aa.drv [DRV] awaddr = 00000030 wdata = ed293c4f wstrb = 6 araddr = 4d6cf838
UVM_INFO axi4_lite_scoreboard.sv(52) @ 11095: uvm_test_top.env.scb [BRESP] Matched : exp_bresp= 2 actual_bresp=2 write = 1 read = 0
UVM_INFO axi4_lite_subscriber.sv(40) @ 11145: uvm_test_top.env.sb [sb] INPUT COVERAGE = 100.00 %
UVM_INFO axi4_lite_inp_monitor.sv(44) @ 11145: uvm_test_top.env.aa.inp_mon [INPUT MONITOR]  WRITE awaddr=0000002c wdata=368b102f wstrb=0000 
UVM_INFO axi4_lite_out_monitor.sv(28) @ 11165: uvm_test_top.env.pa.out_mon [OUTPUT MONITOR] BRESP = 2 RRESP = 0 RDATA = 00000000
UVM_INFO axi4_lite_driver.sv(34) @ 11165: uvm_test_top.env.aa.drv [DRV] awaddr = 0000002c wdata = 368b102f wstrb = 0 araddr = b8f6e920
UVM_INFO axi4_lite_scoreboard.sv(52) @ 11165: uvm_test_top.env.scb [BRESP] Matched : exp_bresp= 2 actual_bresp=2 write = 1 read = 0
UVM_INFO axi4_lite_subscriber.sv(40) @ 11205: uvm_test_top.env.sb [sb] INPUT COVERAGE = 100.00 %
UVM_INFO axi4_lite_inp_monitor.sv(44) @ 11205: uvm_test_top.env.aa.inp_mon [INPUT MONITOR]  WRITE awaddr=00000028 wdata=292ba3de wstrb=1010 
UVM_INFO axi4_lite_out_monitor.sv(28) @ 11225: uvm_test_top.env.pa.out_mon [OUTPUT MONITOR] BRESP = 2 RRESP = 0 RDATA = 00000000
UVM_INFO axi4_lite_driver.sv(34) @ 11225: uvm_test_top.env.aa.drv [DRV] awaddr = 00000028 wdata = 292ba3de wstrb = a araddr = 5d56e250
UVM_INFO axi4_lite_scoreboard.sv(52) @ 11225: uvm_test_top.env.scb [BRESP] Matched : exp_bresp= 2 actual_bresp=2 write = 1 read = 0
UVM_INFO axi4_lite_subscriber.sv(40) @ 11245: uvm_test_top.env.sb [sb] INPUT COVERAGE = 100.00 %
UVM_INFO axi4_lite_inp_monitor.sv(44) @ 11245: uvm_test_top.env.aa.inp_mon [INPUT MONITOR]  WRITE awaddr=0000002c wdata=6ac81c9d wstrb=1011 
UVM_INFO axi4_lite_out_monitor.sv(28) @ 11265: uvm_test_top.env.pa.out_mon [OUTPUT MONITOR] BRESP = 2 RRESP = 0 RDATA = 00000000
UVM_INFO axi4_lite_driver.sv(34) @ 11265: uvm_test_top.env.aa.drv [DRV] awaddr = 0000002c wdata = 6ac81c9d wstrb = b araddr = c57af77c
UVM_INFO axi4_lite_scoreboard.sv(52) @ 11265: uvm_test_top.env.scb [BRESP] Matched : exp_bresp= 2 actual_bresp=2 write = 1 read = 0
UVM_INFO axi4_lite_subscriber.sv(40) @ 11305: uvm_test_top.env.sb [sb] INPUT COVERAGE = 100.00 %
UVM_INFO axi4_lite_inp_monitor.sv(44) @ 11305: uvm_test_top.env.aa.inp_mon [INPUT MONITOR]  WRITE awaddr=00000028 wdata=c8a31058 wstrb=1011 
UVM_INFO axi4_lite_out_monitor.sv(28) @ 11325: uvm_test_top.env.pa.out_mon [OUTPUT MONITOR] BRESP = 2 RRESP = 0 RDATA = 00000000
UVM_INFO axi4_lite_driver.sv(34) @ 11325: uvm_test_top.env.aa.drv [DRV] awaddr = 00000028 wdata = c8a31058 wstrb = b araddr = 275612a8
UVM_INFO axi4_lite_scoreboard.sv(52) @ 11325: uvm_test_top.env.scb [BRESP] Matched : exp_bresp= 2 actual_bresp=2 write = 1 read = 0
UVM_INFO axi4_lite_subscriber.sv(40) @ 11365: uvm_test_top.env.sb [sb] INPUT COVERAGE = 100.00 %
UVM_INFO axi4_lite_inp_monitor.sv(44) @ 11365: uvm_test_top.env.aa.inp_mon [INPUT MONITOR]  WRITE awaddr=00000030 wdata=10547322 wstrb=1000 
UVM_INFO axi4_lite_out_monitor.sv(28) @ 11385: uvm_test_top.env.pa.out_mon [OUTPUT MONITOR] BRESP = 2 RRESP = 0 RDATA = 00000000
UVM_INFO axi4_lite_driver.sv(34) @ 11385: uvm_test_top.env.aa.drv [DRV] awaddr = 00000030 wdata = 10547322 wstrb = 8 araddr = 342c1674
UVM_INFO axi4_lite_scoreboard.sv(52) @ 11385: uvm_test_top.env.scb [BRESP] Matched : exp_bresp= 2 actual_bresp=2 write = 1 read = 0
UVM_INFO axi4_lite_subscriber.sv(40) @ 11415: uvm_test_top.env.sb [sb] INPUT COVERAGE = 100.00 %
UVM_INFO axi4_lite_inp_monitor.sv(44) @ 11415: uvm_test_top.env.aa.inp_mon [INPUT MONITOR]  WRITE awaddr=0000002c wdata=16ff8049 wstrb=1111 
UVM_INFO axi4_lite_out_monitor.sv(28) @ 11435: uvm_test_top.env.pa.out_mon [OUTPUT MONITOR] BRESP = 2 RRESP = 0 RDATA = 00000000
UVM_INFO axi4_lite_driver.sv(34) @ 11435: uvm_test_top.env.aa.drv [DRV] awaddr = 0000002c wdata = 16ff8049 wstrb = f araddr = edae0900
UVM_INFO axi4_lite_scoreboard.sv(52) @ 11435: uvm_test_top.env.scb [BRESP] Matched : exp_bresp= 2 actual_bresp=2 write = 1 read = 0
UVM_INFO axi4_lite_subscriber.sv(40) @ 11475: uvm_test_top.env.sb [sb] INPUT COVERAGE = 100.00 %
UVM_INFO axi4_lite_inp_monitor.sv(44) @ 11475: uvm_test_top.env.aa.inp_mon [INPUT MONITOR]  WRITE awaddr=0000002c wdata=63966793 wstrb=0000 
UVM_INFO axi4_lite_out_monitor.sv(28) @ 11495: uvm_test_top.env.pa.out_mon [OUTPUT MONITOR] BRESP = 2 RRESP = 0 RDATA = 00000000
UVM_INFO axi4_lite_driver.sv(34) @ 11495: uvm_test_top.env.aa.drv [DRV] awaddr = 0000002c wdata = 63966793 wstrb = 0 araddr = a8db552c
UVM_INFO axi4_lite_scoreboard.sv(52) @ 11495: uvm_test_top.env.scb [BRESP] Matched : exp_bresp= 2 actual_bresp=2 write = 1 read = 0
UVM_INFO axi4_lite_subscriber.sv(40) @ 11535: uvm_test_top.env.sb [sb] INPUT COVERAGE = 100.00 %
UVM_INFO axi4_lite_inp_monitor.sv(44) @ 11535: uvm_test_top.env.aa.inp_mon [INPUT MONITOR]  WRITE awaddr=0000002c wdata=feb62959 wstrb=1011 
UVM_INFO axi4_lite_out_monitor.sv(28) @ 11555: uvm_test_top.env.pa.out_mon [OUTPUT MONITOR] BRESP = 2 RRESP = 0 RDATA = 00000000
UVM_INFO axi4_lite_driver.sv(34) @ 11555: uvm_test_top.env.aa.drv [DRV] awaddr = 0000002c wdata = feb62959 wstrb = b araddr = 27957814
UVM_INFO axi4_lite_scoreboard.sv(52) @ 11555: uvm_test_top.env.scb [BRESP] Matched : exp_bresp= 2 actual_bresp=2 write = 1 read = 0
UVM_INFO axi4_lite_subscriber.sv(40) @ 11595: uvm_test_top.env.sb [sb] INPUT COVERAGE = 100.00 %
UVM_INFO axi4_lite_inp_monitor.sv(44) @ 11595: uvm_test_top.env.aa.inp_mon [INPUT MONITOR]  WRITE awaddr=0000002c wdata=3d89903d wstrb=0010 
UVM_INFO axi4_lite_out_monitor.sv(28) @ 11615: uvm_test_top.env.pa.out_mon [OUTPUT MONITOR] BRESP = 2 RRESP = 0 RDATA = 00000000
UVM_INFO axi4_lite_driver.sv(34) @ 11615: uvm_test_top.env.aa.drv [DRV] awaddr = 0000002c wdata = 3d89903d wstrb = 2 araddr = 048889f8
UVM_INFO axi4_lite_scoreboard.sv(52) @ 11615: uvm_test_top.env.scb [BRESP] Matched : exp_bresp= 2 actual_bresp=2 write = 1 read = 0
UVM_INFO axi4_lite_subscriber.sv(40) @ 11645: uvm_test_top.env.sb [sb] INPUT COVERAGE = 100.00 %
UVM_INFO axi4_lite_inp_monitor.sv(44) @ 11645: uvm_test_top.env.aa.inp_mon [INPUT MONITOR]  WRITE awaddr=0000002c wdata=49aac5fa wstrb=0100 
UVM_INFO axi4_lite_out_monitor.sv(28) @ 11665: uvm_test_top.env.pa.out_mon [OUTPUT MONITOR] BRESP = 2 RRESP = 0 RDATA = 00000000
UVM_INFO axi4_lite_driver.sv(34) @ 11665: uvm_test_top.env.aa.drv [DRV] awaddr = 0000002c wdata = 49aac5fa wstrb = 4 araddr = 527a4178
UVM_INFO axi4_lite_scoreboard.sv(52) @ 11665: uvm_test_top.env.scb [BRESP] Matched : exp_bresp= 2 actual_bresp=2 write = 1 read = 0
UVM_INFO axi4_lite_subscriber.sv(40) @ 11685: uvm_test_top.env.sb [sb] INPUT COVERAGE = 100.00 %
UVM_INFO axi4_lite_inp_monitor.sv(44) @ 11685: uvm_test_top.env.aa.inp_mon [INPUT MONITOR]  WRITE awaddr=00000030 wdata=d2a5c9fd wstrb=1101 
UVM_INFO axi4_lite_out_monitor.sv(28) @ 11705: uvm_test_top.env.pa.out_mon [OUTPUT MONITOR] BRESP = 2 RRESP = 0 RDATA = 00000000
UVM_INFO axi4_lite_driver.sv(34) @ 11705: uvm_test_top.env.aa.drv [DRV] awaddr = 00000030 wdata = d2a5c9fd wstrb = d araddr = cfb91ce8
UVM_INFO axi4_lite_scoreboard.sv(52) @ 11705: uvm_test_top.env.scb [BRESP] Matched : exp_bresp= 2 actual_bresp=2 write = 1 read = 0
UVM_INFO axi4_lite_subscriber.sv(40) @ 11745: uvm_test_top.env.sb [sb] INPUT COVERAGE = 100.00 %
UVM_INFO axi4_lite_inp_monitor.sv(44) @ 11745: uvm_test_top.env.aa.inp_mon [INPUT MONITOR]  WRITE awaddr=0000002c wdata=f339f98b wstrb=1001 
UVM_INFO axi4_lite_out_monitor.sv(28) @ 11765: uvm_test_top.env.pa.out_mon [OUTPUT MONITOR] BRESP = 2 RRESP = 0 RDATA = 00000000
UVM_INFO axi4_lite_driver.sv(34) @ 11765: uvm_test_top.env.aa.drv [DRV] awaddr = 0000002c wdata = f339f98b wstrb = 9 araddr = 1c81178c
UVM_INFO axi4_lite_scoreboard.sv(52) @ 11765: uvm_test_top.env.scb [BRESP] Matched : exp_bresp= 2 actual_bresp=2 write = 1 read = 0
UVM_INFO axi4_lite_subscriber.sv(40) @ 11785: uvm_test_top.env.sb [sb] INPUT COVERAGE = 100.00 %
UVM_INFO axi4_lite_inp_monitor.sv(44) @ 11785: uvm_test_top.env.aa.inp_mon [INPUT MONITOR]  WRITE awaddr=00000030 wdata=5ac810b5 wstrb=1110 
UVM_INFO axi4_lite_out_monitor.sv(28) @ 11805: uvm_test_top.env.pa.out_mon [OUTPUT MONITOR] BRESP = 2 RRESP = 0 RDATA = 00000000
UVM_INFO axi4_lite_driver.sv(34) @ 11805: uvm_test_top.env.aa.drv [DRV] awaddr = 00000030 wdata = 5ac810b5 wstrb = e araddr = e7494300
UVM_INFO axi4_lite_scoreboard.sv(52) @ 11805: uvm_test_top.env.scb [BRESP] Matched : exp_bresp= 2 actual_bresp=2 write = 1 read = 0
UVM_INFO axi4_lite_subscriber.sv(40) @ 11825: uvm_test_top.env.sb [sb] INPUT COVERAGE = 100.00 %
UVM_INFO axi4_lite_inp_monitor.sv(44) @ 11825: uvm_test_top.env.aa.inp_mon [INPUT MONITOR]  WRITE awaddr=0000002c wdata=dc2e858e wstrb=0110 
UVM_INFO axi4_lite_out_monitor.sv(28) @ 11845: uvm_test_top.env.pa.out_mon [OUTPUT MONITOR] BRESP = 2 RRESP = 0 RDATA = 00000000
UVM_INFO axi4_lite_driver.sv(34) @ 11845: uvm_test_top.env.aa.drv [DRV] awaddr = 0000002c wdata = dc2e858e wstrb = 6 araddr = 20bcb8e0
UVM_INFO axi4_lite_scoreboard.sv(52) @ 11845: uvm_test_top.env.scb [BRESP] Matched : exp_bresp= 2 actual_bresp=2 write = 1 read = 0
UVM_INFO axi4_lite_subscriber.sv(40) @ 11865: uvm_test_top.env.sb [sb] INPUT COVERAGE = 100.00 %
UVM_INFO axi4_lite_inp_monitor.sv(44) @ 11865: uvm_test_top.env.aa.inp_mon [INPUT MONITOR]  WRITE awaddr=00000028 wdata=5a9ce912 wstrb=0101 
UVM_INFO axi4_lite_out_monitor.sv(28) @ 11885: uvm_test_top.env.pa.out_mon [OUTPUT MONITOR] BRESP = 2 RRESP = 0 RDATA = 00000000
UVM_INFO axi4_lite_driver.sv(34) @ 11885: uvm_test_top.env.aa.drv [DRV] awaddr = 00000028 wdata = 5a9ce912 wstrb = 5 araddr = 20c3c694
UVM_INFO axi4_lite_scoreboard.sv(52) @ 11885: uvm_test_top.env.scb [BRESP] Matched : exp_bresp= 2 actual_bresp=2 write = 1 read = 0
UVM_INFO axi4_lite_subscriber.sv(40) @ 11915: uvm_test_top.env.sb [sb] INPUT COVERAGE = 100.00 %
UVM_INFO axi4_lite_inp_monitor.sv(44) @ 11915: uvm_test_top.env.aa.inp_mon [INPUT MONITOR]  WRITE awaddr=0000002c wdata=bfb1e4fb wstrb=1100 
UVM_INFO axi4_lite_out_monitor.sv(28) @ 11935: uvm_test_top.env.pa.out_mon [OUTPUT MONITOR] BRESP = 2 RRESP = 0 RDATA = 00000000
UVM_INFO axi4_lite_driver.sv(34) @ 11935: uvm_test_top.env.aa.drv [DRV] awaddr = 0000002c wdata = bfb1e4fb wstrb = c araddr = 02872dcc
UVM_INFO axi4_lite_scoreboard.sv(52) @ 11935: uvm_test_top.env.scb [BRESP] Matched : exp_bresp= 2 actual_bresp=2 write = 1 read = 0
UVM_INFO axi4_lite_subscriber.sv(40) @ 11985: uvm_test_top.env.sb [sb] INPUT COVERAGE = 100.00 %
UVM_INFO axi4_lite_inp_monitor.sv(44) @ 11985: uvm_test_top.env.aa.inp_mon [INPUT MONITOR]  WRITE awaddr=0000002c wdata=49caf6c5 wstrb=0011 
UVM_INFO axi4_lite_out_monitor.sv(28) @ 12005: uvm_test_top.env.pa.out_mon [OUTPUT MONITOR] BRESP = 2 RRESP = 0 RDATA = 00000000
UVM_INFO axi4_lite_driver.sv(34) @ 12005: uvm_test_top.env.aa.drv [DRV] awaddr = 0000002c wdata = 49caf6c5 wstrb = 3 araddr = 9a5f1278
UVM_INFO axi4_lite_scoreboard.sv(52) @ 12005: uvm_test_top.env.scb [BRESP] Matched : exp_bresp= 2 actual_bresp=2 write = 1 read = 0
UVM_INFO axi4_lite_subscriber.sv(40) @ 12045: uvm_test_top.env.sb [sb] INPUT COVERAGE = 100.00 %
UVM_INFO axi4_lite_inp_monitor.sv(44) @ 12045: uvm_test_top.env.aa.inp_mon [INPUT MONITOR]  WRITE awaddr=00000028 wdata=25c82001 wstrb=1010 
UVM_INFO axi4_lite_out_monitor.sv(28) @ 12065: uvm_test_top.env.pa.out_mon [OUTPUT MONITOR] BRESP = 2 RRESP = 0 RDATA = 00000000
UVM_INFO axi4_lite_driver.sv(34) @ 12065: uvm_test_top.env.aa.drv [DRV] awaddr = 00000028 wdata = 25c82001 wstrb = a araddr = 42c10a90
UVM_INFO axi4_lite_scoreboard.sv(52) @ 12065: uvm_test_top.env.scb [BRESP] Matched : exp_bresp= 2 actual_bresp=2 write = 1 read = 0
UVM_INFO axi4_lite_subscriber.sv(40) @ 12105: uvm_test_top.env.sb [sb] INPUT COVERAGE = 100.00 %
UVM_INFO axi4_lite_inp_monitor.sv(44) @ 12105: uvm_test_top.env.aa.inp_mon [INPUT MONITOR]  WRITE awaddr=0000002c wdata=a27b7303 wstrb=1101 
UVM_INFO axi4_lite_out_monitor.sv(28) @ 12125: uvm_test_top.env.pa.out_mon [OUTPUT MONITOR] BRESP = 2 RRESP = 0 RDATA = 00000000
UVM_INFO axi4_lite_driver.sv(34) @ 12125: uvm_test_top.env.aa.drv [DRV] awaddr = 0000002c wdata = a27b7303 wstrb = d araddr = 47a3d940
UVM_INFO axi4_lite_scoreboard.sv(52) @ 12125: uvm_test_top.env.scb [BRESP] Matched : exp_bresp= 2 actual_bresp=2 write = 1 read = 0
UVM_INFO axi4_lite_subscriber.sv(40) @ 12175: uvm_test_top.env.sb [sb] INPUT COVERAGE = 100.00 %
UVM_INFO axi4_lite_inp_monitor.sv(44) @ 12175: uvm_test_top.env.aa.inp_mon [INPUT MONITOR]  WRITE awaddr=0000002c wdata=a284670c wstrb=1000 
UVM_INFO axi4_lite_out_monitor.sv(28) @ 12195: uvm_test_top.env.pa.out_mon [OUTPUT MONITOR] BRESP = 2 RRESP = 0 RDATA = 00000000
UVM_INFO axi4_lite_driver.sv(34) @ 12195: uvm_test_top.env.aa.drv [DRV] awaddr = 0000002c wdata = a284670c wstrb = 8 araddr = b92572f4
UVM_INFO axi4_lite_scoreboard.sv(52) @ 12195: uvm_test_top.env.scb [BRESP] Matched : exp_bresp= 2 actual_bresp=2 write = 1 read = 0
UVM_INFO axi4_lite_subscriber.sv(40) @ 12235: uvm_test_top.env.sb [sb] INPUT COVERAGE = 100.00 %
UVM_INFO axi4_lite_inp_monitor.sv(44) @ 12235: uvm_test_top.env.aa.inp_mon [INPUT MONITOR]  WRITE awaddr=00000028 wdata=8835c00c wstrb=1011 
UVM_INFO axi4_lite_out_monitor.sv(28) @ 12255: uvm_test_top.env.pa.out_mon [OUTPUT MONITOR] BRESP = 2 RRESP = 0 RDATA = 00000000
UVM_INFO axi4_lite_driver.sv(34) @ 12255: uvm_test_top.env.aa.drv [DRV] awaddr = 00000028 wdata = 8835c00c wstrb = b araddr = 8bf73e08
UVM_INFO axi4_lite_scoreboard.sv(52) @ 12255: uvm_test_top.env.scb [BRESP] Matched : exp_bresp= 2 actual_bresp=2 write = 1 read = 0
UVM_INFO axi4_lite_subscriber.sv(40) @ 12305: uvm_test_top.env.sb [sb] INPUT COVERAGE = 100.00 %
UVM_INFO axi4_lite_inp_monitor.sv(44) @ 12305: uvm_test_top.env.aa.inp_mon [INPUT MONITOR]  WRITE awaddr=00000028 wdata=07eb2b5a wstrb=0110 
UVM_INFO axi4_lite_out_monitor.sv(28) @ 12325: uvm_test_top.env.pa.out_mon [OUTPUT MONITOR] BRESP = 2 RRESP = 0 RDATA = 00000000
UVM_INFO axi4_lite_driver.sv(34) @ 12325: uvm_test_top.env.aa.drv [DRV] awaddr = 00000028 wdata = 07eb2b5a wstrb = 6 araddr = c2331e54
UVM_INFO axi4_lite_scoreboard.sv(52) @ 12325: uvm_test_top.env.scb [BRESP] Matched : exp_bresp= 2 actual_bresp=2 write = 1 read = 0
UVM_INFO axi4_lite_subscriber.sv(40) @ 12345: uvm_test_top.env.sb [sb] INPUT COVERAGE = 100.00 %
UVM_INFO axi4_lite_inp_monitor.sv(44) @ 12345: uvm_test_top.env.aa.inp_mon [INPUT MONITOR]  WRITE awaddr=00000030 wdata=e58a92c8 wstrb=1111 
UVM_INFO axi4_lite_out_monitor.sv(28) @ 12365: uvm_test_top.env.pa.out_mon [OUTPUT MONITOR] BRESP = 2 RRESP = 0 RDATA = 00000000
UVM_INFO axi4_lite_driver.sv(34) @ 12365: uvm_test_top.env.aa.drv [DRV] awaddr = 00000030 wdata = e58a92c8 wstrb = f araddr = 22067648
UVM_INFO axi4_lite_scoreboard.sv(52) @ 12365: uvm_test_top.env.scb [BRESP] Matched : exp_bresp= 2 actual_bresp=2 write = 1 read = 0
UVM_INFO axi4_lite_subscriber.sv(40) @ 12405: uvm_test_top.env.sb [sb] INPUT COVERAGE = 100.00 %
UVM_INFO axi4_lite_inp_monitor.sv(44) @ 12405: uvm_test_top.env.aa.inp_mon [INPUT MONITOR]  WRITE awaddr=00000030 wdata=5ca2519e wstrb=0101 
UVM_INFO axi4_lite_out_monitor.sv(28) @ 12425: uvm_test_top.env.pa.out_mon [OUTPUT MONITOR] BRESP = 2 RRESP = 0 RDATA = 00000000
UVM_INFO axi4_lite_driver.sv(34) @ 12425: uvm_test_top.env.aa.drv [DRV] awaddr = 00000030 wdata = 5ca2519e wstrb = 5 araddr = a0ce1a70
UVM_INFO axi4_lite_scoreboard.sv(52) @ 12425: uvm_test_top.env.scb [BRESP] Matched : exp_bresp= 2 actual_bresp=2 write = 1 read = 0
UVM_INFO axi4_lite_subscriber.sv(40) @ 12475: uvm_test_top.env.sb [sb] INPUT COVERAGE = 100.00 %
UVM_INFO axi4_lite_inp_monitor.sv(44) @ 12475: uvm_test_top.env.aa.inp_mon [INPUT MONITOR]  WRITE awaddr=00000028 wdata=c8305e3c wstrb=1111 
UVM_INFO axi4_lite_out_monitor.sv(28) @ 12495: uvm_test_top.env.pa.out_mon [OUTPUT MONITOR] BRESP = 2 RRESP = 0 RDATA = 00000000
UVM_INFO axi4_lite_driver.sv(34) @ 12495: uvm_test_top.env.aa.drv [DRV] awaddr = 00000028 wdata = c8305e3c wstrb = f araddr = 2f76762c
UVM_INFO axi4_lite_scoreboard.sv(52) @ 12495: uvm_test_top.env.scb [BRESP] Matched : exp_bresp= 2 actual_bresp=2 write = 1 read = 0
UVM_INFO axi4_lite_subscriber.sv(40) @ 12525: uvm_test_top.env.sb [sb] INPUT COVERAGE = 100.00 %
UVM_INFO axi4_lite_inp_monitor.sv(44) @ 12525: uvm_test_top.env.aa.inp_mon [INPUT MONITOR]  WRITE awaddr=0000002c wdata=31147e0e wstrb=1100 
UVM_INFO axi4_lite_out_monitor.sv(28) @ 12545: uvm_test_top.env.pa.out_mon [OUTPUT MONITOR] BRESP = 2 RRESP = 0 RDATA = 00000000
UVM_INFO axi4_lite_driver.sv(34) @ 12545: uvm_test_top.env.aa.drv [DRV] awaddr = 0000002c wdata = 31147e0e wstrb = c araddr = b624991c
UVM_INFO axi4_lite_scoreboard.sv(52) @ 12545: uvm_test_top.env.scb [BRESP] Matched : exp_bresp= 2 actual_bresp=2 write = 1 read = 0
UVM_INFO axi4_lite_subscriber.sv(40) @ 12585: uvm_test_top.env.sb [sb] INPUT COVERAGE = 100.00 %
UVM_INFO axi4_lite_inp_monitor.sv(44) @ 12585: uvm_test_top.env.aa.inp_mon [INPUT MONITOR]  WRITE awaddr=0000002c wdata=ed1142c5 wstrb=0101 
UVM_INFO axi4_lite_out_monitor.sv(28) @ 12605: uvm_test_top.env.pa.out_mon [OUTPUT MONITOR] BRESP = 2 RRESP = 0 RDATA = 00000000
UVM_INFO axi4_lite_driver.sv(34) @ 12605: uvm_test_top.env.aa.drv [DRV] awaddr = 0000002c wdata = ed1142c5 wstrb = 5 araddr = 75399700
UVM_INFO axi4_lite_scoreboard.sv(52) @ 12605: uvm_test_top.env.scb [BRESP] Matched : exp_bresp= 2 actual_bresp=2 write = 1 read = 0
UVM_INFO axi4_lite_subscriber.sv(40) @ 12635: uvm_test_top.env.sb [sb] INPUT COVERAGE = 100.00 %
UVM_INFO axi4_lite_inp_monitor.sv(44) @ 12635: uvm_test_top.env.aa.inp_mon [INPUT MONITOR]  WRITE awaddr=00000030 wdata=07db675f wstrb=1110 
UVM_INFO axi4_lite_out_monitor.sv(28) @ 12655: uvm_test_top.env.pa.out_mon [OUTPUT MONITOR] BRESP = 2 RRESP = 0 RDATA = 00000000
UVM_INFO axi4_lite_driver.sv(34) @ 12655: uvm_test_top.env.aa.drv [DRV] awaddr = 00000030 wdata = 07db675f wstrb = e araddr = d61e8dec
UVM_INFO axi4_lite_scoreboard.sv(52) @ 12655: uvm_test_top.env.scb [BRESP] Matched : exp_bresp= 2 actual_bresp=2 write = 1 read = 0
UVM_INFO axi4_lite_subscriber.sv(40) @ 12705: uvm_test_top.env.sb [sb] INPUT COVERAGE = 100.00 %
UVM_INFO axi4_lite_inp_monitor.sv(44) @ 12705: uvm_test_top.env.aa.inp_mon [INPUT MONITOR]  WRITE awaddr=00000030 wdata=536f6a64 wstrb=1011 
UVM_INFO axi4_lite_out_monitor.sv(28) @ 12725: uvm_test_top.env.pa.out_mon [OUTPUT MONITOR] BRESP = 2 RRESP = 0 RDATA = 00000000
UVM_INFO axi4_lite_driver.sv(34) @ 12725: uvm_test_top.env.aa.drv [DRV] awaddr = 00000030 wdata = 536f6a64 wstrb = b araddr = 556599e4
UVM_INFO axi4_lite_scoreboard.sv(52) @ 12725: uvm_test_top.env.scb [BRESP] Matched : exp_bresp= 2 actual_bresp=2 write = 1 read = 0
UVM_INFO axi4_lite_subscriber.sv(40) @ 12765: uvm_test_top.env.sb [sb] INPUT COVERAGE = 100.00 %
UVM_INFO axi4_lite_inp_monitor.sv(44) @ 12765: uvm_test_top.env.aa.inp_mon [INPUT MONITOR]  WRITE awaddr=00000030 wdata=ed091908 wstrb=1101 
UVM_INFO axi4_lite_out_monitor.sv(28) @ 12785: uvm_test_top.env.pa.out_mon [OUTPUT MONITOR] BRESP = 2 RRESP = 0 RDATA = 00000000
UVM_INFO axi4_lite_driver.sv(34) @ 12785: uvm_test_top.env.aa.drv [DRV] awaddr = 00000030 wdata = ed091908 wstrb = d araddr = fee4e708
UVM_INFO axi4_lite_scoreboard.sv(52) @ 12785: uvm_test_top.env.scb [BRESP] Matched : exp_bresp= 2 actual_bresp=2 write = 1 read = 0
UVM_INFO axi4_lite_subscriber.sv(40) @ 12825: uvm_test_top.env.sb [sb] INPUT COVERAGE = 100.00 %
UVM_INFO axi4_lite_inp_monitor.sv(44) @ 12825: uvm_test_top.env.aa.inp_mon [INPUT MONITOR]  WRITE awaddr=00000030 wdata=0a2e15b1 wstrb=1110 
UVM_INFO axi4_lite_out_monitor.sv(28) @ 12845: uvm_test_top.env.pa.out_mon [OUTPUT MONITOR] BRESP = 2 RRESP = 0 RDATA = 00000000
UVM_INFO axi4_lite_driver.sv(34) @ 12845: uvm_test_top.env.aa.drv [DRV] awaddr = 00000030 wdata = 0a2e15b1 wstrb = e araddr = 9ba1e4bc
UVM_INFO axi4_lite_scoreboard.sv(52) @ 12845: uvm_test_top.env.scb [BRESP] Matched : exp_bresp= 2 actual_bresp=2 write = 1 read = 0
UVM_INFO axi4_lite_subscriber.sv(40) @ 12885: uvm_test_top.env.sb [sb] INPUT COVERAGE = 100.00 %
UVM_INFO axi4_lite_inp_monitor.sv(44) @ 12885: uvm_test_top.env.aa.inp_mon [INPUT MONITOR]  WRITE awaddr=0000002c wdata=90c686d6 wstrb=1100 
UVM_INFO axi4_lite_out_monitor.sv(28) @ 12905: uvm_test_top.env.pa.out_mon [OUTPUT MONITOR] BRESP = 2 RRESP = 0 RDATA = 00000000
UVM_INFO axi4_lite_driver.sv(34) @ 12905: uvm_test_top.env.aa.drv [DRV] awaddr = 0000002c wdata = 90c686d6 wstrb = c araddr = 214fbfc0
UVM_INFO axi4_lite_scoreboard.sv(52) @ 12905: uvm_test_top.env.scb [BRESP] Matched : exp_bresp= 2 actual_bresp=2 write = 1 read = 0
UVM_INFO axi4_lite_subscriber.sv(40) @ 12955: uvm_test_top.env.sb [sb] INPUT COVERAGE = 100.00 %
UVM_INFO axi4_lite_inp_monitor.sv(44) @ 12955: uvm_test_top.env.aa.inp_mon [INPUT MONITOR]  WRITE awaddr=0000002c wdata=ba63f6f9 wstrb=1111 
UVM_INFO axi4_lite_out_monitor.sv(28) @ 12975: uvm_test_top.env.pa.out_mon [OUTPUT MONITOR] BRESP = 2 RRESP = 0 RDATA = 00000000
UVM_INFO axi4_lite_driver.sv(34) @ 12975: uvm_test_top.env.aa.drv [DRV] awaddr = 0000002c wdata = ba63f6f9 wstrb = f araddr = aef7c974
UVM_INFO axi4_lite_scoreboard.sv(52) @ 12975: uvm_test_top.env.scb [BRESP] Matched : exp_bresp= 2 actual_bresp=2 write = 1 read = 0
UVM_INFO axi4_lite_subscriber.sv(40) @ 13005: uvm_test_top.env.sb [sb] INPUT COVERAGE = 100.00 %
UVM_INFO axi4_lite_inp_monitor.sv(44) @ 13005: uvm_test_top.env.aa.inp_mon [INPUT MONITOR]  WRITE awaddr=00000028 wdata=ea260ee7 wstrb=0111 
UVM_INFO axi4_lite_out_monitor.sv(28) @ 13025: uvm_test_top.env.pa.out_mon [OUTPUT MONITOR] BRESP = 2 RRESP = 0 RDATA = 00000000
UVM_INFO axi4_lite_driver.sv(34) @ 13025: uvm_test_top.env.aa.drv [DRV] awaddr = 00000028 wdata = ea260ee7 wstrb = 7 araddr = 528f59a4
UVM_INFO axi4_lite_scoreboard.sv(52) @ 13025: uvm_test_top.env.scb [BRESP] Matched : exp_bresp= 2 actual_bresp=2 write = 1 read = 0
UVM_INFO axi4_lite_subscriber.sv(40) @ 13045: uvm_test_top.env.sb [sb] INPUT COVERAGE = 100.00 %
UVM_INFO axi4_lite_inp_monitor.sv(44) @ 13045: uvm_test_top.env.aa.inp_mon [INPUT MONITOR]  WRITE awaddr=0000002c wdata=f9562ee9 wstrb=1010 
UVM_INFO axi4_lite_out_monitor.sv(28) @ 13065: uvm_test_top.env.pa.out_mon [OUTPUT MONITOR] BRESP = 2 RRESP = 0 RDATA = 00000000
UVM_INFO axi4_lite_driver.sv(34) @ 13065: uvm_test_top.env.aa.drv [DRV] awaddr = 0000002c wdata = f9562ee9 wstrb = a araddr = 861b1d14
UVM_INFO axi4_lite_scoreboard.sv(52) @ 13065: uvm_test_top.env.scb [BRESP] Matched : exp_bresp= 2 actual_bresp=2 write = 1 read = 0
UVM_INFO axi4_lite_subscriber.sv(40) @ 13105: uvm_test_top.env.sb [sb] INPUT COVERAGE = 100.00 %
UVM_INFO axi4_lite_inp_monitor.sv(44) @ 13105: uvm_test_top.env.aa.inp_mon [INPUT MONITOR]  WRITE awaddr=00000030 wdata=7e46e550 wstrb=1011 
UVM_INFO axi4_lite_out_monitor.sv(28) @ 13125: uvm_test_top.env.pa.out_mon [OUTPUT MONITOR] BRESP = 2 RRESP = 0 RDATA = 00000000
UVM_INFO axi4_lite_driver.sv(34) @ 13125: uvm_test_top.env.aa.drv [DRV] awaddr = 00000030 wdata = 7e46e550 wstrb = b araddr = 87c95290
UVM_INFO axi4_lite_scoreboard.sv(52) @ 13125: uvm_test_top.env.scb [BRESP] Matched : exp_bresp= 2 actual_bresp=2 write = 1 read = 0
UVM_INFO axi4_lite_subscriber.sv(40) @ 13165: uvm_test_top.env.sb [sb] INPUT COVERAGE = 100.00 %
UVM_INFO axi4_lite_inp_monitor.sv(44) @ 13165: uvm_test_top.env.aa.inp_mon [INPUT MONITOR]  WRITE awaddr=00000028 wdata=d81fb2c8 wstrb=1010 
UVM_INFO axi4_lite_out_monitor.sv(28) @ 13185: uvm_test_top.env.pa.out_mon [OUTPUT MONITOR] BRESP = 2 RRESP = 0 RDATA = 00000000
UVM_INFO axi4_lite_driver.sv(34) @ 13185: uvm_test_top.env.aa.drv [DRV] awaddr = 00000028 wdata = d81fb2c8 wstrb = a araddr = 607ad840
UVM_INFO axi4_lite_scoreboard.sv(52) @ 13185: uvm_test_top.env.scb [BRESP] Matched : exp_bresp= 2 actual_bresp=2 write = 1 read = 0
UVM_INFO axi4_lite_subscriber.sv(40) @ 13215: uvm_test_top.env.sb [sb] INPUT COVERAGE = 100.00 %
UVM_INFO axi4_lite_inp_monitor.sv(44) @ 13215: uvm_test_top.env.aa.inp_mon [INPUT MONITOR]  WRITE awaddr=00000028 wdata=c66a10b1 wstrb=1001 
UVM_INFO axi4_lite_out_monitor.sv(28) @ 13235: uvm_test_top.env.pa.out_mon [OUTPUT MONITOR] BRESP = 2 RRESP = 0 RDATA = 00000000
UVM_INFO axi4_lite_driver.sv(34) @ 13235: uvm_test_top.env.aa.drv [DRV] awaddr = 00000028 wdata = c66a10b1 wstrb = 9 araddr = c9bf7134
UVM_INFO axi4_lite_scoreboard.sv(52) @ 13235: uvm_test_top.env.scb [BRESP] Matched : exp_bresp= 2 actual_bresp=2 write = 1 read = 0
UVM_INFO axi4_lite_subscriber.sv(40) @ 13275: uvm_test_top.env.sb [sb] INPUT COVERAGE = 100.00 %
UVM_INFO axi4_lite_inp_monitor.sv(44) @ 13275: uvm_test_top.env.aa.inp_mon [INPUT MONITOR]  WRITE awaddr=00000028 wdata=bfbf3536 wstrb=0001 
UVM_INFO axi4_lite_out_monitor.sv(28) @ 13295: uvm_test_top.env.pa.out_mon [OUTPUT MONITOR] BRESP = 2 RRESP = 0 RDATA = 00000000
UVM_INFO axi4_lite_driver.sv(34) @ 13295: uvm_test_top.env.aa.drv [DRV] awaddr = 00000028 wdata = bfbf3536 wstrb = 1 araddr = b8d73054
UVM_INFO axi4_lite_scoreboard.sv(52) @ 13295: uvm_test_top.env.scb [BRESP] Matched : exp_bresp= 2 actual_bresp=2 write = 1 read = 0
UVM_INFO axi4_lite_subscriber.sv(40) @ 13345: uvm_test_top.env.sb [sb] INPUT COVERAGE = 100.00 %
UVM_INFO axi4_lite_inp_monitor.sv(44) @ 13345: uvm_test_top.env.aa.inp_mon [INPUT MONITOR]  WRITE awaddr=00000030 wdata=a19f680a wstrb=0011 
UVM_INFO axi4_lite_out_monitor.sv(28) @ 13365: uvm_test_top.env.pa.out_mon [OUTPUT MONITOR] BRESP = 2 RRESP = 0 RDATA = 00000000
UVM_INFO axi4_lite_driver.sv(34) @ 13365: uvm_test_top.env.aa.drv [DRV] awaddr = 00000030 wdata = a19f680a wstrb = 3 araddr = 25c1039c
UVM_INFO axi4_lite_scoreboard.sv(52) @ 13365: uvm_test_top.env.scb [BRESP] Matched : exp_bresp= 2 actual_bresp=2 write = 1 read = 0
UVM_INFO axi4_lite_subscriber.sv(40) @ 13415: uvm_test_top.env.sb [sb] INPUT COVERAGE = 100.00 %
UVM_INFO axi4_lite_inp_monitor.sv(44) @ 13415: uvm_test_top.env.aa.inp_mon [INPUT MONITOR]  WRITE awaddr=00000028 wdata=71d46845 wstrb=0111 
UVM_INFO axi4_lite_out_monitor.sv(28) @ 13435: uvm_test_top.env.pa.out_mon [OUTPUT MONITOR] BRESP = 2 RRESP = 0 RDATA = 00000000
UVM_INFO axi4_lite_driver.sv(34) @ 13435: uvm_test_top.env.aa.drv [DRV] awaddr = 00000028 wdata = 71d46845 wstrb = 7 araddr = 01c7c8fc
UVM_INFO axi4_lite_scoreboard.sv(52) @ 13435: uvm_test_top.env.scb [BRESP] Matched : exp_bresp= 2 actual_bresp=2 write = 1 read = 0
UVM_INFO axi4_lite_subscriber.sv(40) @ 13485: uvm_test_top.env.sb [sb] INPUT COVERAGE = 100.00 %
UVM_INFO axi4_lite_inp_monitor.sv(44) @ 13485: uvm_test_top.env.aa.inp_mon [INPUT MONITOR]  WRITE awaddr=00000030 wdata=22d122dd wstrb=1110 
UVM_INFO axi4_lite_out_monitor.sv(28) @ 13505: uvm_test_top.env.pa.out_mon [OUTPUT MONITOR] BRESP = 2 RRESP = 0 RDATA = 00000000
UVM_INFO axi4_lite_driver.sv(34) @ 13505: uvm_test_top.env.aa.drv [DRV] awaddr = 00000030 wdata = 22d122dd wstrb = e araddr = 2e40b118
UVM_INFO axi4_lite_scoreboard.sv(52) @ 13505: uvm_test_top.env.scb [BRESP] Matched : exp_bresp= 2 actual_bresp=2 write = 1 read = 0
UVM_INFO axi4_lite_subscriber.sv(40) @ 13535: uvm_test_top.env.sb [sb] INPUT COVERAGE = 100.00 %
UVM_INFO axi4_lite_inp_monitor.sv(44) @ 13535: uvm_test_top.env.aa.inp_mon [INPUT MONITOR]  WRITE awaddr=00000030 wdata=feaf9c19 wstrb=1011 
UVM_INFO axi4_lite_out_monitor.sv(28) @ 13555: uvm_test_top.env.pa.out_mon [OUTPUT MONITOR] BRESP = 2 RRESP = 0 RDATA = 00000000
UVM_INFO axi4_lite_driver.sv(34) @ 13555: uvm_test_top.env.aa.drv [DRV] awaddr = 00000030 wdata = feaf9c19 wstrb = b araddr = baec0100
UVM_INFO axi4_lite_scoreboard.sv(52) @ 13555: uvm_test_top.env.scb [BRESP] Matched : exp_bresp= 2 actual_bresp=2 write = 1 read = 0
UVM_INFO axi4_lite_subscriber.sv(40) @ 13575: uvm_test_top.env.sb [sb] INPUT COVERAGE = 100.00 %
UVM_INFO axi4_lite_inp_monitor.sv(44) @ 13575: uvm_test_top.env.aa.inp_mon [INPUT MONITOR]  WRITE awaddr=00000030 wdata=b72ea662 wstrb=0111 
UVM_INFO axi4_lite_out_monitor.sv(28) @ 13595: uvm_test_top.env.pa.out_mon [OUTPUT MONITOR] BRESP = 2 RRESP = 0 RDATA = 00000000
UVM_INFO axi4_lite_driver.sv(34) @ 13595: uvm_test_top.env.aa.drv [DRV] awaddr = 00000030 wdata = b72ea662 wstrb = 7 araddr = 377395cc
UVM_INFO axi4_lite_scoreboard.sv(52) @ 13595: uvm_test_top.env.scb [BRESP] Matched : exp_bresp= 2 actual_bresp=2 write = 1 read = 0
UVM_INFO axi4_lite_subscriber.sv(40) @ 13645: uvm_test_top.env.sb [sb] INPUT COVERAGE = 100.00 %
UVM_INFO axi4_lite_inp_monitor.sv(44) @ 13645: uvm_test_top.env.aa.inp_mon [INPUT MONITOR]  WRITE awaddr=00000030 wdata=dac66279 wstrb=0011 
UVM_INFO axi4_lite_out_monitor.sv(28) @ 13665: uvm_test_top.env.pa.out_mon [OUTPUT MONITOR] BRESP = 2 RRESP = 0 RDATA = 00000000
UVM_INFO axi4_lite_driver.sv(34) @ 13665: uvm_test_top.env.aa.drv [DRV] awaddr = 00000030 wdata = dac66279 wstrb = 3 araddr = 2dcd7624
UVM_INFO axi4_lite_scoreboard.sv(52) @ 13665: uvm_test_top.env.scb [BRESP] Matched : exp_bresp= 2 actual_bresp=2 write = 1 read = 0
UVM_INFO axi4_lite_subscriber.sv(40) @ 13705: uvm_test_top.env.sb [sb] INPUT COVERAGE = 100.00 %
UVM_INFO axi4_lite_inp_monitor.sv(44) @ 13705: uvm_test_top.env.aa.inp_mon [INPUT MONITOR]  WRITE awaddr=00000030 wdata=c5dc94ae wstrb=0000 
UVM_INFO axi4_lite_out_monitor.sv(28) @ 13725: uvm_test_top.env.pa.out_mon [OUTPUT MONITOR] BRESP = 2 RRESP = 0 RDATA = 00000000
UVM_INFO axi4_lite_driver.sv(34) @ 13725: uvm_test_top.env.aa.drv [DRV] awaddr = 00000030 wdata = c5dc94ae wstrb = 0 araddr = 35ec0998
UVM_INFO axi4_lite_scoreboard.sv(52) @ 13725: uvm_test_top.env.scb [BRESP] Matched : exp_bresp= 2 actual_bresp=2 write = 1 read = 0
UVM_INFO axi4_lite_subscriber.sv(40) @ 13755: uvm_test_top.env.sb [sb] INPUT COVERAGE = 100.00 %
UVM_INFO axi4_lite_inp_monitor.sv(44) @ 13755: uvm_test_top.env.aa.inp_mon [INPUT MONITOR]  WRITE awaddr=00000028 wdata=e8e9f250 wstrb=0101 
UVM_INFO axi4_lite_out_monitor.sv(28) @ 13775: uvm_test_top.env.pa.out_mon [OUTPUT MONITOR] BRESP = 2 RRESP = 0 RDATA = 00000000
UVM_INFO axi4_lite_driver.sv(34) @ 13775: uvm_test_top.env.aa.drv [DRV] awaddr = 00000028 wdata = e8e9f250 wstrb = 5 araddr = a5f4215c
UVM_INFO axi4_lite_scoreboard.sv(52) @ 13775: uvm_test_top.env.scb [BRESP] Matched : exp_bresp= 2 actual_bresp=2 write = 1 read = 0
UVM_INFO axi4_lite_subscriber.sv(40) @ 13805: uvm_test_top.env.sb [sb] INPUT COVERAGE = 100.00 %
UVM_INFO axi4_lite_inp_monitor.sv(44) @ 13805: uvm_test_top.env.aa.inp_mon [INPUT MONITOR]  WRITE awaddr=00000030 wdata=3b7bcd0b wstrb=1110 
UVM_INFO axi4_lite_out_monitor.sv(28) @ 13825: uvm_test_top.env.pa.out_mon [OUTPUT MONITOR] BRESP = 2 RRESP = 0 RDATA = 00000000
UVM_INFO axi4_lite_driver.sv(34) @ 13825: uvm_test_top.env.aa.drv [DRV] awaddr = 00000030 wdata = 3b7bcd0b wstrb = e araddr = 06e725e8
UVM_INFO axi4_lite_scoreboard.sv(52) @ 13825: uvm_test_top.env.scb [BRESP] Matched : exp_bresp= 2 actual_bresp=2 write = 1 read = 0
UVM_INFO axi4_lite_subscriber.sv(40) @ 13865: uvm_test_top.env.sb [sb] INPUT COVERAGE = 100.00 %
UVM_INFO axi4_lite_inp_monitor.sv(44) @ 13865: uvm_test_top.env.aa.inp_mon [INPUT MONITOR]  WRITE awaddr=0000002c wdata=6b082eba wstrb=1001 
UVM_INFO axi4_lite_out_monitor.sv(28) @ 13885: uvm_test_top.env.pa.out_mon [OUTPUT MONITOR] BRESP = 2 RRESP = 0 RDATA = 00000000
UVM_INFO axi4_lite_driver.sv(34) @ 13885: uvm_test_top.env.aa.drv [DRV] awaddr = 0000002c wdata = 6b082eba wstrb = 9 araddr = cc08bd70
UVM_INFO axi4_lite_scoreboard.sv(52) @ 13885: uvm_test_top.env.scb [BRESP] Matched : exp_bresp= 2 actual_bresp=2 write = 1 read = 0
UVM_INFO axi4_lite_subscriber.sv(40) @ 13925: uvm_test_top.env.sb [sb] INPUT COVERAGE = 100.00 %
UVM_INFO axi4_lite_inp_monitor.sv(44) @ 13925: uvm_test_top.env.aa.inp_mon [INPUT MONITOR]  WRITE awaddr=00000028 wdata=6cd35cbe wstrb=0010 
UVM_INFO axi4_lite_out_monitor.sv(28) @ 13945: uvm_test_top.env.pa.out_mon [OUTPUT MONITOR] BRESP = 2 RRESP = 0 RDATA = 00000000
UVM_INFO axi4_lite_driver.sv(34) @ 13945: uvm_test_top.env.aa.drv [DRV] awaddr = 00000028 wdata = 6cd35cbe wstrb = 2 araddr = 0bdc3d90
UVM_INFO axi4_lite_scoreboard.sv(52) @ 13945: uvm_test_top.env.scb [BRESP] Matched : exp_bresp= 2 actual_bresp=2 write = 1 read = 0
UVM_INFO axi4_lite_subscriber.sv(40) @ 13975: uvm_test_top.env.sb [sb] INPUT COVERAGE = 100.00 %
UVM_INFO axi4_lite_inp_monitor.sv(44) @ 13975: uvm_test_top.env.aa.inp_mon [INPUT MONITOR]  WRITE awaddr=00000028 wdata=af57b852 wstrb=0001 
UVM_INFO axi4_lite_out_monitor.sv(28) @ 13995: uvm_test_top.env.pa.out_mon [OUTPUT MONITOR] BRESP = 2 RRESP = 0 RDATA = 00000000
UVM_INFO axi4_lite_driver.sv(34) @ 13995: uvm_test_top.env.aa.drv [DRV] awaddr = 00000028 wdata = af57b852 wstrb = 1 araddr = 9af61648
UVM_INFO axi4_lite_scoreboard.sv(52) @ 13995: uvm_test_top.env.scb [BRESP] Matched : exp_bresp= 2 actual_bresp=2 write = 1 read = 0
UVM_INFO axi4_lite_subscriber.sv(40) @ 14025: uvm_test_top.env.sb [sb] INPUT COVERAGE = 100.00 %
UVM_INFO axi4_lite_inp_monitor.sv(44) @ 14025: uvm_test_top.env.aa.inp_mon [INPUT MONITOR]  WRITE awaddr=0000002c wdata=66431469 wstrb=0011 
UVM_INFO axi4_lite_out_monitor.sv(28) @ 14045: uvm_test_top.env.pa.out_mon [OUTPUT MONITOR] BRESP = 2 RRESP = 0 RDATA = 00000000
UVM_INFO axi4_lite_driver.sv(34) @ 14045: uvm_test_top.env.aa.drv [DRV] awaddr = 0000002c wdata = 66431469 wstrb = 3 araddr = 42fd44f4
UVM_INFO axi4_lite_scoreboard.sv(52) @ 14045: uvm_test_top.env.scb [BRESP] Matched : exp_bresp= 2 actual_bresp=2 write = 1 read = 0
UVM_INFO axi4_lite_subscriber.sv(40) @ 14095: uvm_test_top.env.sb [sb] INPUT COVERAGE = 100.00 %
UVM_INFO axi4_lite_inp_monitor.sv(44) @ 14095: uvm_test_top.env.aa.inp_mon [INPUT MONITOR]  WRITE awaddr=0000002c wdata=fa86e775 wstrb=1000 
UVM_INFO axi4_lite_out_monitor.sv(28) @ 14115: uvm_test_top.env.pa.out_mon [OUTPUT MONITOR] BRESP = 2 RRESP = 0 RDATA = 00000000
UVM_INFO axi4_lite_driver.sv(34) @ 14115: uvm_test_top.env.aa.drv [DRV] awaddr = 0000002c wdata = fa86e775 wstrb = 8 araddr = 2c82ea50
UVM_INFO axi4_lite_scoreboard.sv(52) @ 14115: uvm_test_top.env.scb [BRESP] Matched : exp_bresp= 2 actual_bresp=2 write = 1 read = 0
UVM_INFO axi4_lite_subscriber.sv(40) @ 14145: uvm_test_top.env.sb [sb] INPUT COVERAGE = 100.00 %
UVM_INFO axi4_lite_inp_monitor.sv(44) @ 14145: uvm_test_top.env.aa.inp_mon [INPUT MONITOR]  WRITE awaddr=0000002c wdata=563a5e92 wstrb=0100 
UVM_INFO axi4_lite_out_monitor.sv(28) @ 14165: uvm_test_top.env.pa.out_mon [OUTPUT MONITOR] BRESP = 2 RRESP = 0 RDATA = 00000000
UVM_INFO axi4_lite_driver.sv(34) @ 14165: uvm_test_top.env.aa.drv [DRV] awaddr = 0000002c wdata = 563a5e92 wstrb = 4 araddr = 5f89ec28
UVM_INFO axi4_lite_scoreboard.sv(52) @ 14165: uvm_test_top.env.scb [BRESP] Matched : exp_bresp= 2 actual_bresp=2 write = 1 read = 0
UVM_INFO axi4_lite_subscriber.sv(40) @ 14215: uvm_test_top.env.sb [sb] INPUT COVERAGE = 100.00 %
UVM_INFO axi4_lite_inp_monitor.sv(44) @ 14215: uvm_test_top.env.aa.inp_mon [INPUT MONITOR]  WRITE awaddr=00000030 wdata=2448e4b3 wstrb=1110 
UVM_INFO axi4_lite_out_monitor.sv(28) @ 14235: uvm_test_top.env.pa.out_mon [OUTPUT MONITOR] BRESP = 2 RRESP = 0 RDATA = 00000000
UVM_INFO axi4_lite_driver.sv(34) @ 14235: uvm_test_top.env.aa.drv [DRV] awaddr = 00000030 wdata = 2448e4b3 wstrb = e araddr = 5ab02770
UVM_INFO axi4_lite_scoreboard.sv(52) @ 14235: uvm_test_top.env.scb [BRESP] Matched : exp_bresp= 2 actual_bresp=2 write = 1 read = 0
UVM_INFO axi4_lite_subscriber.sv(40) @ 14265: uvm_test_top.env.sb [sb] INPUT COVERAGE = 100.00 %
UVM_INFO axi4_lite_inp_monitor.sv(44) @ 14265: uvm_test_top.env.aa.inp_mon [INPUT MONITOR]  WRITE awaddr=0000002c wdata=f1d9c532 wstrb=0000 
UVM_INFO axi4_lite_out_monitor.sv(28) @ 14285: uvm_test_top.env.pa.out_mon [OUTPUT MONITOR] BRESP = 2 RRESP = 0 RDATA = 00000000
UVM_INFO axi4_lite_driver.sv(34) @ 14285: uvm_test_top.env.aa.drv [DRV] awaddr = 0000002c wdata = f1d9c532 wstrb = 0 araddr = 663fd648
UVM_INFO axi4_lite_scoreboard.sv(52) @ 14285: uvm_test_top.env.scb [BRESP] Matched : exp_bresp= 2 actual_bresp=2 write = 1 read = 0
UVM_INFO axi4_lite_subscriber.sv(40) @ 14305: uvm_test_top.env.sb [sb] INPUT COVERAGE = 100.00 %
UVM_INFO axi4_lite_inp_monitor.sv(44) @ 14305: uvm_test_top.env.aa.inp_mon [INPUT MONITOR]  WRITE awaddr=00000028 wdata=c23477d1 wstrb=1000 
UVM_INFO axi4_lite_out_monitor.sv(28) @ 14325: uvm_test_top.env.pa.out_mon [OUTPUT MONITOR] BRESP = 2 RRESP = 0 RDATA = 00000000
UVM_INFO axi4_lite_driver.sv(34) @ 14325: uvm_test_top.env.aa.drv [DRV] awaddr = 00000028 wdata = c23477d1 wstrb = 8 araddr = a2f258c4
UVM_INFO axi4_lite_scoreboard.sv(52) @ 14325: uvm_test_top.env.scb [BRESP] Matched : exp_bresp= 2 actual_bresp=2 write = 1 read = 0
UVM_INFO axi4_lite_subscriber.sv(40) @ 14365: uvm_test_top.env.sb [sb] INPUT COVERAGE = 100.00 %
UVM_INFO axi4_lite_inp_monitor.sv(44) @ 14365: uvm_test_top.env.aa.inp_mon [INPUT MONITOR]  WRITE awaddr=00000028 wdata=cbbf729f wstrb=0110 
UVM_INFO axi4_lite_out_monitor.sv(28) @ 14385: uvm_test_top.env.pa.out_mon [OUTPUT MONITOR] BRESP = 2 RRESP = 0 RDATA = 00000000
UVM_INFO axi4_lite_driver.sv(34) @ 14385: uvm_test_top.env.aa.drv [DRV] awaddr = 00000028 wdata = cbbf729f wstrb = 6 araddr = 770d1ee0
UVM_INFO axi4_lite_scoreboard.sv(52) @ 14385: uvm_test_top.env.scb [BRESP] Matched : exp_bresp= 2 actual_bresp=2 write = 1 read = 0
Write to ro completed
UVM_INFO axi4_lite_subscriber.sv(40) @ 14395: uvm_test_top.env.sb [sb] INPUT COVERAGE = 100.00 %
UVM_INFO axi4_lite_inp_monitor.sv(38) @ 14395: uvm_test_top.env.aa.inp_mon [INPUT MONITOR] READ araddr=00000034
UVM_INFO axi4_lite_out_monitor.sv(28) @ 14405: uvm_test_top.env.pa.out_mon [OUTPUT MONITOR] BRESP = 0 RRESP = 2 RDATA = 00000000
UVM_INFO axi4_lite_driver.sv(34) @ 14405: uvm_test_top.env.aa.drv [DRV] awaddr = a3e77b7c wdata = 4bc1f51c wstrb = 8 araddr = 00000034
UVM_INFO axi4_lite_scoreboard.sv(68) @ 14405: uvm_test_top.env.scb [RRESP] Matched : exp_rresp=2 actual_rresp =2 write = 0 read = 1
UVM_ERROR axi4_lite_scoreboard.sv(74) @ 14405: uvm_test_top.env.scb [RDATA] Mismatched : exp_rdata= 45939a1b actual_rdata=00000000 
UVM_INFO axi4_lite_subscriber.sv(40) @ 14425: uvm_test_top.env.sb [sb] INPUT COVERAGE = 100.00 %
UVM_INFO axi4_lite_inp_monitor.sv(38) @ 14425: uvm_test_top.env.aa.inp_mon [INPUT MONITOR] READ araddr=00000034
UVM_INFO axi4_lite_out_monitor.sv(28) @ 14435: uvm_test_top.env.pa.out_mon [OUTPUT MONITOR] BRESP = 0 RRESP = 2 RDATA = 00000000
UVM_INFO axi4_lite_driver.sv(34) @ 14435: uvm_test_top.env.aa.drv [DRV] awaddr = eb1785bc wdata = 95fa8377 wstrb = c araddr = 00000034
UVM_INFO axi4_lite_scoreboard.sv(68) @ 14435: uvm_test_top.env.scb [RRESP] Matched : exp_rresp=2 actual_rresp =2 write = 0 read = 1
UVM_ERROR axi4_lite_scoreboard.sv(74) @ 14435: uvm_test_top.env.scb [RDATA] Mismatched : exp_rdata= 45939a1b actual_rdata=00000000 
UVM_INFO axi4_lite_subscriber.sv(40) @ 14455: uvm_test_top.env.sb [sb] INPUT COVERAGE = 100.00 %
UVM_INFO axi4_lite_inp_monitor.sv(38) @ 14455: uvm_test_top.env.aa.inp_mon [INPUT MONITOR] READ araddr=00000034
UVM_INFO axi4_lite_out_monitor.sv(28) @ 14465: uvm_test_top.env.pa.out_mon [OUTPUT MONITOR] BRESP = 0 RRESP = 2 RDATA = 00000000
UVM_INFO axi4_lite_driver.sv(34) @ 14465: uvm_test_top.env.aa.drv [DRV] awaddr = be1735b4 wdata = 5772443e wstrb = f araddr = 00000034
UVM_INFO axi4_lite_scoreboard.sv(68) @ 14465: uvm_test_top.env.scb [RRESP] Matched : exp_rresp=2 actual_rresp =2 write = 0 read = 1
UVM_ERROR axi4_lite_scoreboard.sv(74) @ 14465: uvm_test_top.env.scb [RDATA] Mismatched : exp_rdata= 45939a1b actual_rdata=00000000 
UVM_INFO axi4_lite_subscriber.sv(40) @ 14485: uvm_test_top.env.sb [sb] INPUT COVERAGE = 100.00 %
UVM_INFO axi4_lite_inp_monitor.sv(38) @ 14485: uvm_test_top.env.aa.inp_mon [INPUT MONITOR] READ araddr=00000038
UVM_INFO axi4_lite_out_monitor.sv(28) @ 14495: uvm_test_top.env.pa.out_mon [OUTPUT MONITOR] BRESP = 0 RRESP = 2 RDATA = 00000000
UVM_INFO axi4_lite_driver.sv(34) @ 14495: uvm_test_top.env.aa.drv [DRV] awaddr = b58f393c wdata = 0817fdd1 wstrb = a araddr = 00000038
UVM_INFO axi4_lite_scoreboard.sv(68) @ 14495: uvm_test_top.env.scb [RRESP] Matched : exp_rresp=2 actual_rresp =2 write = 0 read = 1
UVM_ERROR axi4_lite_scoreboard.sv(74) @ 14495: uvm_test_top.env.scb [RDATA] Mismatched : exp_rdata= 45939a1b actual_rdata=00000000 
UVM_INFO axi4_lite_subscriber.sv(40) @ 14515: uvm_test_top.env.sb [sb] INPUT COVERAGE = 100.00 %
UVM_INFO axi4_lite_inp_monitor.sv(38) @ 14515: uvm_test_top.env.aa.inp_mon [INPUT MONITOR] READ araddr=00000038
UVM_INFO axi4_lite_out_monitor.sv(28) @ 14525: uvm_test_top.env.pa.out_mon [OUTPUT MONITOR] BRESP = 0 RRESP = 2 RDATA = 00000000
UVM_INFO axi4_lite_driver.sv(34) @ 14525: uvm_test_top.env.aa.drv [DRV] awaddr = 74943ab8 wdata = 30add728 wstrb = 6 araddr = 00000038
UVM_INFO axi4_lite_scoreboard.sv(68) @ 14525: uvm_test_top.env.scb [RRESP] Matched : exp_rresp=2 actual_rresp =2 write = 0 read = 1
UVM_ERROR axi4_lite_scoreboard.sv(74) @ 14525: uvm_test_top.env.scb [RDATA] Mismatched : exp_rdata= 45939a1b actual_rdata=00000000 
UVM_INFO axi4_lite_subscriber.sv(40) @ 14545: uvm_test_top.env.sb [sb] INPUT COVERAGE = 100.00 %
UVM_INFO axi4_lite_inp_monitor.sv(38) @ 14545: uvm_test_top.env.aa.inp_mon [INPUT MONITOR] READ araddr=00000038
UVM_INFO axi4_lite_out_monitor.sv(28) @ 14555: uvm_test_top.env.pa.out_mon [OUTPUT MONITOR] BRESP = 0 RRESP = 2 RDATA = 00000000
UVM_INFO axi4_lite_driver.sv(34) @ 14555: uvm_test_top.env.aa.drv [DRV] awaddr = 143a3ecc wdata = 0d13bc75 wstrb = 9 araddr = 00000038
UVM_INFO axi4_lite_scoreboard.sv(68) @ 14555: uvm_test_top.env.scb [RRESP] Matched : exp_rresp=2 actual_rresp =2 write = 0 read = 1
UVM_ERROR axi4_lite_scoreboard.sv(74) @ 14555: uvm_test_top.env.scb [RDATA] Mismatched : exp_rdata= 45939a1b actual_rdata=00000000 
UVM_INFO axi4_lite_subscriber.sv(40) @ 14575: uvm_test_top.env.sb [sb] INPUT COVERAGE = 100.00 %
UVM_INFO axi4_lite_inp_monitor.sv(38) @ 14575: uvm_test_top.env.aa.inp_mon [INPUT MONITOR] READ araddr=00000038
UVM_INFO axi4_lite_out_monitor.sv(28) @ 14585: uvm_test_top.env.pa.out_mon [OUTPUT MONITOR] BRESP = 0 RRESP = 2 RDATA = 00000000
UVM_INFO axi4_lite_driver.sv(34) @ 14585: uvm_test_top.env.aa.drv [DRV] awaddr = 59f43998 wdata = 8bfa069a wstrb = 6 araddr = 00000038
UVM_INFO axi4_lite_scoreboard.sv(68) @ 14585: uvm_test_top.env.scb [RRESP] Matched : exp_rresp=2 actual_rresp =2 write = 0 read = 1
UVM_ERROR axi4_lite_scoreboard.sv(74) @ 14585: uvm_test_top.env.scb [RDATA] Mismatched : exp_rdata= 45939a1b actual_rdata=00000000 
UVM_INFO axi4_lite_subscriber.sv(40) @ 14605: uvm_test_top.env.sb [sb] INPUT COVERAGE = 100.00 %
UVM_INFO axi4_lite_inp_monitor.sv(38) @ 14605: uvm_test_top.env.aa.inp_mon [INPUT MONITOR] READ araddr=00000034
UVM_INFO axi4_lite_out_monitor.sv(28) @ 14615: uvm_test_top.env.pa.out_mon [OUTPUT MONITOR] BRESP = 0 RRESP = 2 RDATA = 00000000
UVM_INFO axi4_lite_driver.sv(34) @ 14615: uvm_test_top.env.aa.drv [DRV] awaddr = ec0a9290 wdata = 82317776 wstrb = 7 araddr = 00000034
UVM_INFO axi4_lite_scoreboard.sv(68) @ 14615: uvm_test_top.env.scb [RRESP] Matched : exp_rresp=2 actual_rresp =2 write = 0 read = 1
UVM_ERROR axi4_lite_scoreboard.sv(74) @ 14615: uvm_test_top.env.scb [RDATA] Mismatched : exp_rdata= 45939a1b actual_rdata=00000000 
UVM_INFO axi4_lite_subscriber.sv(40) @ 14635: uvm_test_top.env.sb [sb] INPUT COVERAGE = 100.00 %
UVM_INFO axi4_lite_inp_monitor.sv(38) @ 14635: uvm_test_top.env.aa.inp_mon [INPUT MONITOR] READ araddr=00000034
UVM_INFO axi4_lite_out_monitor.sv(28) @ 14645: uvm_test_top.env.pa.out_mon [OUTPUT MONITOR] BRESP = 0 RRESP = 2 RDATA = 00000000
UVM_INFO axi4_lite_driver.sv(34) @ 14645: uvm_test_top.env.aa.drv [DRV] awaddr = 3850003c wdata = fd44ed89 wstrb = 3 araddr = 00000034
UVM_INFO axi4_lite_scoreboard.sv(68) @ 14645: uvm_test_top.env.scb [RRESP] Matched : exp_rresp=2 actual_rresp =2 write = 0 read = 1
UVM_ERROR axi4_lite_scoreboard.sv(74) @ 14645: uvm_test_top.env.scb [RDATA] Mismatched : exp_rdata= 45939a1b actual_rdata=00000000 
UVM_INFO axi4_lite_subscriber.sv(40) @ 14665: uvm_test_top.env.sb [sb] INPUT COVERAGE = 100.00 %
UVM_INFO axi4_lite_inp_monitor.sv(38) @ 14665: uvm_test_top.env.aa.inp_mon [INPUT MONITOR] READ araddr=00000038
UVM_INFO axi4_lite_out_monitor.sv(28) @ 14675: uvm_test_top.env.pa.out_mon [OUTPUT MONITOR] BRESP = 0 RRESP = 2 RDATA = 00000000
UVM_INFO axi4_lite_driver.sv(34) @ 14675: uvm_test_top.env.aa.drv [DRV] awaddr = afd9cf88 wdata = 6401cdb6 wstrb = 0 araddr = 00000038
UVM_INFO axi4_lite_scoreboard.sv(68) @ 14675: uvm_test_top.env.scb [RRESP] Matched : exp_rresp=2 actual_rresp =2 write = 0 read = 1
UVM_ERROR axi4_lite_scoreboard.sv(74) @ 14675: uvm_test_top.env.scb [RDATA] Mismatched : exp_rdata= 45939a1b actual_rdata=00000000 
UVM_INFO axi4_lite_subscriber.sv(40) @ 14695: uvm_test_top.env.sb [sb] INPUT COVERAGE = 100.00 %
UVM_INFO axi4_lite_inp_monitor.sv(38) @ 14695: uvm_test_top.env.aa.inp_mon [INPUT MONITOR] READ araddr=00000038
UVM_INFO axi4_lite_out_monitor.sv(28) @ 14705: uvm_test_top.env.pa.out_mon [OUTPUT MONITOR] BRESP = 0 RRESP = 2 RDATA = 00000000
UVM_INFO axi4_lite_driver.sv(34) @ 14705: uvm_test_top.env.aa.drv [DRV] awaddr = f6b8ddf8 wdata = d73cc1b3 wstrb = e araddr = 00000038
UVM_INFO axi4_lite_scoreboard.sv(68) @ 14705: uvm_test_top.env.scb [RRESP] Matched : exp_rresp=2 actual_rresp =2 write = 0 read = 1
UVM_ERROR axi4_lite_scoreboard.sv(74) @ 14705: uvm_test_top.env.scb [RDATA] Mismatched : exp_rdata= 45939a1b actual_rdata=00000000 
UVM_INFO axi4_lite_subscriber.sv(40) @ 14725: uvm_test_top.env.sb [sb] INPUT COVERAGE = 100.00 %
UVM_INFO axi4_lite_inp_monitor.sv(38) @ 14725: uvm_test_top.env.aa.inp_mon [INPUT MONITOR] READ araddr=00000034
UVM_INFO axi4_lite_out_monitor.sv(28) @ 14735: uvm_test_top.env.pa.out_mon [OUTPUT MONITOR] BRESP = 0 RRESP = 2 RDATA = 00000000
UVM_INFO axi4_lite_driver.sv(34) @ 14735: uvm_test_top.env.aa.drv [DRV] awaddr = 3a926974 wdata = d53d59aa wstrb = 0 araddr = 00000034
UVM_INFO axi4_lite_scoreboard.sv(68) @ 14735: uvm_test_top.env.scb [RRESP] Matched : exp_rresp=2 actual_rresp =2 write = 0 read = 1
UVM_ERROR axi4_lite_scoreboard.sv(74) @ 14735: uvm_test_top.env.scb [RDATA] Mismatched : exp_rdata= 45939a1b actual_rdata=00000000 
UVM_INFO axi4_lite_subscriber.sv(40) @ 14755: uvm_test_top.env.sb [sb] INPUT COVERAGE = 100.00 %
UVM_INFO axi4_lite_inp_monitor.sv(38) @ 14755: uvm_test_top.env.aa.inp_mon [INPUT MONITOR] READ araddr=00000038
UVM_INFO axi4_lite_out_monitor.sv(28) @ 14765: uvm_test_top.env.pa.out_mon [OUTPUT MONITOR] BRESP = 0 RRESP = 2 RDATA = 00000000
UVM_INFO axi4_lite_driver.sv(34) @ 14765: uvm_test_top.env.aa.drv [DRV] awaddr = cdce1380 wdata = 9f365fa7 wstrb = 9 araddr = 00000038
UVM_INFO axi4_lite_scoreboard.sv(68) @ 14765: uvm_test_top.env.scb [RRESP] Matched : exp_rresp=2 actual_rresp =2 write = 0 read = 1
UVM_ERROR axi4_lite_scoreboard.sv(74) @ 14765: uvm_test_top.env.scb [RDATA] Mismatched : exp_rdata= 45939a1b actual_rdata=00000000 
UVM_INFO axi4_lite_subscriber.sv(40) @ 14785: uvm_test_top.env.sb [sb] INPUT COVERAGE = 100.00 %
UVM_INFO axi4_lite_inp_monitor.sv(38) @ 14785: uvm_test_top.env.aa.inp_mon [INPUT MONITOR] READ araddr=00000038
UVM_INFO axi4_lite_out_monitor.sv(28) @ 14795: uvm_test_top.env.pa.out_mon [OUTPUT MONITOR] BRESP = 0 RRESP = 2 RDATA = 00000000
UVM_INFO axi4_lite_driver.sv(34) @ 14795: uvm_test_top.env.aa.drv [DRV] awaddr = 4db8a10c wdata = 9ff86da0 wstrb = 1 araddr = 00000038
UVM_INFO axi4_lite_scoreboard.sv(68) @ 14795: uvm_test_top.env.scb [RRESP] Matched : exp_rresp=2 actual_rresp =2 write = 0 read = 1
UVM_ERROR axi4_lite_scoreboard.sv(74) @ 14795: uvm_test_top.env.scb [RDATA] Mismatched : exp_rdata= 45939a1b actual_rdata=00000000 
UVM_INFO axi4_lite_subscriber.sv(40) @ 14815: uvm_test_top.env.sb [sb] INPUT COVERAGE = 100.00 %
UVM_INFO axi4_lite_inp_monitor.sv(38) @ 14815: uvm_test_top.env.aa.inp_mon [INPUT MONITOR] READ araddr=00000034
UVM_INFO axi4_lite_out_monitor.sv(28) @ 14825: uvm_test_top.env.pa.out_mon [OUTPUT MONITOR] BRESP = 0 RRESP = 2 RDATA = 00000000
UVM_INFO axi4_lite_driver.sv(34) @ 14825: uvm_test_top.env.aa.drv [DRV] awaddr = 51c69394 wdata = 7e4090bb wstrb = f araddr = 00000034
UVM_INFO axi4_lite_scoreboard.sv(68) @ 14825: uvm_test_top.env.scb [RRESP] Matched : exp_rresp=2 actual_rresp =2 write = 0 read = 1
UVM_ERROR axi4_lite_scoreboard.sv(74) @ 14825: uvm_test_top.env.scb [RDATA] Mismatched : exp_rdata= 45939a1b actual_rdata=00000000 
UVM_INFO axi4_lite_subscriber.sv(40) @ 14845: uvm_test_top.env.sb [sb] INPUT COVERAGE = 100.00 %
UVM_INFO axi4_lite_inp_monitor.sv(38) @ 14845: uvm_test_top.env.aa.inp_mon [INPUT MONITOR] READ araddr=00000038
UVM_INFO axi4_lite_out_monitor.sv(28) @ 14855: uvm_test_top.env.pa.out_mon [OUTPUT MONITOR] BRESP = 0 RRESP = 2 RDATA = 00000000
UVM_INFO axi4_lite_driver.sv(34) @ 14855: uvm_test_top.env.aa.drv [DRV] awaddr = 4b652b74 wdata = 70107334 wstrb = 2 araddr = 00000038
UVM_INFO axi4_lite_scoreboard.sv(68) @ 14855: uvm_test_top.env.scb [RRESP] Matched : exp_rresp=2 actual_rresp =2 write = 0 read = 1
UVM_ERROR axi4_lite_scoreboard.sv(74) @ 14855: uvm_test_top.env.scb [RDATA] Mismatched : exp_rdata= 45939a1b actual_rdata=00000000 
UVM_INFO axi4_lite_subscriber.sv(40) @ 14875: uvm_test_top.env.sb [sb] INPUT COVERAGE = 100.00 %
UVM_INFO axi4_lite_inp_monitor.sv(38) @ 14875: uvm_test_top.env.aa.inp_mon [INPUT MONITOR] READ araddr=00000038
UVM_INFO axi4_lite_out_monitor.sv(28) @ 14885: uvm_test_top.env.pa.out_mon [OUTPUT MONITOR] BRESP = 0 RRESP = 2 RDATA = 00000000
UVM_INFO axi4_lite_driver.sv(34) @ 14885: uvm_test_top.env.aa.drv [DRV] awaddr = c4311578 wdata = 93b7efba wstrb = f araddr = 00000038
UVM_INFO axi4_lite_scoreboard.sv(68) @ 14885: uvm_test_top.env.scb [RRESP] Matched : exp_rresp=2 actual_rresp =2 write = 0 read = 1
UVM_ERROR axi4_lite_scoreboard.sv(74) @ 14885: uvm_test_top.env.scb [RDATA] Mismatched : exp_rdata= 45939a1b actual_rdata=00000000 
UVM_INFO axi4_lite_subscriber.sv(40) @ 14905: uvm_test_top.env.sb [sb] INPUT COVERAGE = 100.00 %
UVM_INFO axi4_lite_inp_monitor.sv(38) @ 14905: uvm_test_top.env.aa.inp_mon [INPUT MONITOR] READ araddr=00000038
UVM_INFO axi4_lite_out_monitor.sv(28) @ 14915: uvm_test_top.env.pa.out_mon [OUTPUT MONITOR] BRESP = 0 RRESP = 2 RDATA = 00000000
UVM_INFO axi4_lite_driver.sv(34) @ 14915: uvm_test_top.env.aa.drv [DRV] awaddr = 196f1168 wdata = dc02e3be wstrb = 0 araddr = 00000038
UVM_INFO axi4_lite_scoreboard.sv(68) @ 14915: uvm_test_top.env.scb [RRESP] Matched : exp_rresp=2 actual_rresp =2 write = 0 read = 1
UVM_ERROR axi4_lite_scoreboard.sv(74) @ 14915: uvm_test_top.env.scb [RDATA] Mismatched : exp_rdata= 45939a1b actual_rdata=00000000 
UVM_INFO axi4_lite_subscriber.sv(40) @ 14935: uvm_test_top.env.sb [sb] INPUT COVERAGE = 100.00 %
UVM_INFO axi4_lite_inp_monitor.sv(38) @ 14935: uvm_test_top.env.aa.inp_mon [INPUT MONITOR] READ araddr=00000038
UVM_INFO axi4_lite_out_monitor.sv(28) @ 14945: uvm_test_top.env.pa.out_mon [OUTPUT MONITOR] BRESP = 0 RRESP = 2 RDATA = 00000000
UVM_INFO axi4_lite_driver.sv(34) @ 14945: uvm_test_top.env.aa.drv [DRV] awaddr = 4f7224b0 wdata = 69ef1af7 wstrb = 6 araddr = 00000038
UVM_INFO axi4_lite_scoreboard.sv(68) @ 14945: uvm_test_top.env.scb [RRESP] Matched : exp_rresp=2 actual_rresp =2 write = 0 read = 1
UVM_ERROR axi4_lite_scoreboard.sv(74) @ 14945: uvm_test_top.env.scb [RDATA] Mismatched : exp_rdata= 45939a1b actual_rdata=00000000 
UVM_INFO axi4_lite_subscriber.sv(40) @ 14965: uvm_test_top.env.sb [sb] INPUT COVERAGE = 100.00 %
UVM_INFO axi4_lite_inp_monitor.sv(38) @ 14965: uvm_test_top.env.aa.inp_mon [INPUT MONITOR] READ araddr=00000034
UVM_INFO axi4_lite_out_monitor.sv(28) @ 14975: uvm_test_top.env.pa.out_mon [OUTPUT MONITOR] BRESP = 0 RRESP = 2 RDATA = 00000000
UVM_INFO axi4_lite_driver.sv(34) @ 14975: uvm_test_top.env.aa.drv [DRV] awaddr = feb4a298 wdata = a798e144 wstrb = 3 araddr = 00000034
UVM_INFO axi4_lite_scoreboard.sv(68) @ 14975: uvm_test_top.env.scb [RRESP] Matched : exp_rresp=2 actual_rresp =2 write = 0 read = 1
UVM_ERROR axi4_lite_scoreboard.sv(74) @ 14975: uvm_test_top.env.scb [RDATA] Mismatched : exp_rdata= 45939a1b actual_rdata=00000000 
UVM_INFO axi4_lite_subscriber.sv(40) @ 14995: uvm_test_top.env.sb [sb] INPUT COVERAGE = 100.00 %
UVM_INFO axi4_lite_inp_monitor.sv(38) @ 14995: uvm_test_top.env.aa.inp_mon [INPUT MONITOR] READ araddr=00000034
UVM_INFO axi4_lite_out_monitor.sv(28) @ 15005: uvm_test_top.env.pa.out_mon [OUTPUT MONITOR] BRESP = 0 RRESP = 2 RDATA = 00000000
UVM_INFO axi4_lite_driver.sv(34) @ 15005: uvm_test_top.env.aa.drv [DRV] awaddr = 19bfe2ec wdata = 13e1865c wstrb = 0 araddr = 00000034
UVM_INFO axi4_lite_scoreboard.sv(68) @ 15005: uvm_test_top.env.scb [RRESP] Matched : exp_rresp=2 actual_rresp =2 write = 0 read = 1
UVM_ERROR axi4_lite_scoreboard.sv(74) @ 15005: uvm_test_top.env.scb [RDATA] Mismatched : exp_rdata= 45939a1b actual_rdata=00000000 
UVM_INFO axi4_lite_subscriber.sv(40) @ 15025: uvm_test_top.env.sb [sb] INPUT COVERAGE = 100.00 %
UVM_INFO axi4_lite_inp_monitor.sv(38) @ 15025: uvm_test_top.env.aa.inp_mon [INPUT MONITOR] READ araddr=00000034
UVM_INFO axi4_lite_out_monitor.sv(28) @ 15035: uvm_test_top.env.pa.out_mon [OUTPUT MONITOR] BRESP = 0 RRESP = 2 RDATA = 00000000
UVM_INFO axi4_lite_driver.sv(34) @ 15035: uvm_test_top.env.aa.drv [DRV] awaddr = a89abcbc wdata = 3f48498f wstrb = 9 araddr = 00000034
UVM_INFO axi4_lite_scoreboard.sv(68) @ 15035: uvm_test_top.env.scb [RRESP] Matched : exp_rresp=2 actual_rresp =2 write = 0 read = 1
UVM_ERROR axi4_lite_scoreboard.sv(74) @ 15035: uvm_test_top.env.scb [RDATA] Mismatched : exp_rdata= 45939a1b actual_rdata=00000000 
UVM_INFO axi4_lite_subscriber.sv(40) @ 15055: uvm_test_top.env.sb [sb] INPUT COVERAGE = 100.00 %
UVM_INFO axi4_lite_inp_monitor.sv(38) @ 15055: uvm_test_top.env.aa.inp_mon [INPUT MONITOR] READ araddr=00000038
UVM_INFO axi4_lite_out_monitor.sv(28) @ 15065: uvm_test_top.env.pa.out_mon [OUTPUT MONITOR] BRESP = 0 RRESP = 2 RDATA = 00000000
UVM_INFO axi4_lite_driver.sv(34) @ 15065: uvm_test_top.env.aa.drv [DRV] awaddr = 749603b8 wdata = 26de43f0 wstrb = b araddr = 00000038
UVM_INFO axi4_lite_scoreboard.sv(68) @ 15065: uvm_test_top.env.scb [RRESP] Matched : exp_rresp=2 actual_rresp =2 write = 0 read = 1
UVM_ERROR axi4_lite_scoreboard.sv(74) @ 15065: uvm_test_top.env.scb [RDATA] Mismatched : exp_rdata= 45939a1b actual_rdata=00000000 
UVM_INFO axi4_lite_subscriber.sv(40) @ 15085: uvm_test_top.env.sb [sb] INPUT COVERAGE = 100.00 %
UVM_INFO axi4_lite_inp_monitor.sv(38) @ 15085: uvm_test_top.env.aa.inp_mon [INPUT MONITOR] READ araddr=00000034
UVM_INFO axi4_lite_out_monitor.sv(28) @ 15095: uvm_test_top.env.pa.out_mon [OUTPUT MONITOR] BRESP = 0 RRESP = 2 RDATA = 00000000
UVM_INFO axi4_lite_driver.sv(34) @ 15095: uvm_test_top.env.aa.drv [DRV] awaddr = 82a0c14c wdata = cfd1c3e3 wstrb = 8 araddr = 00000034
UVM_INFO axi4_lite_scoreboard.sv(68) @ 15095: uvm_test_top.env.scb [RRESP] Matched : exp_rresp=2 actual_rresp =2 write = 0 read = 1
UVM_ERROR axi4_lite_scoreboard.sv(74) @ 15095: uvm_test_top.env.scb [RDATA] Mismatched : exp_rdata= 45939a1b actual_rdata=00000000 
UVM_INFO axi4_lite_subscriber.sv(40) @ 15115: uvm_test_top.env.sb [sb] INPUT COVERAGE = 100.00 %
UVM_INFO axi4_lite_inp_monitor.sv(38) @ 15115: uvm_test_top.env.aa.inp_mon [INPUT MONITOR] READ araddr=00000038
UVM_INFO axi4_lite_out_monitor.sv(28) @ 15125: uvm_test_top.env.pa.out_mon [OUTPUT MONITOR] BRESP = 0 RRESP = 2 RDATA = 00000000
UVM_INFO axi4_lite_driver.sv(34) @ 15125: uvm_test_top.env.aa.drv [DRV] awaddr = 1e472228 wdata = f8ab212c wstrb = d araddr = 00000038
UVM_INFO axi4_lite_scoreboard.sv(68) @ 15125: uvm_test_top.env.scb [RRESP] Matched : exp_rresp=2 actual_rresp =2 write = 0 read = 1
UVM_ERROR axi4_lite_scoreboard.sv(74) @ 15125: uvm_test_top.env.scb [RDATA] Mismatched : exp_rdata= 45939a1b actual_rdata=00000000 
UVM_INFO axi4_lite_subscriber.sv(40) @ 15145: uvm_test_top.env.sb [sb] INPUT COVERAGE = 100.00 %
UVM_INFO axi4_lite_inp_monitor.sv(38) @ 15145: uvm_test_top.env.aa.inp_mon [INPUT MONITOR] READ araddr=00000034
UVM_INFO axi4_lite_out_monitor.sv(28) @ 15155: uvm_test_top.env.pa.out_mon [OUTPUT MONITOR] BRESP = 0 RRESP = 2 RDATA = 00000000
UVM_INFO axi4_lite_driver.sv(34) @ 15155: uvm_test_top.env.aa.drv [DRV] awaddr = 82a9a7cc wdata = ff7d3043 wstrb = 1 araddr = 00000034
UVM_INFO axi4_lite_scoreboard.sv(68) @ 15155: uvm_test_top.env.scb [RRESP] Matched : exp_rresp=2 actual_rresp =2 write = 0 read = 1
UVM_ERROR axi4_lite_scoreboard.sv(74) @ 15155: uvm_test_top.env.scb [RDATA] Mismatched : exp_rdata= 45939a1b actual_rdata=00000000 
UVM_INFO axi4_lite_subscriber.sv(40) @ 15175: uvm_test_top.env.sb [sb] INPUT COVERAGE = 100.00 %
UVM_INFO axi4_lite_inp_monitor.sv(38) @ 15175: uvm_test_top.env.aa.inp_mon [INPUT MONITOR] READ araddr=00000034
UVM_INFO axi4_lite_out_monitor.sv(28) @ 15185: uvm_test_top.env.pa.out_mon [OUTPUT MONITOR] BRESP = 0 RRESP = 2 RDATA = 00000000
UVM_INFO axi4_lite_driver.sv(34) @ 15185: uvm_test_top.env.aa.drv [DRV] awaddr = c8faec70 wdata = 2f40a998 wstrb = 6 araddr = 00000034
UVM_INFO axi4_lite_scoreboard.sv(68) @ 15185: uvm_test_top.env.scb [RRESP] Matched : exp_rresp=2 actual_rresp =2 write = 0 read = 1
UVM_ERROR axi4_lite_scoreboard.sv(74) @ 15185: uvm_test_top.env.scb [RDATA] Mismatched : exp_rdata= 45939a1b actual_rdata=00000000 
UVM_INFO axi4_lite_subscriber.sv(40) @ 15205: uvm_test_top.env.sb [sb] INPUT COVERAGE = 100.00 %
UVM_INFO axi4_lite_inp_monitor.sv(38) @ 15205: uvm_test_top.env.aa.inp_mon [INPUT MONITOR] READ araddr=00000034
UVM_INFO axi4_lite_out_monitor.sv(28) @ 15215: uvm_test_top.env.pa.out_mon [OUTPUT MONITOR] BRESP = 0 RRESP = 2 RDATA = 00000000
UVM_INFO axi4_lite_driver.sv(34) @ 15215: uvm_test_top.env.aa.drv [DRV] awaddr = 99668a04 wdata = 7962159d wstrb = 1 araddr = 00000034
UVM_INFO axi4_lite_scoreboard.sv(68) @ 15215: uvm_test_top.env.scb [RRESP] Matched : exp_rresp=2 actual_rresp =2 write = 0 read = 1
UVM_ERROR axi4_lite_scoreboard.sv(74) @ 15215: uvm_test_top.env.scb [RDATA] Mismatched : exp_rdata= 45939a1b actual_rdata=00000000 
UVM_INFO axi4_lite_subscriber.sv(40) @ 15235: uvm_test_top.env.sb [sb] INPUT COVERAGE = 100.00 %
UVM_INFO axi4_lite_inp_monitor.sv(38) @ 15235: uvm_test_top.env.aa.inp_mon [INPUT MONITOR] READ araddr=00000034
UVM_INFO axi4_lite_out_monitor.sv(28) @ 15245: uvm_test_top.env.pa.out_mon [OUTPUT MONITOR] BRESP = 0 RRESP = 2 RDATA = 00000000
UVM_INFO axi4_lite_driver.sv(34) @ 15245: uvm_test_top.env.aa.drv [DRV] awaddr = cf57713c wdata = 9ea33a42 wstrb = 2 araddr = 00000034
UVM_INFO axi4_lite_scoreboard.sv(68) @ 15245: uvm_test_top.env.scb [RRESP] Matched : exp_rresp=2 actual_rresp =2 write = 0 read = 1
UVM_ERROR axi4_lite_scoreboard.sv(74) @ 15245: uvm_test_top.env.scb [RDATA] Mismatched : exp_rdata= 45939a1b actual_rdata=00000000 
UVM_INFO axi4_lite_subscriber.sv(40) @ 15265: uvm_test_top.env.sb [sb] INPUT COVERAGE = 100.00 %
UVM_INFO axi4_lite_inp_monitor.sv(38) @ 15265: uvm_test_top.env.aa.inp_mon [INPUT MONITOR] READ araddr=00000038
UVM_INFO axi4_lite_out_monitor.sv(28) @ 15275: uvm_test_top.env.pa.out_mon [OUTPUT MONITOR] BRESP = 0 RRESP = 2 RDATA = 00000000
UVM_INFO axi4_lite_driver.sv(34) @ 15275: uvm_test_top.env.aa.drv [DRV] awaddr = 7b0a9554 wdata = be70e382 wstrb = 4 araddr = 00000038
UVM_INFO axi4_lite_scoreboard.sv(68) @ 15275: uvm_test_top.env.scb [RRESP] Matched : exp_rresp=2 actual_rresp =2 write = 0 read = 1
UVM_ERROR axi4_lite_scoreboard.sv(74) @ 15275: uvm_test_top.env.scb [RDATA] Mismatched : exp_rdata= 45939a1b actual_rdata=00000000 
UVM_INFO axi4_lite_subscriber.sv(40) @ 15295: uvm_test_top.env.sb [sb] INPUT COVERAGE = 100.00 %
UVM_INFO axi4_lite_inp_monitor.sv(38) @ 15295: uvm_test_top.env.aa.inp_mon [INPUT MONITOR] READ araddr=00000034
UVM_INFO axi4_lite_out_monitor.sv(28) @ 15305: uvm_test_top.env.pa.out_mon [OUTPUT MONITOR] BRESP = 0 RRESP = 2 RDATA = 00000000
UVM_INFO axi4_lite_driver.sv(34) @ 15305: uvm_test_top.env.aa.drv [DRV] awaddr = 2aa16228 wdata = 5ced49c1 wstrb = a araddr = 00000034
UVM_INFO axi4_lite_scoreboard.sv(68) @ 15305: uvm_test_top.env.scb [RRESP] Matched : exp_rresp=2 actual_rresp =2 write = 0 read = 1
UVM_ERROR axi4_lite_scoreboard.sv(74) @ 15305: uvm_test_top.env.scb [RDATA] Mismatched : exp_rdata= 45939a1b actual_rdata=00000000 
UVM_INFO axi4_lite_subscriber.sv(40) @ 15325: uvm_test_top.env.sb [sb] INPUT COVERAGE = 100.00 %
UVM_INFO axi4_lite_inp_monitor.sv(38) @ 15325: uvm_test_top.env.aa.inp_mon [INPUT MONITOR] READ araddr=00000038
UVM_INFO axi4_lite_out_monitor.sv(28) @ 15335: uvm_test_top.env.pa.out_mon [OUTPUT MONITOR] BRESP = 0 RRESP = 2 RDATA = 00000000
UVM_INFO axi4_lite_driver.sv(34) @ 15335: uvm_test_top.env.aa.drv [DRV] awaddr = 35bdff0c wdata = 28ad67c7 wstrb = c araddr = 00000038
UVM_INFO axi4_lite_scoreboard.sv(68) @ 15335: uvm_test_top.env.scb [RRESP] Matched : exp_rresp=2 actual_rresp =2 write = 0 read = 1
UVM_ERROR axi4_lite_scoreboard.sv(74) @ 15335: uvm_test_top.env.scb [RDATA] Mismatched : exp_rdata= 45939a1b actual_rdata=00000000 
UVM_INFO axi4_lite_subscriber.sv(40) @ 15355: uvm_test_top.env.sb [sb] INPUT COVERAGE = 100.00 %
UVM_INFO axi4_lite_inp_monitor.sv(38) @ 15355: uvm_test_top.env.aa.inp_mon [INPUT MONITOR] READ araddr=00000038
UVM_INFO axi4_lite_out_monitor.sv(28) @ 15365: uvm_test_top.env.pa.out_mon [OUTPUT MONITOR] BRESP = 0 RRESP = 2 RDATA = 00000000
UVM_INFO axi4_lite_driver.sv(34) @ 15365: uvm_test_top.env.aa.drv [DRV] awaddr = 375dec20 wdata = 4ca70722 wstrb = 0 araddr = 00000038
UVM_INFO axi4_lite_scoreboard.sv(68) @ 15365: uvm_test_top.env.scb [RRESP] Matched : exp_rresp=2 actual_rresp =2 write = 0 read = 1
UVM_ERROR axi4_lite_scoreboard.sv(74) @ 15365: uvm_test_top.env.scb [RDATA] Mismatched : exp_rdata= 45939a1b actual_rdata=00000000 
UVM_INFO axi4_lite_subscriber.sv(40) @ 15385: uvm_test_top.env.sb [sb] INPUT COVERAGE = 100.00 %
UVM_INFO axi4_lite_inp_monitor.sv(38) @ 15385: uvm_test_top.env.aa.inp_mon [INPUT MONITOR] READ araddr=00000038
UVM_INFO axi4_lite_out_monitor.sv(28) @ 15395: uvm_test_top.env.pa.out_mon [OUTPUT MONITOR] BRESP = 0 RRESP = 2 RDATA = 00000000
UVM_INFO axi4_lite_driver.sv(34) @ 15395: uvm_test_top.env.aa.drv [DRV] awaddr = 2b875e58 wdata = 47b5574e wstrb = b araddr = 00000038
UVM_INFO axi4_lite_scoreboard.sv(68) @ 15395: uvm_test_top.env.scb [RRESP] Matched : exp_rresp=2 actual_rresp =2 write = 0 read = 1
UVM_ERROR axi4_lite_scoreboard.sv(74) @ 15395: uvm_test_top.env.scb [RDATA] Mismatched : exp_rdata= 45939a1b actual_rdata=00000000 
UVM_INFO axi4_lite_subscriber.sv(40) @ 15415: uvm_test_top.env.sb [sb] INPUT COVERAGE = 100.00 %
UVM_INFO axi4_lite_inp_monitor.sv(38) @ 15415: uvm_test_top.env.aa.inp_mon [INPUT MONITOR] READ araddr=00000038
UVM_INFO axi4_lite_out_monitor.sv(28) @ 15425: uvm_test_top.env.pa.out_mon [OUTPUT MONITOR] BRESP = 0 RRESP = 2 RDATA = 00000000
UVM_INFO axi4_lite_driver.sv(34) @ 15425: uvm_test_top.env.aa.drv [DRV] awaddr = f074789c wdata = d43e977c wstrb = 9 araddr = 00000038
UVM_INFO axi4_lite_scoreboard.sv(68) @ 15425: uvm_test_top.env.scb [RRESP] Matched : exp_rresp=2 actual_rresp =2 write = 0 read = 1
UVM_ERROR axi4_lite_scoreboard.sv(74) @ 15425: uvm_test_top.env.scb [RDATA] Mismatched : exp_rdata= 45939a1b actual_rdata=00000000 
UVM_INFO axi4_lite_subscriber.sv(40) @ 15445: uvm_test_top.env.sb [sb] INPUT COVERAGE = 100.00 %
UVM_INFO axi4_lite_inp_monitor.sv(38) @ 15445: uvm_test_top.env.aa.inp_mon [INPUT MONITOR] READ araddr=00000038
UVM_INFO axi4_lite_out_monitor.sv(28) @ 15455: uvm_test_top.env.pa.out_mon [OUTPUT MONITOR] BRESP = 0 RRESP = 2 RDATA = 00000000
UVM_INFO axi4_lite_driver.sv(34) @ 15455: uvm_test_top.env.aa.drv [DRV] awaddr = 1ef61890 wdata = 23b54f28 wstrb = 4 araddr = 00000038
UVM_INFO axi4_lite_scoreboard.sv(68) @ 15455: uvm_test_top.env.scb [RRESP] Matched : exp_rresp=2 actual_rresp =2 write = 0 read = 1
UVM_ERROR axi4_lite_scoreboard.sv(74) @ 15455: uvm_test_top.env.scb [RDATA] Mismatched : exp_rdata= 45939a1b actual_rdata=00000000 
UVM_INFO axi4_lite_subscriber.sv(40) @ 15475: uvm_test_top.env.sb [sb] INPUT COVERAGE = 100.00 %
UVM_INFO axi4_lite_inp_monitor.sv(38) @ 15475: uvm_test_top.env.aa.inp_mon [INPUT MONITOR] READ araddr=00000034
UVM_INFO axi4_lite_out_monitor.sv(28) @ 15485: uvm_test_top.env.pa.out_mon [OUTPUT MONITOR] BRESP = 0 RRESP = 2 RDATA = 00000000
UVM_INFO axi4_lite_driver.sv(34) @ 15485: uvm_test_top.env.aa.drv [DRV] awaddr = 43b2d69c wdata = 65e2652e wstrb = 7 araddr = 00000034
UVM_INFO axi4_lite_scoreboard.sv(68) @ 15485: uvm_test_top.env.scb [RRESP] Matched : exp_rresp=2 actual_rresp =2 write = 0 read = 1
UVM_ERROR axi4_lite_scoreboard.sv(74) @ 15485: uvm_test_top.env.scb [RDATA] Mismatched : exp_rdata= 45939a1b actual_rdata=00000000 
UVM_INFO axi4_lite_subscriber.sv(40) @ 15505: uvm_test_top.env.sb [sb] INPUT COVERAGE = 100.00 %
UVM_INFO axi4_lite_inp_monitor.sv(38) @ 15505: uvm_test_top.env.aa.inp_mon [INPUT MONITOR] READ araddr=00000034
UVM_INFO axi4_lite_out_monitor.sv(28) @ 15515: uvm_test_top.env.pa.out_mon [OUTPUT MONITOR] BRESP = 0 RRESP = 2 RDATA = 00000000
UVM_INFO axi4_lite_driver.sv(34) @ 15515: uvm_test_top.env.aa.drv [DRV] awaddr = 73124c9c wdata = 04aa7637 wstrb = f araddr = 00000034
UVM_INFO axi4_lite_scoreboard.sv(68) @ 15515: uvm_test_top.env.scb [RRESP] Matched : exp_rresp=2 actual_rresp =2 write = 0 read = 1
UVM_ERROR axi4_lite_scoreboard.sv(74) @ 15515: uvm_test_top.env.scb [RDATA] Mismatched : exp_rdata= 45939a1b actual_rdata=00000000 
UVM_INFO axi4_lite_subscriber.sv(40) @ 15535: uvm_test_top.env.sb [sb] INPUT COVERAGE = 100.00 %
UVM_INFO axi4_lite_inp_monitor.sv(38) @ 15535: uvm_test_top.env.aa.inp_mon [INPUT MONITOR] READ araddr=00000034
UVM_INFO axi4_lite_out_monitor.sv(28) @ 15545: uvm_test_top.env.pa.out_mon [OUTPUT MONITOR] BRESP = 0 RRESP = 2 RDATA = 00000000
UVM_INFO axi4_lite_driver.sv(34) @ 15545: uvm_test_top.env.aa.drv [DRV] awaddr = c1179ec8 wdata = fcb1f2f5 wstrb = c araddr = 00000034
UVM_INFO axi4_lite_scoreboard.sv(68) @ 15545: uvm_test_top.env.scb [RRESP] Matched : exp_rresp=2 actual_rresp =2 write = 0 read = 1
UVM_ERROR axi4_lite_scoreboard.sv(74) @ 15545: uvm_test_top.env.scb [RDATA] Mismatched : exp_rdata= 45939a1b actual_rdata=00000000 
UVM_INFO axi4_lite_subscriber.sv(40) @ 15565: uvm_test_top.env.sb [sb] INPUT COVERAGE = 100.00 %
UVM_INFO axi4_lite_inp_monitor.sv(38) @ 15565: uvm_test_top.env.aa.inp_mon [INPUT MONITOR] READ araddr=00000034
UVM_INFO axi4_lite_out_monitor.sv(28) @ 15575: uvm_test_top.env.pa.out_mon [OUTPUT MONITOR] BRESP = 0 RRESP = 2 RDATA = 00000000
UVM_INFO axi4_lite_driver.sv(34) @ 15575: uvm_test_top.env.aa.drv [DRV] awaddr = 217c2658 wdata = 1bb76498 wstrb = 0 araddr = 00000034
UVM_INFO axi4_lite_scoreboard.sv(68) @ 15575: uvm_test_top.env.scb [RRESP] Matched : exp_rresp=2 actual_rresp =2 write = 0 read = 1
UVM_ERROR axi4_lite_scoreboard.sv(74) @ 15575: uvm_test_top.env.scb [RDATA] Mismatched : exp_rdata= 45939a1b actual_rdata=00000000 
UVM_INFO axi4_lite_subscriber.sv(40) @ 15595: uvm_test_top.env.sb [sb] INPUT COVERAGE = 100.00 %
UVM_INFO axi4_lite_inp_monitor.sv(38) @ 15595: uvm_test_top.env.aa.inp_mon [INPUT MONITOR] READ araddr=00000038
UVM_INFO axi4_lite_out_monitor.sv(28) @ 15605: uvm_test_top.env.pa.out_mon [OUTPUT MONITOR] BRESP = 0 RRESP = 2 RDATA = 00000000
UVM_INFO axi4_lite_driver.sv(34) @ 15605: uvm_test_top.env.aa.drv [DRV] awaddr = 425664a8 wdata = c53aea41 wstrb = a araddr = 00000038
UVM_INFO axi4_lite_scoreboard.sv(68) @ 15605: uvm_test_top.env.scb [RRESP] Matched : exp_rresp=2 actual_rresp =2 write = 0 read = 1
UVM_ERROR axi4_lite_scoreboard.sv(74) @ 15605: uvm_test_top.env.scb [RDATA] Mismatched : exp_rdata= 45939a1b actual_rdata=00000000 
UVM_INFO axi4_lite_subscriber.sv(40) @ 15625: uvm_test_top.env.sb [sb] INPUT COVERAGE = 100.00 %
UVM_INFO axi4_lite_inp_monitor.sv(38) @ 15625: uvm_test_top.env.aa.inp_mon [INPUT MONITOR] READ araddr=00000034
UVM_INFO axi4_lite_out_monitor.sv(28) @ 15635: uvm_test_top.env.pa.out_mon [OUTPUT MONITOR] BRESP = 0 RRESP = 2 RDATA = 00000000
UVM_INFO axi4_lite_driver.sv(34) @ 15635: uvm_test_top.env.aa.drv [DRV] awaddr = 00a3ed28 wdata = e250a3a8 wstrb = 5 araddr = 00000034
UVM_INFO axi4_lite_scoreboard.sv(68) @ 15635: uvm_test_top.env.scb [RRESP] Matched : exp_rresp=2 actual_rresp =2 write = 0 read = 1
UVM_ERROR axi4_lite_scoreboard.sv(74) @ 15635: uvm_test_top.env.scb [RDATA] Mismatched : exp_rdata= 45939a1b actual_rdata=00000000 
UVM_INFO axi4_lite_subscriber.sv(40) @ 15655: uvm_test_top.env.sb [sb] INPUT COVERAGE = 100.00 %
UVM_INFO axi4_lite_inp_monitor.sv(38) @ 15655: uvm_test_top.env.aa.inp_mon [INPUT MONITOR] READ araddr=00000038
UVM_INFO axi4_lite_out_monitor.sv(28) @ 15665: uvm_test_top.env.pa.out_mon [OUTPUT MONITOR] BRESP = 0 RRESP = 2 RDATA = 00000000
UVM_INFO axi4_lite_driver.sv(34) @ 15665: uvm_test_top.env.aa.drv [DRV] awaddr = 777842f0 wdata = 9ce30e79 wstrb = 9 araddr = 00000038
UVM_INFO axi4_lite_scoreboard.sv(68) @ 15665: uvm_test_top.env.scb [RRESP] Matched : exp_rresp=2 actual_rresp =2 write = 0 read = 1
UVM_ERROR axi4_lite_scoreboard.sv(74) @ 15665: uvm_test_top.env.scb [RDATA] Mismatched : exp_rdata= 45939a1b actual_rdata=00000000 
UVM_INFO axi4_lite_subscriber.sv(40) @ 15685: uvm_test_top.env.sb [sb] INPUT COVERAGE = 100.00 %
UVM_INFO axi4_lite_inp_monitor.sv(38) @ 15685: uvm_test_top.env.aa.inp_mon [INPUT MONITOR] READ araddr=00000034
UVM_INFO axi4_lite_out_monitor.sv(28) @ 15695: uvm_test_top.env.pa.out_mon [OUTPUT MONITOR] BRESP = 0 RRESP = 2 RDATA = 00000000
UVM_INFO axi4_lite_driver.sv(34) @ 15695: uvm_test_top.env.aa.drv [DRV] awaddr = 7ee1bec0 wdata = 83a64782 wstrb = 3 araddr = 00000034
UVM_INFO axi4_lite_scoreboard.sv(68) @ 15695: uvm_test_top.env.scb [RRESP] Matched : exp_rresp=2 actual_rresp =2 write = 0 read = 1
UVM_ERROR axi4_lite_scoreboard.sv(74) @ 15695: uvm_test_top.env.scb [RDATA] Mismatched : exp_rdata= 45939a1b actual_rdata=00000000 
UVM_INFO axi4_lite_subscriber.sv(40) @ 15715: uvm_test_top.env.sb [sb] INPUT COVERAGE = 100.00 %
UVM_INFO axi4_lite_inp_monitor.sv(38) @ 15715: uvm_test_top.env.aa.inp_mon [INPUT MONITOR] READ araddr=00000038
UVM_INFO axi4_lite_out_monitor.sv(28) @ 15725: uvm_test_top.env.pa.out_mon [OUTPUT MONITOR] BRESP = 0 RRESP = 2 RDATA = 00000000
UVM_INFO axi4_lite_driver.sv(34) @ 15725: uvm_test_top.env.aa.drv [DRV] awaddr = 0b00bec0 wdata = 523fa84e wstrb = f araddr = 00000038
UVM_INFO axi4_lite_scoreboard.sv(68) @ 15725: uvm_test_top.env.scb [RRESP] Matched : exp_rresp=2 actual_rresp =2 write = 0 read = 1
UVM_ERROR axi4_lite_scoreboard.sv(74) @ 15725: uvm_test_top.env.scb [RDATA] Mismatched : exp_rdata= 45939a1b actual_rdata=00000000 
UVM_INFO axi4_lite_subscriber.sv(40) @ 15745: uvm_test_top.env.sb [sb] INPUT COVERAGE = 100.00 %
UVM_INFO axi4_lite_inp_monitor.sv(38) @ 15745: uvm_test_top.env.aa.inp_mon [INPUT MONITOR] READ araddr=00000034
UVM_INFO axi4_lite_out_monitor.sv(28) @ 15755: uvm_test_top.env.pa.out_mon [OUTPUT MONITOR] BRESP = 0 RRESP = 2 RDATA = 00000000
UVM_INFO axi4_lite_driver.sv(34) @ 15755: uvm_test_top.env.aa.drv [DRV] awaddr = ebfc6758 wdata = 204ecb7c wstrb = 7 araddr = 00000034
UVM_INFO axi4_lite_scoreboard.sv(68) @ 15755: uvm_test_top.env.scb [RRESP] Matched : exp_rresp=2 actual_rresp =2 write = 0 read = 1
UVM_ERROR axi4_lite_scoreboard.sv(74) @ 15755: uvm_test_top.env.scb [RDATA] Mismatched : exp_rdata= 45939a1b actual_rdata=00000000 
UVM_INFO axi4_lite_subscriber.sv(40) @ 15775: uvm_test_top.env.sb [sb] INPUT COVERAGE = 100.00 %
UVM_INFO axi4_lite_inp_monitor.sv(38) @ 15775: uvm_test_top.env.aa.inp_mon [INPUT MONITOR] READ araddr=00000038
UVM_INFO axi4_lite_out_monitor.sv(28) @ 15785: uvm_test_top.env.pa.out_mon [OUTPUT MONITOR] BRESP = 0 RRESP = 2 RDATA = 00000000
UVM_INFO axi4_lite_driver.sv(34) @ 15785: uvm_test_top.env.aa.drv [DRV] awaddr = 17bd50ac wdata = b3de3588 wstrb = a araddr = 00000038
UVM_INFO axi4_lite_scoreboard.sv(68) @ 15785: uvm_test_top.env.scb [RRESP] Matched : exp_rresp=2 actual_rresp =2 write = 0 read = 1
UVM_ERROR axi4_lite_scoreboard.sv(74) @ 15785: uvm_test_top.env.scb [RDATA] Mismatched : exp_rdata= 45939a1b actual_rdata=00000000 
UVM_INFO axi4_lite_subscriber.sv(40) @ 15805: uvm_test_top.env.sb [sb] INPUT COVERAGE = 100.00 %
UVM_INFO axi4_lite_inp_monitor.sv(38) @ 15805: uvm_test_top.env.aa.inp_mon [INPUT MONITOR] READ araddr=00000034
UVM_INFO axi4_lite_out_monitor.sv(28) @ 15815: uvm_test_top.env.pa.out_mon [OUTPUT MONITOR] BRESP = 0 RRESP = 2 RDATA = 00000000
UVM_INFO axi4_lite_driver.sv(34) @ 15815: uvm_test_top.env.aa.drv [DRV] awaddr = be781424 wdata = 836d502d wstrb = 1 araddr = 00000034
UVM_INFO axi4_lite_scoreboard.sv(68) @ 15815: uvm_test_top.env.scb [RRESP] Matched : exp_rresp=2 actual_rresp =2 write = 0 read = 1
UVM_ERROR axi4_lite_scoreboard.sv(74) @ 15815: uvm_test_top.env.scb [RDATA] Mismatched : exp_rdata= 45939a1b actual_rdata=00000000 
UVM_INFO axi4_lite_subscriber.sv(40) @ 15835: uvm_test_top.env.sb [sb] INPUT COVERAGE = 100.00 %
UVM_INFO axi4_lite_inp_monitor.sv(38) @ 15835: uvm_test_top.env.aa.inp_mon [INPUT MONITOR] READ araddr=00000038
UVM_INFO axi4_lite_out_monitor.sv(28) @ 15845: uvm_test_top.env.pa.out_mon [OUTPUT MONITOR] BRESP = 0 RRESP = 2 RDATA = 00000000
UVM_INFO axi4_lite_driver.sv(34) @ 15845: uvm_test_top.env.aa.drv [DRV] awaddr = 54343ad4 wdata = afd5f29f wstrb = 1 araddr = 00000038
UVM_INFO axi4_lite_scoreboard.sv(68) @ 15845: uvm_test_top.env.scb [RRESP] Matched : exp_rresp=2 actual_rresp =2 write = 0 read = 1
UVM_ERROR axi4_lite_scoreboard.sv(74) @ 15845: uvm_test_top.env.scb [RDATA] Mismatched : exp_rdata= 45939a1b actual_rdata=00000000 
UVM_INFO axi4_lite_subscriber.sv(40) @ 15865: uvm_test_top.env.sb [sb] INPUT COVERAGE = 100.00 %
UVM_INFO axi4_lite_inp_monitor.sv(38) @ 15865: uvm_test_top.env.aa.inp_mon [INPUT MONITOR] READ araddr=00000038
UVM_INFO axi4_lite_out_monitor.sv(28) @ 15875: uvm_test_top.env.pa.out_mon [OUTPUT MONITOR] BRESP = 0 RRESP = 2 RDATA = 00000000
UVM_INFO axi4_lite_driver.sv(34) @ 15875: uvm_test_top.env.aa.drv [DRV] awaddr = b1e62310 wdata = 74750fb9 wstrb = e araddr = 00000038
UVM_INFO axi4_lite_scoreboard.sv(68) @ 15875: uvm_test_top.env.scb [RRESP] Matched : exp_rresp=2 actual_rresp =2 write = 0 read = 1
UVM_ERROR axi4_lite_scoreboard.sv(74) @ 15875: uvm_test_top.env.scb [RDATA] Mismatched : exp_rdata= 45939a1b actual_rdata=00000000 
UVM_INFO axi4_lite_subscriber.sv(40) @ 15895: uvm_test_top.env.sb [sb] INPUT COVERAGE = 100.00 %
UVM_INFO axi4_lite_inp_monitor.sv(38) @ 15895: uvm_test_top.env.aa.inp_mon [INPUT MONITOR] READ araddr=00000038
UVM_INFO axi4_lite_out_monitor.sv(28) @ 15905: uvm_test_top.env.pa.out_mon [OUTPUT MONITOR] BRESP = 0 RRESP = 2 RDATA = 00000000
UVM_INFO axi4_lite_driver.sv(34) @ 15905: uvm_test_top.env.aa.drv [DRV] awaddr = f6aef5e0 wdata = 4bdfc8b6 wstrb = a araddr = 00000038
UVM_INFO axi4_lite_scoreboard.sv(68) @ 15905: uvm_test_top.env.scb [RRESP] Matched : exp_rresp=2 actual_rresp =2 write = 0 read = 1
UVM_ERROR axi4_lite_scoreboard.sv(74) @ 15905: uvm_test_top.env.scb [RDATA] Mismatched : exp_rdata= 45939a1b actual_rdata=00000000 
UVM_INFO axi4_lite_subscriber.sv(40) @ 15925: uvm_test_top.env.sb [sb] INPUT COVERAGE = 100.00 %
UVM_INFO axi4_lite_inp_monitor.sv(38) @ 15925: uvm_test_top.env.aa.inp_mon [INPUT MONITOR] READ araddr=00000034
UVM_INFO axi4_lite_out_monitor.sv(28) @ 15935: uvm_test_top.env.pa.out_mon [OUTPUT MONITOR] BRESP = 0 RRESP = 2 RDATA = 00000000
UVM_INFO axi4_lite_driver.sv(34) @ 15935: uvm_test_top.env.aa.drv [DRV] awaddr = e8b8664c wdata = feb53905 wstrb = 6 araddr = 00000034
UVM_INFO axi4_lite_scoreboard.sv(68) @ 15935: uvm_test_top.env.scb [RRESP] Matched : exp_rresp=2 actual_rresp =2 write = 0 read = 1
UVM_ERROR axi4_lite_scoreboard.sv(74) @ 15935: uvm_test_top.env.scb [RDATA] Mismatched : exp_rdata= 45939a1b actual_rdata=00000000 
UVM_INFO axi4_lite_subscriber.sv(40) @ 15955: uvm_test_top.env.sb [sb] INPUT COVERAGE = 100.00 %
UVM_INFO axi4_lite_inp_monitor.sv(38) @ 15955: uvm_test_top.env.aa.inp_mon [INPUT MONITOR] READ araddr=00000038
UVM_INFO axi4_lite_out_monitor.sv(28) @ 15965: uvm_test_top.env.pa.out_mon [OUTPUT MONITOR] BRESP = 0 RRESP = 2 RDATA = 00000000
UVM_INFO axi4_lite_driver.sv(34) @ 15965: uvm_test_top.env.aa.drv [DRV] awaddr = 03d47674 wdata = f3a44c31 wstrb = 5 araddr = 00000038
UVM_INFO axi4_lite_scoreboard.sv(68) @ 15965: uvm_test_top.env.scb [RRESP] Matched : exp_rresp=2 actual_rresp =2 write = 0 read = 1
UVM_ERROR axi4_lite_scoreboard.sv(74) @ 15965: uvm_test_top.env.scb [RDATA] Mismatched : exp_rdata= 45939a1b actual_rdata=00000000 
UVM_INFO axi4_lite_subscriber.sv(40) @ 15985: uvm_test_top.env.sb [sb] INPUT COVERAGE = 100.00 %
UVM_INFO axi4_lite_inp_monitor.sv(38) @ 15985: uvm_test_top.env.aa.inp_mon [INPUT MONITOR] READ araddr=00000034
UVM_INFO axi4_lite_out_monitor.sv(28) @ 15995: uvm_test_top.env.pa.out_mon [OUTPUT MONITOR] BRESP = 0 RRESP = 2 RDATA = 00000000
UVM_INFO axi4_lite_driver.sv(34) @ 15995: uvm_test_top.env.aa.drv [DRV] awaddr = 77a72308 wdata = 6ee4a7f1 wstrb = c araddr = 00000034
UVM_INFO axi4_lite_scoreboard.sv(68) @ 15995: uvm_test_top.env.scb [RRESP] Matched : exp_rresp=2 actual_rresp =2 write = 0 read = 1
UVM_ERROR axi4_lite_scoreboard.sv(74) @ 15995: uvm_test_top.env.scb [RDATA] Mismatched : exp_rdata= 45939a1b actual_rdata=00000000 
UVM_INFO axi4_lite_subscriber.sv(40) @ 16015: uvm_test_top.env.sb [sb] INPUT COVERAGE = 100.00 %
UVM_INFO axi4_lite_inp_monitor.sv(38) @ 16015: uvm_test_top.env.aa.inp_mon [INPUT MONITOR] READ araddr=00000034
UVM_INFO axi4_lite_out_monitor.sv(28) @ 16025: uvm_test_top.env.pa.out_mon [OUTPUT MONITOR] BRESP = 0 RRESP = 2 RDATA = 00000000
UVM_INFO axi4_lite_driver.sv(34) @ 16025: uvm_test_top.env.aa.drv [DRV] awaddr = 78edefa8 wdata = 1c90dc02 wstrb = c araddr = 00000034
UVM_INFO axi4_lite_scoreboard.sv(68) @ 16025: uvm_test_top.env.scb [RRESP] Matched : exp_rresp=2 actual_rresp =2 write = 0 read = 1
UVM_ERROR axi4_lite_scoreboard.sv(74) @ 16025: uvm_test_top.env.scb [RDATA] Mismatched : exp_rdata= 45939a1b actual_rdata=00000000 
UVM_INFO axi4_lite_subscriber.sv(40) @ 16045: uvm_test_top.env.sb [sb] INPUT COVERAGE = 100.00 %
UVM_INFO axi4_lite_inp_monitor.sv(38) @ 16045: uvm_test_top.env.aa.inp_mon [INPUT MONITOR] READ araddr=00000038
UVM_INFO axi4_lite_out_monitor.sv(28) @ 16055: uvm_test_top.env.pa.out_mon [OUTPUT MONITOR] BRESP = 0 RRESP = 2 RDATA = 00000000
UVM_INFO axi4_lite_driver.sv(34) @ 16055: uvm_test_top.env.aa.drv [DRV] awaddr = 66a6ab78 wdata = fbde0b46 wstrb = f araddr = 00000038
UVM_INFO axi4_lite_scoreboard.sv(68) @ 16055: uvm_test_top.env.scb [RRESP] Matched : exp_rresp=2 actual_rresp =2 write = 0 read = 1
UVM_ERROR axi4_lite_scoreboard.sv(74) @ 16055: uvm_test_top.env.scb [RDATA] Mismatched : exp_rdata= 45939a1b actual_rdata=00000000 
UVM_INFO axi4_lite_subscriber.sv(40) @ 16075: uvm_test_top.env.sb [sb] INPUT COVERAGE = 100.00 %
UVM_INFO axi4_lite_inp_monitor.sv(38) @ 16075: uvm_test_top.env.aa.inp_mon [INPUT MONITOR] READ araddr=00000038
UVM_INFO axi4_lite_out_monitor.sv(28) @ 16085: uvm_test_top.env.pa.out_mon [OUTPUT MONITOR] BRESP = 0 RRESP = 2 RDATA = 00000000
UVM_INFO axi4_lite_driver.sv(34) @ 16085: uvm_test_top.env.aa.drv [DRV] awaddr = 65788f88 wdata = 6ec7d5d3 wstrb = 7 araddr = 00000038
UVM_INFO axi4_lite_scoreboard.sv(68) @ 16085: uvm_test_top.env.scb [RRESP] Matched : exp_rresp=2 actual_rresp =2 write = 0 read = 1
UVM_ERROR axi4_lite_scoreboard.sv(74) @ 16085: uvm_test_top.env.scb [RDATA] Mismatched : exp_rdata= 45939a1b actual_rdata=00000000 
UVM_INFO axi4_lite_subscriber.sv(40) @ 16105: uvm_test_top.env.sb [sb] INPUT COVERAGE = 100.00 %
UVM_INFO axi4_lite_inp_monitor.sv(38) @ 16105: uvm_test_top.env.aa.inp_mon [INPUT MONITOR] READ araddr=00000038
UVM_INFO axi4_lite_out_monitor.sv(28) @ 16115: uvm_test_top.env.pa.out_mon [OUTPUT MONITOR] BRESP = 0 RRESP = 2 RDATA = 00000000
UVM_INFO axi4_lite_driver.sv(34) @ 16115: uvm_test_top.env.aa.drv [DRV] awaddr = 97f7c890 wdata = b6ee04a7 wstrb = 7 araddr = 00000038
UVM_INFO axi4_lite_scoreboard.sv(68) @ 16115: uvm_test_top.env.scb [RRESP] Matched : exp_rresp=2 actual_rresp =2 write = 0 read = 1
UVM_ERROR axi4_lite_scoreboard.sv(74) @ 16115: uvm_test_top.env.scb [RDATA] Mismatched : exp_rdata= 45939a1b actual_rdata=00000000 
UVM_INFO axi4_lite_subscriber.sv(40) @ 16135: uvm_test_top.env.sb [sb] INPUT COVERAGE = 100.00 %
UVM_INFO axi4_lite_inp_monitor.sv(38) @ 16135: uvm_test_top.env.aa.inp_mon [INPUT MONITOR] READ araddr=00000038
UVM_INFO axi4_lite_out_monitor.sv(28) @ 16145: uvm_test_top.env.pa.out_mon [OUTPUT MONITOR] BRESP = 0 RRESP = 2 RDATA = 00000000
UVM_INFO axi4_lite_driver.sv(34) @ 16145: uvm_test_top.env.aa.drv [DRV] awaddr = 0a28acdc wdata = 651a0549 wstrb = 5 araddr = 00000038
UVM_INFO axi4_lite_scoreboard.sv(68) @ 16145: uvm_test_top.env.scb [RRESP] Matched : exp_rresp=2 actual_rresp =2 write = 0 read = 1
UVM_ERROR axi4_lite_scoreboard.sv(74) @ 16145: uvm_test_top.env.scb [RDATA] Mismatched : exp_rdata= 45939a1b actual_rdata=00000000 
UVM_INFO axi4_lite_subscriber.sv(40) @ 16165: uvm_test_top.env.sb [sb] INPUT COVERAGE = 100.00 %
UVM_INFO axi4_lite_inp_monitor.sv(38) @ 16165: uvm_test_top.env.aa.inp_mon [INPUT MONITOR] READ araddr=00000034
UVM_INFO axi4_lite_out_monitor.sv(28) @ 16175: uvm_test_top.env.pa.out_mon [OUTPUT MONITOR] BRESP = 0 RRESP = 2 RDATA = 00000000
UVM_INFO axi4_lite_driver.sv(34) @ 16175: uvm_test_top.env.aa.drv [DRV] awaddr = 84d5bfc8 wdata = 55db75fa wstrb = 2 araddr = 00000034
UVM_INFO axi4_lite_scoreboard.sv(68) @ 16175: uvm_test_top.env.scb [RRESP] Matched : exp_rresp=2 actual_rresp =2 write = 0 read = 1
UVM_ERROR axi4_lite_scoreboard.sv(74) @ 16175: uvm_test_top.env.scb [RDATA] Mismatched : exp_rdata= 45939a1b actual_rdata=00000000 
UVM_INFO axi4_lite_subscriber.sv(40) @ 16195: uvm_test_top.env.sb [sb] INPUT COVERAGE = 100.00 %
UVM_INFO axi4_lite_inp_monitor.sv(38) @ 16195: uvm_test_top.env.aa.inp_mon [INPUT MONITOR] READ araddr=00000038
UVM_INFO axi4_lite_out_monitor.sv(28) @ 16205: uvm_test_top.env.pa.out_mon [OUTPUT MONITOR] BRESP = 0 RRESP = 2 RDATA = 00000000
UVM_INFO axi4_lite_driver.sv(34) @ 16205: uvm_test_top.env.aa.drv [DRV] awaddr = eb6c49f4 wdata = e63d538f wstrb = 6 araddr = 00000038
UVM_INFO axi4_lite_scoreboard.sv(68) @ 16205: uvm_test_top.env.scb [RRESP] Matched : exp_rresp=2 actual_rresp =2 write = 0 read = 1
UVM_ERROR axi4_lite_scoreboard.sv(74) @ 16205: uvm_test_top.env.scb [RDATA] Mismatched : exp_rdata= 45939a1b actual_rdata=00000000 
UVM_INFO axi4_lite_subscriber.sv(40) @ 16225: uvm_test_top.env.sb [sb] INPUT COVERAGE = 100.00 %
UVM_INFO axi4_lite_inp_monitor.sv(38) @ 16225: uvm_test_top.env.aa.inp_mon [INPUT MONITOR] READ araddr=00000034
UVM_INFO axi4_lite_out_monitor.sv(28) @ 16235: uvm_test_top.env.pa.out_mon [OUTPUT MONITOR] BRESP = 0 RRESP = 2 RDATA = 00000000
UVM_INFO axi4_lite_driver.sv(34) @ 16235: uvm_test_top.env.aa.drv [DRV] awaddr = 8e056270 wdata = b57609df wstrb = 9 araddr = 00000034
UVM_INFO axi4_lite_scoreboard.sv(68) @ 16235: uvm_test_top.env.scb [RRESP] Matched : exp_rresp=2 actual_rresp =2 write = 0 read = 1
UVM_ERROR axi4_lite_scoreboard.sv(74) @ 16235: uvm_test_top.env.scb [RDATA] Mismatched : exp_rdata= 45939a1b actual_rdata=00000000 
UVM_INFO axi4_lite_subscriber.sv(40) @ 16255: uvm_test_top.env.sb [sb] INPUT COVERAGE = 100.00 %
UVM_INFO axi4_lite_inp_monitor.sv(38) @ 16255: uvm_test_top.env.aa.inp_mon [INPUT MONITOR] READ araddr=00000034
UVM_INFO axi4_lite_out_monitor.sv(28) @ 16265: uvm_test_top.env.pa.out_mon [OUTPUT MONITOR] BRESP = 0 RRESP = 2 RDATA = 00000000
UVM_INFO axi4_lite_driver.sv(34) @ 16265: uvm_test_top.env.aa.drv [DRV] awaddr = 44bb062c wdata = 77eb1708 wstrb = f araddr = 00000034
UVM_INFO axi4_lite_scoreboard.sv(68) @ 16265: uvm_test_top.env.scb [RRESP] Matched : exp_rresp=2 actual_rresp =2 write = 0 read = 1
UVM_ERROR axi4_lite_scoreboard.sv(74) @ 16265: uvm_test_top.env.scb [RDATA] Mismatched : exp_rdata= 45939a1b actual_rdata=00000000 
UVM_INFO axi4_lite_subscriber.sv(40) @ 16285: uvm_test_top.env.sb [sb] INPUT COVERAGE = 100.00 %
UVM_INFO axi4_lite_inp_monitor.sv(38) @ 16285: uvm_test_top.env.aa.inp_mon [INPUT MONITOR] READ araddr=00000038
UVM_INFO axi4_lite_out_monitor.sv(28) @ 16295: uvm_test_top.env.pa.out_mon [OUTPUT MONITOR] BRESP = 0 RRESP = 2 RDATA = 00000000
UVM_INFO axi4_lite_driver.sv(34) @ 16295: uvm_test_top.env.aa.drv [DRV] awaddr = ac775504 wdata = aee329bf wstrb = 0 araddr = 00000038
UVM_INFO axi4_lite_scoreboard.sv(68) @ 16295: uvm_test_top.env.scb [RRESP] Matched : exp_rresp=2 actual_rresp =2 write = 0 read = 1
UVM_ERROR axi4_lite_scoreboard.sv(74) @ 16295: uvm_test_top.env.scb [RDATA] Mismatched : exp_rdata= 45939a1b actual_rdata=00000000 
UVM_INFO axi4_lite_subscriber.sv(40) @ 16315: uvm_test_top.env.sb [sb] INPUT COVERAGE = 100.00 %
UVM_INFO axi4_lite_inp_monitor.sv(38) @ 16315: uvm_test_top.env.aa.inp_mon [INPUT MONITOR] READ araddr=00000034
UVM_INFO axi4_lite_out_monitor.sv(28) @ 16325: uvm_test_top.env.pa.out_mon [OUTPUT MONITOR] BRESP = 0 RRESP = 2 RDATA = 00000000
UVM_INFO axi4_lite_driver.sv(34) @ 16325: uvm_test_top.env.aa.drv [DRV] awaddr = 702dd0c4 wdata = 862f2dfe wstrb = f araddr = 00000034
UVM_INFO axi4_lite_scoreboard.sv(68) @ 16325: uvm_test_top.env.scb [RRESP] Matched : exp_rresp=2 actual_rresp =2 write = 0 read = 1
UVM_ERROR axi4_lite_scoreboard.sv(74) @ 16325: uvm_test_top.env.scb [RDATA] Mismatched : exp_rdata= 45939a1b actual_rdata=00000000 
UVM_INFO axi4_lite_subscriber.sv(40) @ 16345: uvm_test_top.env.sb [sb] INPUT COVERAGE = 100.00 %
UVM_INFO axi4_lite_inp_monitor.sv(38) @ 16345: uvm_test_top.env.aa.inp_mon [INPUT MONITOR] READ araddr=00000038
UVM_INFO axi4_lite_out_monitor.sv(28) @ 16355: uvm_test_top.env.pa.out_mon [OUTPUT MONITOR] BRESP = 0 RRESP = 2 RDATA = 00000000
UVM_INFO axi4_lite_driver.sv(34) @ 16355: uvm_test_top.env.aa.drv [DRV] awaddr = 9a370c4c wdata = 2910e3c7 wstrb = 6 araddr = 00000038
UVM_INFO axi4_lite_scoreboard.sv(68) @ 16355: uvm_test_top.env.scb [RRESP] Matched : exp_rresp=2 actual_rresp =2 write = 0 read = 1
UVM_ERROR axi4_lite_scoreboard.sv(74) @ 16355: uvm_test_top.env.scb [RDATA] Mismatched : exp_rdata= 45939a1b actual_rdata=00000000 
UVM_INFO axi4_lite_subscriber.sv(40) @ 16375: uvm_test_top.env.sb [sb] INPUT COVERAGE = 100.00 %
UVM_INFO axi4_lite_inp_monitor.sv(38) @ 16375: uvm_test_top.env.aa.inp_mon [INPUT MONITOR] READ araddr=00000038
UVM_INFO axi4_lite_out_monitor.sv(28) @ 16385: uvm_test_top.env.pa.out_mon [OUTPUT MONITOR] BRESP = 0 RRESP = 2 RDATA = 00000000
UVM_INFO axi4_lite_driver.sv(34) @ 16385: uvm_test_top.env.aa.drv [DRV] awaddr = 5c949da8 wdata = dd9a6075 wstrb = 0 araddr = 00000038
UVM_INFO axi4_lite_scoreboard.sv(68) @ 16385: uvm_test_top.env.scb [RRESP] Matched : exp_rresp=2 actual_rresp =2 write = 0 read = 1
UVM_ERROR axi4_lite_scoreboard.sv(74) @ 16385: uvm_test_top.env.scb [RDATA] Mismatched : exp_rdata= 45939a1b actual_rdata=00000000 
UVM_INFO axi4_lite_subscriber.sv(40) @ 16405: uvm_test_top.env.sb [sb] INPUT COVERAGE = 100.00 %
UVM_INFO axi4_lite_inp_monitor.sv(38) @ 16405: uvm_test_top.env.aa.inp_mon [INPUT MONITOR] READ araddr=00000038
UVM_INFO axi4_lite_out_monitor.sv(28) @ 16415: uvm_test_top.env.pa.out_mon [OUTPUT MONITOR] BRESP = 0 RRESP = 2 RDATA = 00000000
UVM_INFO axi4_lite_driver.sv(34) @ 16415: uvm_test_top.env.aa.drv [DRV] awaddr = 338d6fe0 wdata = 52ea5415 wstrb = 3 araddr = 00000038
UVM_INFO axi4_lite_scoreboard.sv(68) @ 16415: uvm_test_top.env.scb [RRESP] Matched : exp_rresp=2 actual_rresp =2 write = 0 read = 1
UVM_ERROR axi4_lite_scoreboard.sv(74) @ 16415: uvm_test_top.env.scb [RDATA] Mismatched : exp_rdata= 45939a1b actual_rdata=00000000 
UVM_INFO axi4_lite_subscriber.sv(40) @ 16435: uvm_test_top.env.sb [sb] INPUT COVERAGE = 100.00 %
UVM_INFO axi4_lite_inp_monitor.sv(38) @ 16435: uvm_test_top.env.aa.inp_mon [INPUT MONITOR] READ araddr=00000034
UVM_INFO axi4_lite_out_monitor.sv(28) @ 16445: uvm_test_top.env.pa.out_mon [OUTPUT MONITOR] BRESP = 0 RRESP = 2 RDATA = 00000000
UVM_INFO axi4_lite_driver.sv(34) @ 16445: uvm_test_top.env.aa.drv [DRV] awaddr = d80bd0e0 wdata = e4c8d130 wstrb = 4 araddr = 00000034
UVM_INFO axi4_lite_scoreboard.sv(68) @ 16445: uvm_test_top.env.scb [RRESP] Matched : exp_rresp=2 actual_rresp =2 write = 0 read = 1
UVM_ERROR axi4_lite_scoreboard.sv(74) @ 16445: uvm_test_top.env.scb [RDATA] Mismatched : exp_rdata= 45939a1b actual_rdata=00000000 
UVM_INFO axi4_lite_subscriber.sv(40) @ 16465: uvm_test_top.env.sb [sb] INPUT COVERAGE = 100.00 %
UVM_INFO axi4_lite_inp_monitor.sv(38) @ 16465: uvm_test_top.env.aa.inp_mon [INPUT MONITOR] READ araddr=00000038
UVM_INFO axi4_lite_out_monitor.sv(28) @ 16475: uvm_test_top.env.pa.out_mon [OUTPUT MONITOR] BRESP = 0 RRESP = 2 RDATA = 00000000
UVM_INFO axi4_lite_driver.sv(34) @ 16475: uvm_test_top.env.aa.drv [DRV] awaddr = 6af340f4 wdata = 3e8fdabe wstrb = 8 araddr = 00000038
UVM_INFO axi4_lite_scoreboard.sv(68) @ 16475: uvm_test_top.env.scb [RRESP] Matched : exp_rresp=2 actual_rresp =2 write = 0 read = 1
UVM_ERROR axi4_lite_scoreboard.sv(74) @ 16475: uvm_test_top.env.scb [RDATA] Mismatched : exp_rdata= 45939a1b actual_rdata=00000000 
UVM_INFO axi4_lite_subscriber.sv(40) @ 16495: uvm_test_top.env.sb [sb] INPUT COVERAGE = 100.00 %
UVM_INFO axi4_lite_inp_monitor.sv(38) @ 16495: uvm_test_top.env.aa.inp_mon [INPUT MONITOR] READ araddr=00000034
UVM_INFO axi4_lite_out_monitor.sv(28) @ 16505: uvm_test_top.env.pa.out_mon [OUTPUT MONITOR] BRESP = 0 RRESP = 2 RDATA = 00000000
UVM_INFO axi4_lite_driver.sv(34) @ 16505: uvm_test_top.env.aa.drv [DRV] awaddr = 0b5fe88c wdata = 6711c87b wstrb = 1 araddr = 00000034
UVM_INFO axi4_lite_scoreboard.sv(68) @ 16505: uvm_test_top.env.scb [RRESP] Matched : exp_rresp=2 actual_rresp =2 write = 0 read = 1
UVM_ERROR axi4_lite_scoreboard.sv(74) @ 16505: uvm_test_top.env.scb [RDATA] Mismatched : exp_rdata= 45939a1b actual_rdata=00000000 
UVM_INFO axi4_lite_subscriber.sv(40) @ 16525: uvm_test_top.env.sb [sb] INPUT COVERAGE = 100.00 %
UVM_INFO axi4_lite_inp_monitor.sv(38) @ 16525: uvm_test_top.env.aa.inp_mon [INPUT MONITOR] READ araddr=00000034
UVM_INFO axi4_lite_out_monitor.sv(28) @ 16535: uvm_test_top.env.pa.out_mon [OUTPUT MONITOR] BRESP = 0 RRESP = 2 RDATA = 00000000
UVM_INFO axi4_lite_driver.sv(34) @ 16535: uvm_test_top.env.aa.drv [DRV] awaddr = 326220b0 wdata = dc1d9448 wstrb = 4 araddr = 00000034
UVM_INFO axi4_lite_scoreboard.sv(68) @ 16535: uvm_test_top.env.scb [RRESP] Matched : exp_rresp=2 actual_rresp =2 write = 0 read = 1
UVM_ERROR axi4_lite_scoreboard.sv(74) @ 16535: uvm_test_top.env.scb [RDATA] Mismatched : exp_rdata= 45939a1b actual_rdata=00000000 
UVM_INFO axi4_lite_subscriber.sv(40) @ 16555: uvm_test_top.env.sb [sb] INPUT COVERAGE = 100.00 %
UVM_INFO axi4_lite_inp_monitor.sv(38) @ 16555: uvm_test_top.env.aa.inp_mon [INPUT MONITOR] READ araddr=00000038
UVM_INFO axi4_lite_out_monitor.sv(28) @ 16565: uvm_test_top.env.pa.out_mon [OUTPUT MONITOR] BRESP = 0 RRESP = 2 RDATA = 00000000
UVM_INFO axi4_lite_driver.sv(34) @ 16565: uvm_test_top.env.aa.drv [DRV] awaddr = 89f2ba64 wdata = ffd7ff60 wstrb = 1 araddr = 00000038
UVM_INFO axi4_lite_scoreboard.sv(68) @ 16565: uvm_test_top.env.scb [RRESP] Matched : exp_rresp=2 actual_rresp =2 write = 0 read = 1
UVM_ERROR axi4_lite_scoreboard.sv(74) @ 16565: uvm_test_top.env.scb [RDATA] Mismatched : exp_rdata= 45939a1b actual_rdata=00000000 
UVM_INFO axi4_lite_subscriber.sv(40) @ 16585: uvm_test_top.env.sb [sb] INPUT COVERAGE = 100.00 %
UVM_INFO axi4_lite_inp_monitor.sv(38) @ 16585: uvm_test_top.env.aa.inp_mon [INPUT MONITOR] READ araddr=00000034
UVM_INFO axi4_lite_out_monitor.sv(28) @ 16595: uvm_test_top.env.pa.out_mon [OUTPUT MONITOR] BRESP = 0 RRESP = 2 RDATA = 00000000
UVM_INFO axi4_lite_driver.sv(34) @ 16595: uvm_test_top.env.aa.drv [DRV] awaddr = e3b45da0 wdata = e9d125a9 wstrb = 8 araddr = 00000034
UVM_INFO axi4_lite_scoreboard.sv(68) @ 16595: uvm_test_top.env.scb [RRESP] Matched : exp_rresp=2 actual_rresp =2 write = 0 read = 1
UVM_ERROR axi4_lite_scoreboard.sv(74) @ 16595: uvm_test_top.env.scb [RDATA] Mismatched : exp_rdata= 45939a1b actual_rdata=00000000 
UVM_INFO axi4_lite_subscriber.sv(40) @ 16615: uvm_test_top.env.sb [sb] INPUT COVERAGE = 100.00 %
UVM_INFO axi4_lite_inp_monitor.sv(38) @ 16615: uvm_test_top.env.aa.inp_mon [INPUT MONITOR] READ araddr=00000038
UVM_INFO axi4_lite_out_monitor.sv(28) @ 16625: uvm_test_top.env.pa.out_mon [OUTPUT MONITOR] BRESP = 0 RRESP = 2 RDATA = 00000000
UVM_INFO axi4_lite_driver.sv(34) @ 16625: uvm_test_top.env.aa.drv [DRV] awaddr = a1290694 wdata = 29085afa wstrb = 1 araddr = 00000038
UVM_INFO axi4_lite_scoreboard.sv(68) @ 16625: uvm_test_top.env.scb [RRESP] Matched : exp_rresp=2 actual_rresp =2 write = 0 read = 1
UVM_ERROR axi4_lite_scoreboard.sv(74) @ 16625: uvm_test_top.env.scb [RDATA] Mismatched : exp_rdata= 45939a1b actual_rdata=00000000 
UVM_INFO axi4_lite_subscriber.sv(40) @ 16645: uvm_test_top.env.sb [sb] INPUT COVERAGE = 100.00 %
UVM_INFO axi4_lite_inp_monitor.sv(38) @ 16645: uvm_test_top.env.aa.inp_mon [INPUT MONITOR] READ araddr=00000034
UVM_INFO axi4_lite_out_monitor.sv(28) @ 16655: uvm_test_top.env.pa.out_mon [OUTPUT MONITOR] BRESP = 0 RRESP = 2 RDATA = 00000000
UVM_INFO axi4_lite_driver.sv(34) @ 16655: uvm_test_top.env.aa.drv [DRV] awaddr = 7df7f504 wdata = c93e7076 wstrb = 3 araddr = 00000034
UVM_INFO axi4_lite_scoreboard.sv(68) @ 16655: uvm_test_top.env.scb [RRESP] Matched : exp_rresp=2 actual_rresp =2 write = 0 read = 1
UVM_ERROR axi4_lite_scoreboard.sv(74) @ 16655: uvm_test_top.env.scb [RDATA] Mismatched : exp_rdata= 45939a1b actual_rdata=00000000 
UVM_INFO axi4_lite_subscriber.sv(40) @ 16675: uvm_test_top.env.sb [sb] INPUT COVERAGE = 100.00 %
UVM_INFO axi4_lite_inp_monitor.sv(38) @ 16675: uvm_test_top.env.aa.inp_mon [INPUT MONITOR] READ araddr=00000034
UVM_INFO axi4_lite_out_monitor.sv(28) @ 16685: uvm_test_top.env.pa.out_mon [OUTPUT MONITOR] BRESP = 0 RRESP = 2 RDATA = 00000000
UVM_INFO axi4_lite_driver.sv(34) @ 16685: uvm_test_top.env.aa.drv [DRV] awaddr = fe2e3a78 wdata = 1ec48812 wstrb = 0 araddr = 00000034
UVM_INFO axi4_lite_scoreboard.sv(68) @ 16685: uvm_test_top.env.scb [RRESP] Matched : exp_rresp=2 actual_rresp =2 write = 0 read = 1
UVM_ERROR axi4_lite_scoreboard.sv(74) @ 16685: uvm_test_top.env.scb [RDATA] Mismatched : exp_rdata= 45939a1b actual_rdata=00000000 
UVM_INFO axi4_lite_subscriber.sv(40) @ 16705: uvm_test_top.env.sb [sb] INPUT COVERAGE = 100.00 %
UVM_INFO axi4_lite_inp_monitor.sv(38) @ 16705: uvm_test_top.env.aa.inp_mon [INPUT MONITOR] READ araddr=00000034
UVM_INFO axi4_lite_out_monitor.sv(28) @ 16715: uvm_test_top.env.pa.out_mon [OUTPUT MONITOR] BRESP = 0 RRESP = 2 RDATA = 00000000
UVM_INFO axi4_lite_driver.sv(34) @ 16715: uvm_test_top.env.aa.drv [DRV] awaddr = 6c245bec wdata = 84827bb8 wstrb = 1 araddr = 00000034
UVM_INFO axi4_lite_scoreboard.sv(68) @ 16715: uvm_test_top.env.scb [RRESP] Matched : exp_rresp=2 actual_rresp =2 write = 0 read = 1
UVM_ERROR axi4_lite_scoreboard.sv(74) @ 16715: uvm_test_top.env.scb [RDATA] Mismatched : exp_rdata= 45939a1b actual_rdata=00000000 
UVM_INFO axi4_lite_subscriber.sv(40) @ 16735: uvm_test_top.env.sb [sb] INPUT COVERAGE = 100.00 %
UVM_INFO axi4_lite_inp_monitor.sv(38) @ 16735: uvm_test_top.env.aa.inp_mon [INPUT MONITOR] READ araddr=00000034
UVM_INFO axi4_lite_out_monitor.sv(28) @ 16745: uvm_test_top.env.pa.out_mon [OUTPUT MONITOR] BRESP = 0 RRESP = 2 RDATA = 00000000
UVM_INFO axi4_lite_driver.sv(34) @ 16745: uvm_test_top.env.aa.drv [DRV] awaddr = 322a8f38 wdata = de4784da wstrb = a araddr = 00000034
UVM_INFO axi4_lite_scoreboard.sv(68) @ 16745: uvm_test_top.env.scb [RRESP] Matched : exp_rresp=2 actual_rresp =2 write = 0 read = 1
UVM_ERROR axi4_lite_scoreboard.sv(74) @ 16745: uvm_test_top.env.scb [RDATA] Mismatched : exp_rdata= 45939a1b actual_rdata=00000000 
UVM_INFO axi4_lite_subscriber.sv(40) @ 16765: uvm_test_top.env.sb [sb] INPUT COVERAGE = 100.00 %
UVM_INFO axi4_lite_inp_monitor.sv(38) @ 16765: uvm_test_top.env.aa.inp_mon [INPUT MONITOR] READ araddr=00000038
UVM_INFO axi4_lite_out_monitor.sv(28) @ 16775: uvm_test_top.env.pa.out_mon [OUTPUT MONITOR] BRESP = 0 RRESP = 2 RDATA = 00000000
UVM_INFO axi4_lite_driver.sv(34) @ 16775: uvm_test_top.env.aa.drv [DRV] awaddr = 7fa077dc wdata = 3b4901dc wstrb = c araddr = 00000038
UVM_INFO axi4_lite_scoreboard.sv(68) @ 16775: uvm_test_top.env.scb [RRESP] Matched : exp_rresp=2 actual_rresp =2 write = 0 read = 1
UVM_ERROR axi4_lite_scoreboard.sv(74) @ 16775: uvm_test_top.env.scb [RDATA] Mismatched : exp_rdata= 45939a1b actual_rdata=00000000 
UVM_INFO axi4_lite_subscriber.sv(40) @ 16795: uvm_test_top.env.sb [sb] INPUT COVERAGE = 100.00 %
UVM_INFO axi4_lite_inp_monitor.sv(38) @ 16795: uvm_test_top.env.aa.inp_mon [INPUT MONITOR] READ araddr=00000034
UVM_INFO axi4_lite_out_monitor.sv(28) @ 16805: uvm_test_top.env.pa.out_mon [OUTPUT MONITOR] BRESP = 0 RRESP = 2 RDATA = 00000000
UVM_INFO axi4_lite_driver.sv(34) @ 16805: uvm_test_top.env.aa.drv [DRV] awaddr = 724038a0 wdata = af1aec51 wstrb = e araddr = 00000034
UVM_INFO axi4_lite_scoreboard.sv(68) @ 16805: uvm_test_top.env.scb [RRESP] Matched : exp_rresp=2 actual_rresp =2 write = 0 read = 1
UVM_ERROR axi4_lite_scoreboard.sv(74) @ 16805: uvm_test_top.env.scb [RDATA] Mismatched : exp_rdata= 45939a1b actual_rdata=00000000 
UVM_INFO axi4_lite_subscriber.sv(40) @ 16825: uvm_test_top.env.sb [sb] INPUT COVERAGE = 100.00 %
UVM_INFO axi4_lite_inp_monitor.sv(38) @ 16825: uvm_test_top.env.aa.inp_mon [INPUT MONITOR] READ araddr=00000034
UVM_INFO axi4_lite_out_monitor.sv(28) @ 16835: uvm_test_top.env.pa.out_mon [OUTPUT MONITOR] BRESP = 0 RRESP = 2 RDATA = 00000000
UVM_INFO axi4_lite_driver.sv(34) @ 16835: uvm_test_top.env.aa.drv [DRV] awaddr = e1be301c wdata = 58312b0e wstrb = 4 araddr = 00000034
UVM_INFO axi4_lite_scoreboard.sv(68) @ 16835: uvm_test_top.env.scb [RRESP] Matched : exp_rresp=2 actual_rresp =2 write = 0 read = 1
UVM_ERROR axi4_lite_scoreboard.sv(74) @ 16835: uvm_test_top.env.scb [RDATA] Mismatched : exp_rdata= 45939a1b actual_rdata=00000000 
UVM_INFO axi4_lite_subscriber.sv(40) @ 16855: uvm_test_top.env.sb [sb] INPUT COVERAGE = 100.00 %
UVM_INFO axi4_lite_inp_monitor.sv(38) @ 16855: uvm_test_top.env.aa.inp_mon [INPUT MONITOR] READ araddr=00000034
UVM_INFO axi4_lite_out_monitor.sv(28) @ 16865: uvm_test_top.env.pa.out_mon [OUTPUT MONITOR] BRESP = 0 RRESP = 2 RDATA = 00000000
UVM_INFO axi4_lite_driver.sv(34) @ 16865: uvm_test_top.env.aa.drv [DRV] awaddr = c53e8f10 wdata = 9a304a9e wstrb = 8 araddr = 00000034
UVM_INFO axi4_lite_scoreboard.sv(68) @ 16865: uvm_test_top.env.scb [RRESP] Matched : exp_rresp=2 actual_rresp =2 write = 0 read = 1
UVM_ERROR axi4_lite_scoreboard.sv(74) @ 16865: uvm_test_top.env.scb [RDATA] Mismatched : exp_rdata= 45939a1b actual_rdata=00000000 
UVM_INFO axi4_lite_subscriber.sv(40) @ 16885: uvm_test_top.env.sb [sb] INPUT COVERAGE = 100.00 %
UVM_INFO axi4_lite_inp_monitor.sv(38) @ 16885: uvm_test_top.env.aa.inp_mon [INPUT MONITOR] READ araddr=00000034
UVM_INFO axi4_lite_out_monitor.sv(28) @ 16895: uvm_test_top.env.pa.out_mon [OUTPUT MONITOR] BRESP = 0 RRESP = 2 RDATA = 00000000
UVM_INFO axi4_lite_driver.sv(34) @ 16895: uvm_test_top.env.aa.drv [DRV] awaddr = e21b74dc wdata = a4eb444b wstrb = c araddr = 00000034
UVM_INFO axi4_lite_scoreboard.sv(68) @ 16895: uvm_test_top.env.scb [RRESP] Matched : exp_rresp=2 actual_rresp =2 write = 0 read = 1
UVM_ERROR axi4_lite_scoreboard.sv(74) @ 16895: uvm_test_top.env.scb [RDATA] Mismatched : exp_rdata= 45939a1b actual_rdata=00000000 
UVM_INFO axi4_lite_subscriber.sv(40) @ 16915: uvm_test_top.env.sb [sb] INPUT COVERAGE = 100.00 %
UVM_INFO axi4_lite_inp_monitor.sv(38) @ 16915: uvm_test_top.env.aa.inp_mon [INPUT MONITOR] READ araddr=00000038
UVM_INFO axi4_lite_out_monitor.sv(28) @ 16925: uvm_test_top.env.pa.out_mon [OUTPUT MONITOR] BRESP = 0 RRESP = 2 RDATA = 00000000
UVM_INFO axi4_lite_driver.sv(34) @ 16925: uvm_test_top.env.aa.drv [DRV] awaddr = 535afe84 wdata = 3f4768eb wstrb = 1 araddr = 00000038
UVM_INFO axi4_lite_scoreboard.sv(68) @ 16925: uvm_test_top.env.scb [RRESP] Matched : exp_rresp=2 actual_rresp =2 write = 0 read = 1
UVM_ERROR axi4_lite_scoreboard.sv(74) @ 16925: uvm_test_top.env.scb [RDATA] Mismatched : exp_rdata= 45939a1b actual_rdata=00000000 
UVM_INFO axi4_lite_subscriber.sv(40) @ 16945: uvm_test_top.env.sb [sb] INPUT COVERAGE = 100.00 %
UVM_INFO axi4_lite_inp_monitor.sv(38) @ 16945: uvm_test_top.env.aa.inp_mon [INPUT MONITOR] READ araddr=00000034
UVM_INFO axi4_lite_out_monitor.sv(28) @ 16955: uvm_test_top.env.pa.out_mon [OUTPUT MONITOR] BRESP = 0 RRESP = 2 RDATA = 00000000
UVM_INFO axi4_lite_driver.sv(34) @ 16955: uvm_test_top.env.aa.drv [DRV] awaddr = 89f8acd8 wdata = 6473e7f8 wstrb = 5 araddr = 00000034
UVM_INFO axi4_lite_scoreboard.sv(68) @ 16955: uvm_test_top.env.scb [RRESP] Matched : exp_rresp=2 actual_rresp =2 write = 0 read = 1
UVM_ERROR axi4_lite_scoreboard.sv(74) @ 16955: uvm_test_top.env.scb [RDATA] Mismatched : exp_rdata= 45939a1b actual_rdata=00000000 
UVM_INFO axi4_lite_subscriber.sv(40) @ 16975: uvm_test_top.env.sb [sb] INPUT COVERAGE = 100.00 %
UVM_INFO axi4_lite_inp_monitor.sv(38) @ 16975: uvm_test_top.env.aa.inp_mon [INPUT MONITOR] READ araddr=00000034
UVM_INFO axi4_lite_out_monitor.sv(28) @ 16985: uvm_test_top.env.pa.out_mon [OUTPUT MONITOR] BRESP = 0 RRESP = 2 RDATA = 00000000
UVM_INFO axi4_lite_driver.sv(34) @ 16985: uvm_test_top.env.aa.drv [DRV] awaddr = c685b948 wdata = dc6944f6 wstrb = d araddr = 00000034
UVM_INFO axi4_lite_scoreboard.sv(68) @ 16985: uvm_test_top.env.scb [RRESP] Matched : exp_rresp=2 actual_rresp =2 write = 0 read = 1
UVM_ERROR axi4_lite_scoreboard.sv(74) @ 16985: uvm_test_top.env.scb [RDATA] Mismatched : exp_rdata= 45939a1b actual_rdata=00000000 
UVM_INFO axi4_lite_subscriber.sv(40) @ 17005: uvm_test_top.env.sb [sb] INPUT COVERAGE = 100.00 %
UVM_INFO axi4_lite_inp_monitor.sv(38) @ 17005: uvm_test_top.env.aa.inp_mon [INPUT MONITOR] READ araddr=00000038
UVM_INFO axi4_lite_out_monitor.sv(28) @ 17015: uvm_test_top.env.pa.out_mon [OUTPUT MONITOR] BRESP = 0 RRESP = 2 RDATA = 00000000
UVM_INFO axi4_lite_driver.sv(34) @ 17015: uvm_test_top.env.aa.drv [DRV] awaddr = 957c126c wdata = e10d0806 wstrb = 1 araddr = 00000038
UVM_INFO axi4_lite_scoreboard.sv(68) @ 17015: uvm_test_top.env.scb [RRESP] Matched : exp_rresp=2 actual_rresp =2 write = 0 read = 1
UVM_ERROR axi4_lite_scoreboard.sv(74) @ 17015: uvm_test_top.env.scb [RDATA] Mismatched : exp_rdata= 45939a1b actual_rdata=00000000 
UVM_INFO axi4_lite_subscriber.sv(40) @ 17035: uvm_test_top.env.sb [sb] INPUT COVERAGE = 100.00 %
UVM_INFO axi4_lite_inp_monitor.sv(38) @ 17035: uvm_test_top.env.aa.inp_mon [INPUT MONITOR] READ araddr=00000038
UVM_INFO axi4_lite_out_monitor.sv(28) @ 17045: uvm_test_top.env.pa.out_mon [OUTPUT MONITOR] BRESP = 0 RRESP = 2 RDATA = 00000000
UVM_INFO axi4_lite_driver.sv(34) @ 17045: uvm_test_top.env.aa.drv [DRV] awaddr = da02fb40 wdata = f4296375 wstrb = 9 araddr = 00000038
UVM_INFO axi4_lite_scoreboard.sv(68) @ 17045: uvm_test_top.env.scb [RRESP] Matched : exp_rresp=2 actual_rresp =2 write = 0 read = 1
UVM_ERROR axi4_lite_scoreboard.sv(74) @ 17045: uvm_test_top.env.scb [RDATA] Mismatched : exp_rdata= 45939a1b actual_rdata=00000000 
UVM_INFO axi4_lite_subscriber.sv(40) @ 17065: uvm_test_top.env.sb [sb] INPUT COVERAGE = 100.00 %
UVM_INFO axi4_lite_inp_monitor.sv(38) @ 17065: uvm_test_top.env.aa.inp_mon [INPUT MONITOR] READ araddr=00000038
UVM_INFO axi4_lite_out_monitor.sv(28) @ 17075: uvm_test_top.env.pa.out_mon [OUTPUT MONITOR] BRESP = 0 RRESP = 2 RDATA = 00000000
UVM_INFO axi4_lite_driver.sv(34) @ 17075: uvm_test_top.env.aa.drv [DRV] awaddr = b9d24a98 wdata = 23d7ac6b wstrb = a araddr = 00000038
UVM_INFO axi4_lite_scoreboard.sv(68) @ 17075: uvm_test_top.env.scb [RRESP] Matched : exp_rresp=2 actual_rresp =2 write = 0 read = 1
UVM_ERROR axi4_lite_scoreboard.sv(74) @ 17075: uvm_test_top.env.scb [RDATA] Mismatched : exp_rdata= 45939a1b actual_rdata=00000000 
UVM_INFO axi4_lite_subscriber.sv(40) @ 17095: uvm_test_top.env.sb [sb] INPUT COVERAGE = 100.00 %
UVM_INFO axi4_lite_inp_monitor.sv(38) @ 17095: uvm_test_top.env.aa.inp_mon [INPUT MONITOR] READ araddr=00000034
UVM_INFO axi4_lite_out_monitor.sv(28) @ 17105: uvm_test_top.env.pa.out_mon [OUTPUT MONITOR] BRESP = 0 RRESP = 2 RDATA = 00000000
UVM_INFO axi4_lite_driver.sv(34) @ 17105: uvm_test_top.env.aa.drv [DRV] awaddr = 68ca5028 wdata = 00d63de4 wstrb = d araddr = 00000034
UVM_INFO axi4_lite_scoreboard.sv(68) @ 17105: uvm_test_top.env.scb [RRESP] Matched : exp_rresp=2 actual_rresp =2 write = 0 read = 1
UVM_ERROR axi4_lite_scoreboard.sv(74) @ 17105: uvm_test_top.env.scb [RDATA] Mismatched : exp_rdata= 45939a1b actual_rdata=00000000 
UVM_INFO axi4_lite_subscriber.sv(40) @ 17125: uvm_test_top.env.sb [sb] INPUT COVERAGE = 100.00 %
UVM_INFO axi4_lite_inp_monitor.sv(38) @ 17125: uvm_test_top.env.aa.inp_mon [INPUT MONITOR] READ araddr=00000034
UVM_INFO axi4_lite_out_monitor.sv(28) @ 17135: uvm_test_top.env.pa.out_mon [OUTPUT MONITOR] BRESP = 0 RRESP = 2 RDATA = 00000000
UVM_INFO axi4_lite_driver.sv(34) @ 17135: uvm_test_top.env.aa.drv [DRV] awaddr = 6d8d7da0 wdata = 26479c4c wstrb = c araddr = 00000034
UVM_INFO axi4_lite_scoreboard.sv(68) @ 17135: uvm_test_top.env.scb [RRESP] Matched : exp_rresp=2 actual_rresp =2 write = 0 read = 1
UVM_ERROR axi4_lite_scoreboard.sv(74) @ 17135: uvm_test_top.env.scb [RDATA] Mismatched : exp_rdata= 45939a1b actual_rdata=00000000 
UVM_INFO axi4_lite_subscriber.sv(40) @ 17155: uvm_test_top.env.sb [sb] INPUT COVERAGE = 100.00 %
UVM_INFO axi4_lite_inp_monitor.sv(38) @ 17155: uvm_test_top.env.aa.inp_mon [INPUT MONITOR] READ araddr=00000038
UVM_INFO axi4_lite_out_monitor.sv(28) @ 17165: uvm_test_top.env.pa.out_mon [OUTPUT MONITOR] BRESP = 0 RRESP = 2 RDATA = 00000000
UVM_INFO axi4_lite_driver.sv(34) @ 17165: uvm_test_top.env.aa.drv [DRV] awaddr = c24d947c wdata = b15df3aa wstrb = d araddr = 00000038
UVM_INFO axi4_lite_scoreboard.sv(68) @ 17165: uvm_test_top.env.scb [RRESP] Matched : exp_rresp=2 actual_rresp =2 write = 0 read = 1
UVM_ERROR axi4_lite_scoreboard.sv(74) @ 17165: uvm_test_top.env.scb [RDATA] Mismatched : exp_rdata= 45939a1b actual_rdata=00000000 
UVM_INFO axi4_lite_subscriber.sv(40) @ 17185: uvm_test_top.env.sb [sb] INPUT COVERAGE = 100.00 %
UVM_INFO axi4_lite_inp_monitor.sv(38) @ 17185: uvm_test_top.env.aa.inp_mon [INPUT MONITOR] READ araddr=00000038
UVM_INFO axi4_lite_out_monitor.sv(28) @ 17195: uvm_test_top.env.pa.out_mon [OUTPUT MONITOR] BRESP = 0 RRESP = 2 RDATA = 00000000
UVM_INFO axi4_lite_driver.sv(34) @ 17195: uvm_test_top.env.aa.drv [DRV] awaddr = a43d66fc wdata = 7f4d9df9 wstrb = d araddr = 00000038
UVM_INFO axi4_lite_scoreboard.sv(68) @ 17195: uvm_test_top.env.scb [RRESP] Matched : exp_rresp=2 actual_rresp =2 write = 0 read = 1
UVM_ERROR axi4_lite_scoreboard.sv(74) @ 17195: uvm_test_top.env.scb [RDATA] Mismatched : exp_rdata= 45939a1b actual_rdata=00000000 
UVM_INFO axi4_lite_subscriber.sv(40) @ 17215: uvm_test_top.env.sb [sb] INPUT COVERAGE = 100.00 %
UVM_INFO axi4_lite_inp_monitor.sv(38) @ 17215: uvm_test_top.env.aa.inp_mon [INPUT MONITOR] READ araddr=00000038
UVM_INFO axi4_lite_out_monitor.sv(28) @ 17225: uvm_test_top.env.pa.out_mon [OUTPUT MONITOR] BRESP = 0 RRESP = 2 RDATA = 00000000
UVM_INFO axi4_lite_driver.sv(34) @ 17225: uvm_test_top.env.aa.drv [DRV] awaddr = f62b0bd4 wdata = aa918243 wstrb = 4 araddr = 00000038
UVM_INFO axi4_lite_scoreboard.sv(68) @ 17225: uvm_test_top.env.scb [RRESP] Matched : exp_rresp=2 actual_rresp =2 write = 0 read = 1
UVM_ERROR axi4_lite_scoreboard.sv(74) @ 17225: uvm_test_top.env.scb [RDATA] Mismatched : exp_rdata= 45939a1b actual_rdata=00000000 
UVM_INFO axi4_lite_subscriber.sv(40) @ 17245: uvm_test_top.env.sb [sb] INPUT COVERAGE = 100.00 %
UVM_INFO axi4_lite_inp_monitor.sv(38) @ 17245: uvm_test_top.env.aa.inp_mon [INPUT MONITOR] READ araddr=00000034
UVM_INFO axi4_lite_out_monitor.sv(28) @ 17255: uvm_test_top.env.pa.out_mon [OUTPUT MONITOR] BRESP = 0 RRESP = 2 RDATA = 00000000
UVM_INFO axi4_lite_driver.sv(34) @ 17255: uvm_test_top.env.aa.drv [DRV] awaddr = 51290064 wdata = 477577bd wstrb = 3 araddr = 00000034
UVM_INFO axi4_lite_scoreboard.sv(68) @ 17255: uvm_test_top.env.scb [RRESP] Matched : exp_rresp=2 actual_rresp =2 write = 0 read = 1
UVM_ERROR axi4_lite_scoreboard.sv(74) @ 17255: uvm_test_top.env.scb [RDATA] Mismatched : exp_rdata= 45939a1b actual_rdata=00000000 
UVM_INFO axi4_lite_subscriber.sv(40) @ 17275: uvm_test_top.env.sb [sb] INPUT COVERAGE = 100.00 %
UVM_INFO axi4_lite_inp_monitor.sv(38) @ 17275: uvm_test_top.env.aa.inp_mon [INPUT MONITOR] READ araddr=00000034
UVM_INFO axi4_lite_out_monitor.sv(28) @ 17285: uvm_test_top.env.pa.out_mon [OUTPUT MONITOR] BRESP = 0 RRESP = 2 RDATA = 00000000
UVM_INFO axi4_lite_driver.sv(34) @ 17285: uvm_test_top.env.aa.drv [DRV] awaddr = 78145780 wdata = f21440e8 wstrb = 1 araddr = 00000034
UVM_INFO axi4_lite_scoreboard.sv(68) @ 17285: uvm_test_top.env.scb [RRESP] Matched : exp_rresp=2 actual_rresp =2 write = 0 read = 1
UVM_ERROR axi4_lite_scoreboard.sv(74) @ 17285: uvm_test_top.env.scb [RDATA] Mismatched : exp_rdata= 45939a1b actual_rdata=00000000 
UVM_INFO axi4_lite_subscriber.sv(40) @ 17305: uvm_test_top.env.sb [sb] INPUT COVERAGE = 100.00 %
UVM_INFO axi4_lite_inp_monitor.sv(38) @ 17305: uvm_test_top.env.aa.inp_mon [INPUT MONITOR] READ araddr=00000038
UVM_INFO axi4_lite_out_monitor.sv(28) @ 17315: uvm_test_top.env.pa.out_mon [OUTPUT MONITOR] BRESP = 0 RRESP = 2 RDATA = 00000000
UVM_INFO axi4_lite_driver.sv(34) @ 17315: uvm_test_top.env.aa.drv [DRV] awaddr = 69d4a808 wdata = f63bcb28 wstrb = f araddr = 00000038
UVM_INFO axi4_lite_scoreboard.sv(68) @ 17315: uvm_test_top.env.scb [RRESP] Matched : exp_rresp=2 actual_rresp =2 write = 0 read = 1
UVM_ERROR axi4_lite_scoreboard.sv(74) @ 17315: uvm_test_top.env.scb [RDATA] Mismatched : exp_rdata= 45939a1b actual_rdata=00000000 
UVM_INFO axi4_lite_subscriber.sv(40) @ 17335: uvm_test_top.env.sb [sb] INPUT COVERAGE = 100.00 %
UVM_INFO axi4_lite_inp_monitor.sv(38) @ 17335: uvm_test_top.env.aa.inp_mon [INPUT MONITOR] READ araddr=00000038
UVM_INFO axi4_lite_out_monitor.sv(28) @ 17345: uvm_test_top.env.pa.out_mon [OUTPUT MONITOR] BRESP = 0 RRESP = 2 RDATA = 00000000
UVM_INFO axi4_lite_driver.sv(34) @ 17345: uvm_test_top.env.aa.drv [DRV] awaddr = d9220b28 wdata = 13ab4982 wstrb = b araddr = 00000038
UVM_INFO axi4_lite_scoreboard.sv(68) @ 17345: uvm_test_top.env.scb [RRESP] Matched : exp_rresp=2 actual_rresp =2 write = 0 read = 1
UVM_ERROR axi4_lite_scoreboard.sv(74) @ 17345: uvm_test_top.env.scb [RDATA] Mismatched : exp_rdata= 45939a1b actual_rdata=00000000 
UVM_INFO axi4_lite_subscriber.sv(40) @ 17365: uvm_test_top.env.sb [sb] INPUT COVERAGE = 100.00 %
UVM_INFO axi4_lite_inp_monitor.sv(38) @ 17365: uvm_test_top.env.aa.inp_mon [INPUT MONITOR] READ araddr=00000034
UVM_INFO axi4_lite_out_monitor.sv(28) @ 17375: uvm_test_top.env.pa.out_mon [OUTPUT MONITOR] BRESP = 0 RRESP = 2 RDATA = 00000000
UVM_INFO axi4_lite_driver.sv(34) @ 17375: uvm_test_top.env.aa.drv [DRV] awaddr = f5c226c4 wdata = d0cd7280 wstrb = 6 araddr = 00000034
UVM_INFO axi4_lite_scoreboard.sv(68) @ 17375: uvm_test_top.env.scb [RRESP] Matched : exp_rresp=2 actual_rresp =2 write = 0 read = 1
UVM_ERROR axi4_lite_scoreboard.sv(74) @ 17375: uvm_test_top.env.scb [RDATA] Mismatched : exp_rdata= 45939a1b actual_rdata=00000000 
Read to wo completed
UVM_INFO axi4_lite_subscriber.sv(40) @ 17425: uvm_test_top.env.sb [sb] INPUT COVERAGE = 100.00 %
UVM_INFO axi4_lite_inp_monitor.sv(44) @ 17425: uvm_test_top.env.aa.inp_mon [INPUT MONITOR]  WRITE awaddr=00000027 wdata=fb01eace wstrb=0111 
UVM_INFO axi4_lite_out_monitor.sv(28) @ 17445: uvm_test_top.env.pa.out_mon [OUTPUT MONITOR] BRESP = 2 RRESP = 0 RDATA = 00000000
UVM_INFO axi4_lite_driver.sv(34) @ 17445: uvm_test_top.env.aa.drv [DRV] awaddr = 00000027 wdata = fb01eace wstrb = 7 araddr = a5e98503
UVM_INFO axi4_lite_scoreboard.sv(52) @ 17445: uvm_test_top.env.scb [BRESP] Matched : exp_bresp= 2 actual_bresp=2 write = 1 read = 0
UVM_INFO axi4_lite_subscriber.sv(40) @ 17465: uvm_test_top.env.sb [sb] INPUT COVERAGE = 100.00 %
UVM_INFO axi4_lite_inp_monitor.sv(44) @ 17465: uvm_test_top.env.aa.inp_mon [INPUT MONITOR]  WRITE awaddr=00000013 wdata=41cb23d6 wstrb=1011 
UVM_INFO axi4_lite_out_monitor.sv(28) @ 17485: uvm_test_top.env.pa.out_mon [OUTPUT MONITOR] BRESP = 2 RRESP = 0 RDATA = 00000000
UVM_INFO axi4_lite_driver.sv(34) @ 17485: uvm_test_top.env.aa.drv [DRV] awaddr = 00000013 wdata = 41cb23d6 wstrb = b araddr = 2216249d
UVM_INFO axi4_lite_scoreboard.sv(52) @ 17485: uvm_test_top.env.scb [BRESP] Matched : exp_bresp= 2 actual_bresp=2 write = 1 read = 0
UVM_INFO axi4_lite_subscriber.sv(40) @ 17525: uvm_test_top.env.sb [sb] INPUT COVERAGE = 100.00 %
UVM_INFO axi4_lite_inp_monitor.sv(44) @ 17525: uvm_test_top.env.aa.inp_mon [INPUT MONITOR]  WRITE awaddr=00000021 wdata=b3cc911e wstrb=0111 
UVM_INFO axi4_lite_out_monitor.sv(28) @ 17545: uvm_test_top.env.pa.out_mon [OUTPUT MONITOR] BRESP = 2 RRESP = 0 RDATA = 00000000
UVM_INFO axi4_lite_driver.sv(34) @ 17545: uvm_test_top.env.aa.drv [DRV] awaddr = 00000021 wdata = b3cc911e wstrb = 7 araddr = 59adfd8e
UVM_INFO axi4_lite_scoreboard.sv(52) @ 17545: uvm_test_top.env.scb [BRESP] Matched : exp_bresp= 2 actual_bresp=2 write = 1 read = 0
UVM_INFO axi4_lite_subscriber.sv(40) @ 17585: uvm_test_top.env.sb [sb] INPUT COVERAGE = 100.00 %
UVM_INFO axi4_lite_inp_monitor.sv(44) @ 17585: uvm_test_top.env.aa.inp_mon [INPUT MONITOR]  WRITE awaddr=00000025 wdata=6052116f wstrb=1000 
UVM_INFO axi4_lite_out_monitor.sv(28) @ 17605: uvm_test_top.env.pa.out_mon [OUTPUT MONITOR] BRESP = 2 RRESP = 0 RDATA = 00000000
UVM_INFO axi4_lite_driver.sv(34) @ 17605: uvm_test_top.env.aa.drv [DRV] awaddr = 00000025 wdata = 6052116f wstrb = 8 araddr = bf565b31
UVM_INFO axi4_lite_scoreboard.sv(52) @ 17605: uvm_test_top.env.scb [BRESP] Matched : exp_bresp= 2 actual_bresp=2 write = 1 read = 0
UVM_INFO axi4_lite_subscriber.sv(40) @ 17655: uvm_test_top.env.sb [sb] INPUT COVERAGE = 100.00 %
UVM_INFO axi4_lite_inp_monitor.sv(44) @ 17655: uvm_test_top.env.aa.inp_mon [INPUT MONITOR]  WRITE awaddr=00000021 wdata=effe67e4 wstrb=1101 
UVM_INFO axi4_lite_out_monitor.sv(28) @ 17675: uvm_test_top.env.pa.out_mon [OUTPUT MONITOR] BRESP = 2 RRESP = 0 RDATA = 00000000
UVM_INFO axi4_lite_driver.sv(34) @ 17675: uvm_test_top.env.aa.drv [DRV] awaddr = 00000021 wdata = effe67e4 wstrb = d araddr = c817144f
UVM_INFO axi4_lite_scoreboard.sv(52) @ 17675: uvm_test_top.env.scb [BRESP] Matched : exp_bresp= 2 actual_bresp=2 write = 1 read = 0
UVM_INFO axi4_lite_subscriber.sv(40) @ 17695: uvm_test_top.env.sb [sb] INPUT COVERAGE = 100.00 %
UVM_INFO axi4_lite_inp_monitor.sv(44) @ 17695: uvm_test_top.env.aa.inp_mon [INPUT MONITOR]  WRITE awaddr=0000002a wdata=3b7f064e wstrb=0100 
UVM_INFO axi4_lite_out_monitor.sv(28) @ 17715: uvm_test_top.env.pa.out_mon [OUTPUT MONITOR] BRESP = 2 RRESP = 0 RDATA = 00000000
UVM_INFO axi4_lite_driver.sv(34) @ 17715: uvm_test_top.env.aa.drv [DRV] awaddr = 0000002a wdata = 3b7f064e wstrb = 4 araddr = 864796c0
UVM_INFO axi4_lite_scoreboard.sv(52) @ 17715: uvm_test_top.env.scb [BRESP] Matched : exp_bresp= 2 actual_bresp=2 write = 1 read = 0
UVM_INFO axi4_lite_subscriber.sv(40) @ 17745: uvm_test_top.env.sb [sb] INPUT COVERAGE = 100.00 %
UVM_INFO axi4_lite_inp_monitor.sv(44) @ 17745: uvm_test_top.env.aa.inp_mon [INPUT MONITOR]  WRITE awaddr=0000002f wdata=70f522d2 wstrb=1010 
UVM_INFO axi4_lite_out_monitor.sv(28) @ 17765: uvm_test_top.env.pa.out_mon [OUTPUT MONITOR] BRESP = 2 RRESP = 0 RDATA = 00000000
UVM_INFO axi4_lite_driver.sv(34) @ 17765: uvm_test_top.env.aa.drv [DRV] awaddr = 0000002f wdata = 70f522d2 wstrb = a araddr = 49361a09
UVM_INFO axi4_lite_scoreboard.sv(52) @ 17765: uvm_test_top.env.scb [BRESP] Matched : exp_bresp= 2 actual_bresp=2 write = 1 read = 0
UVM_INFO axi4_lite_subscriber.sv(40) @ 17805: uvm_test_top.env.sb [sb] INPUT COVERAGE = 100.00 %
UVM_INFO axi4_lite_inp_monitor.sv(44) @ 17805: uvm_test_top.env.aa.inp_mon [INPUT MONITOR]  WRITE awaddr=00000011 wdata=dd05d3c1 wstrb=0000 
UVM_INFO axi4_lite_out_monitor.sv(28) @ 17825: uvm_test_top.env.pa.out_mon [OUTPUT MONITOR] BRESP = 2 RRESP = 0 RDATA = 00000000
UVM_INFO axi4_lite_driver.sv(34) @ 17825: uvm_test_top.env.aa.drv [DRV] awaddr = 00000011 wdata = dd05d3c1 wstrb = 0 araddr = fda1e2e3
UVM_INFO axi4_lite_scoreboard.sv(52) @ 17825: uvm_test_top.env.scb [BRESP] Matched : exp_bresp= 2 actual_bresp=2 write = 1 read = 0
UVM_INFO axi4_lite_subscriber.sv(40) @ 17865: uvm_test_top.env.sb [sb] INPUT COVERAGE = 100.00 %
UVM_INFO axi4_lite_inp_monitor.sv(44) @ 17865: uvm_test_top.env.aa.inp_mon [INPUT MONITOR]  WRITE awaddr=00000011 wdata=7dd0db83 wstrb=1011 
UVM_INFO axi4_lite_out_monitor.sv(28) @ 17885: uvm_test_top.env.pa.out_mon [OUTPUT MONITOR] BRESP = 2 RRESP = 0 RDATA = 00000000
UVM_INFO axi4_lite_driver.sv(34) @ 17885: uvm_test_top.env.aa.drv [DRV] awaddr = 00000011 wdata = 7dd0db83 wstrb = b araddr = 96f844b3
UVM_INFO axi4_lite_scoreboard.sv(52) @ 17885: uvm_test_top.env.scb [BRESP] Matched : exp_bresp= 2 actual_bresp=2 write = 1 read = 0
UVM_INFO axi4_lite_subscriber.sv(40) @ 17935: uvm_test_top.env.sb [sb] INPUT COVERAGE = 100.00 %
UVM_INFO axi4_lite_inp_monitor.sv(44) @ 17935: uvm_test_top.env.aa.inp_mon [INPUT MONITOR]  WRITE awaddr=00000029 wdata=792ceb66 wstrb=1000 
UVM_INFO axi4_lite_out_monitor.sv(28) @ 17955: uvm_test_top.env.pa.out_mon [OUTPUT MONITOR] BRESP = 2 RRESP = 0 RDATA = 00000000
UVM_INFO axi4_lite_driver.sv(34) @ 17955: uvm_test_top.env.aa.drv [DRV] awaddr = 00000029 wdata = 792ceb66 wstrb = 8 araddr = da8a8c0a
UVM_INFO axi4_lite_scoreboard.sv(52) @ 17955: uvm_test_top.env.scb [BRESP] Matched : exp_bresp= 2 actual_bresp=2 write = 1 read = 0
UVM_INFO axi4_lite_subscriber.sv(40) @ 17985: uvm_test_top.env.sb [sb] INPUT COVERAGE = 100.00 %
UVM_INFO axi4_lite_inp_monitor.sv(44) @ 17985: uvm_test_top.env.aa.inp_mon [INPUT MONITOR]  WRITE awaddr=00000005 wdata=ce0c5f0f wstrb=0111 
UVM_INFO axi4_lite_out_monitor.sv(28) @ 18005: uvm_test_top.env.pa.out_mon [OUTPUT MONITOR] BRESP = 2 RRESP = 0 RDATA = 00000000
UVM_INFO axi4_lite_driver.sv(34) @ 18005: uvm_test_top.env.aa.drv [DRV] awaddr = 00000005 wdata = ce0c5f0f wstrb = 7 araddr = 70b87e81
UVM_INFO axi4_lite_scoreboard.sv(52) @ 18005: uvm_test_top.env.scb [BRESP] Matched : exp_bresp= 2 actual_bresp=2 write = 1 read = 0
UVM_INFO axi4_lite_subscriber.sv(40) @ 18035: uvm_test_top.env.sb [sb] INPUT COVERAGE = 100.00 %
UVM_INFO axi4_lite_inp_monitor.sv(44) @ 18035: uvm_test_top.env.aa.inp_mon [INPUT MONITOR]  WRITE awaddr=00000013 wdata=df06d36b wstrb=0011 
UVM_INFO axi4_lite_out_monitor.sv(28) @ 18055: uvm_test_top.env.pa.out_mon [OUTPUT MONITOR] BRESP = 2 RRESP = 0 RDATA = 00000000
UVM_INFO axi4_lite_driver.sv(34) @ 18055: uvm_test_top.env.aa.drv [DRV] awaddr = 00000013 wdata = df06d36b wstrb = 3 araddr = 911cdecb
UVM_INFO axi4_lite_scoreboard.sv(52) @ 18055: uvm_test_top.env.scb [BRESP] Matched : exp_bresp= 2 actual_bresp=2 write = 1 read = 0
UVM_INFO axi4_lite_subscriber.sv(40) @ 18085: uvm_test_top.env.sb [sb] INPUT COVERAGE = 100.00 %
UVM_INFO axi4_lite_inp_monitor.sv(44) @ 18085: uvm_test_top.env.aa.inp_mon [INPUT MONITOR]  WRITE awaddr=0000001a wdata=5aa6cb3b wstrb=0000 
UVM_INFO axi4_lite_out_monitor.sv(28) @ 18105: uvm_test_top.env.pa.out_mon [OUTPUT MONITOR] BRESP = 2 RRESP = 0 RDATA = 00000000
UVM_INFO axi4_lite_driver.sv(34) @ 18105: uvm_test_top.env.aa.drv [DRV] awaddr = 0000001a wdata = 5aa6cb3b wstrb = 0 araddr = c8049369
UVM_INFO axi4_lite_scoreboard.sv(52) @ 18105: uvm_test_top.env.scb [BRESP] Matched : exp_bresp= 2 actual_bresp=2 write = 1 read = 0
UVM_INFO axi4_lite_subscriber.sv(40) @ 18125: uvm_test_top.env.sb [sb] INPUT COVERAGE = 100.00 %
UVM_INFO axi4_lite_inp_monitor.sv(44) @ 18125: uvm_test_top.env.aa.inp_mon [INPUT MONITOR]  WRITE awaddr=00000035 wdata=7a8e6d50 wstrb=0010 
UVM_INFO axi4_lite_out_monitor.sv(28) @ 18145: uvm_test_top.env.pa.out_mon [OUTPUT MONITOR] BRESP = 2 RRESP = 0 RDATA = 00000000
UVM_INFO axi4_lite_driver.sv(34) @ 18145: uvm_test_top.env.aa.drv [DRV] awaddr = 00000035 wdata = 7a8e6d50 wstrb = 2 araddr = a90ff462
UVM_INFO axi4_lite_scoreboard.sv(52) @ 18145: uvm_test_top.env.scb [BRESP] Matched : exp_bresp= 2 actual_bresp=2 write = 1 read = 0
UVM_INFO axi4_lite_subscriber.sv(40) @ 18195: uvm_test_top.env.sb [sb] INPUT COVERAGE = 100.00 %
UVM_INFO axi4_lite_inp_monitor.sv(44) @ 18195: uvm_test_top.env.aa.inp_mon [INPUT MONITOR]  WRITE awaddr=00000031 wdata=be928144 wstrb=1000 
UVM_INFO axi4_lite_out_monitor.sv(28) @ 18215: uvm_test_top.env.pa.out_mon [OUTPUT MONITOR] BRESP = 2 RRESP = 0 RDATA = 00000000
UVM_INFO axi4_lite_driver.sv(34) @ 18215: uvm_test_top.env.aa.drv [DRV] awaddr = 00000031 wdata = be928144 wstrb = 8 araddr = c0d03eb8
UVM_INFO axi4_lite_scoreboard.sv(52) @ 18215: uvm_test_top.env.scb [BRESP] Matched : exp_bresp= 2 actual_bresp=2 write = 1 read = 0
UVM_INFO axi4_lite_subscriber.sv(40) @ 18255: uvm_test_top.env.sb [sb] INPUT COVERAGE = 100.00 %
UVM_INFO axi4_lite_inp_monitor.sv(44) @ 18255: uvm_test_top.env.aa.inp_mon [INPUT MONITOR]  WRITE awaddr=00000023 wdata=7f930b00 wstrb=0111 
UVM_INFO axi4_lite_out_monitor.sv(28) @ 18275: uvm_test_top.env.pa.out_mon [OUTPUT MONITOR] BRESP = 2 RRESP = 0 RDATA = 00000000
UVM_INFO axi4_lite_driver.sv(34) @ 18275: uvm_test_top.env.aa.drv [DRV] awaddr = 00000023 wdata = 7f930b00 wstrb = 7 araddr = cdb812b0
UVM_INFO axi4_lite_scoreboard.sv(52) @ 18275: uvm_test_top.env.scb [BRESP] Matched : exp_bresp= 2 actual_bresp=2 write = 1 read = 0
UVM_INFO axi4_lite_subscriber.sv(40) @ 18315: uvm_test_top.env.sb [sb] INPUT COVERAGE = 100.00 %
UVM_INFO axi4_lite_inp_monitor.sv(44) @ 18315: uvm_test_top.env.aa.inp_mon [INPUT MONITOR]  WRITE awaddr=0000000b wdata=8f51479d wstrb=1110 
UVM_INFO axi4_lite_out_monitor.sv(28) @ 18335: uvm_test_top.env.pa.out_mon [OUTPUT MONITOR] BRESP = 2 RRESP = 0 RDATA = 00000000
UVM_INFO axi4_lite_driver.sv(34) @ 18335: uvm_test_top.env.aa.drv [DRV] awaddr = 0000000b wdata = 8f51479d wstrb = e araddr = e80876bd
UVM_INFO axi4_lite_scoreboard.sv(52) @ 18335: uvm_test_top.env.scb [BRESP] Matched : exp_bresp= 2 actual_bresp=2 write = 1 read = 0
UVM_INFO axi4_lite_subscriber.sv(40) @ 18375: uvm_test_top.env.sb [sb] INPUT COVERAGE = 100.00 %
UVM_INFO axi4_lite_inp_monitor.sv(44) @ 18375: uvm_test_top.env.aa.inp_mon [INPUT MONITOR]  WRITE awaddr=00000019 wdata=4c8e7973 wstrb=1111 
UVM_INFO axi4_lite_out_monitor.sv(28) @ 18395: uvm_test_top.env.pa.out_mon [OUTPUT MONITOR] BRESP = 2 RRESP = 0 RDATA = 00000000
UVM_INFO axi4_lite_driver.sv(34) @ 18395: uvm_test_top.env.aa.drv [DRV] awaddr = 00000019 wdata = 4c8e7973 wstrb = f araddr = 5876487d
UVM_INFO axi4_lite_scoreboard.sv(52) @ 18395: uvm_test_top.env.scb [BRESP] Matched : exp_bresp= 2 actual_bresp=2 write = 1 read = 0
UVM_INFO axi4_lite_subscriber.sv(40) @ 18435: uvm_test_top.env.sb [sb] INPUT COVERAGE = 100.00 %
UVM_INFO axi4_lite_inp_monitor.sv(44) @ 18435: uvm_test_top.env.aa.inp_mon [INPUT MONITOR]  WRITE awaddr=00000032 wdata=eb763c23 wstrb=0111 
UVM_INFO axi4_lite_out_monitor.sv(28) @ 18455: uvm_test_top.env.pa.out_mon [OUTPUT MONITOR] BRESP = 2 RRESP = 0 RDATA = 00000000
UVM_INFO axi4_lite_driver.sv(34) @ 18455: uvm_test_top.env.aa.drv [DRV] awaddr = 00000032 wdata = eb763c23 wstrb = 7 araddr = 22dbee9e
UVM_INFO axi4_lite_scoreboard.sv(52) @ 18455: uvm_test_top.env.scb [BRESP] Matched : exp_bresp= 2 actual_bresp=2 write = 1 read = 0
UVM_INFO axi4_lite_subscriber.sv(40) @ 18495: uvm_test_top.env.sb [sb] INPUT COVERAGE = 100.00 %
UVM_INFO axi4_lite_inp_monitor.sv(44) @ 18495: uvm_test_top.env.aa.inp_mon [INPUT MONITOR]  WRITE awaddr=00000006 wdata=433c0477 wstrb=1011 
UVM_INFO axi4_lite_out_monitor.sv(28) @ 18515: uvm_test_top.env.pa.out_mon [OUTPUT MONITOR] BRESP = 2 RRESP = 0 RDATA = 00000000
UVM_INFO axi4_lite_driver.sv(34) @ 18515: uvm_test_top.env.aa.drv [DRV] awaddr = 00000006 wdata = 433c0477 wstrb = b araddr = 24072551
UVM_INFO axi4_lite_scoreboard.sv(52) @ 18515: uvm_test_top.env.scb [BRESP] Matched : exp_bresp= 2 actual_bresp=2 write = 1 read = 0
UVM_INFO axi4_lite_subscriber.sv(40) @ 18555: uvm_test_top.env.sb [sb] INPUT COVERAGE = 100.00 %
UVM_INFO axi4_lite_inp_monitor.sv(44) @ 18555: uvm_test_top.env.aa.inp_mon [INPUT MONITOR]  WRITE awaddr=0000003a wdata=5f67adfe wstrb=0110 
UVM_INFO axi4_lite_out_monitor.sv(28) @ 18575: uvm_test_top.env.pa.out_mon [OUTPUT MONITOR] BRESP = 2 RRESP = 0 RDATA = 00000000
UVM_INFO axi4_lite_driver.sv(34) @ 18575: uvm_test_top.env.aa.drv [DRV] awaddr = 0000003a wdata = 5f67adfe wstrb = 6 araddr = dfe34b8e
UVM_INFO axi4_lite_scoreboard.sv(52) @ 18575: uvm_test_top.env.scb [BRESP] Matched : exp_bresp= 2 actual_bresp=2 write = 1 read = 0
UVM_INFO axi4_lite_subscriber.sv(40) @ 18605: uvm_test_top.env.sb [sb] INPUT COVERAGE = 100.00 %
UVM_INFO axi4_lite_inp_monitor.sv(44) @ 18605: uvm_test_top.env.aa.inp_mon [INPUT MONITOR]  WRITE awaddr=00000031 wdata=c16fa069 wstrb=1110 
UVM_INFO axi4_lite_out_monitor.sv(28) @ 18625: uvm_test_top.env.pa.out_mon [OUTPUT MONITOR] BRESP = 2 RRESP = 0 RDATA = 00000000
UVM_INFO axi4_lite_driver.sv(34) @ 18625: uvm_test_top.env.aa.drv [DRV] awaddr = 00000031 wdata = c16fa069 wstrb = e araddr = 32eda144
UVM_INFO axi4_lite_scoreboard.sv(52) @ 18625: uvm_test_top.env.scb [BRESP] Matched : exp_bresp= 2 actual_bresp=2 write = 1 read = 0
UVM_INFO axi4_lite_subscriber.sv(40) @ 18675: uvm_test_top.env.sb [sb] INPUT COVERAGE = 100.00 %
UVM_INFO axi4_lite_inp_monitor.sv(44) @ 18675: uvm_test_top.env.aa.inp_mon [INPUT MONITOR]  WRITE awaddr=0000001b wdata=bd34c8a9 wstrb=0110 
UVM_INFO axi4_lite_out_monitor.sv(28) @ 18695: uvm_test_top.env.pa.out_mon [OUTPUT MONITOR] BRESP = 2 RRESP = 0 RDATA = 00000000
UVM_INFO axi4_lite_driver.sv(34) @ 18695: uvm_test_top.env.aa.drv [DRV] awaddr = 0000001b wdata = bd34c8a9 wstrb = 6 araddr = 74c04482
UVM_INFO axi4_lite_scoreboard.sv(52) @ 18695: uvm_test_top.env.scb [BRESP] Matched : exp_bresp= 2 actual_bresp=2 write = 1 read = 0
UVM_INFO axi4_lite_subscriber.sv(40) @ 18715: uvm_test_top.env.sb [sb] INPUT COVERAGE = 100.00 %
UVM_INFO axi4_lite_inp_monitor.sv(44) @ 18715: uvm_test_top.env.aa.inp_mon [INPUT MONITOR]  WRITE awaddr=0000001b wdata=f43cc791 wstrb=0011 
UVM_INFO axi4_lite_out_monitor.sv(28) @ 18735: uvm_test_top.env.pa.out_mon [OUTPUT MONITOR] BRESP = 2 RRESP = 0 RDATA = 00000000
UVM_INFO axi4_lite_driver.sv(34) @ 18735: uvm_test_top.env.aa.drv [DRV] awaddr = 0000001b wdata = f43cc791 wstrb = 3 araddr = 47e1c744
UVM_INFO axi4_lite_scoreboard.sv(52) @ 18735: uvm_test_top.env.scb [BRESP] Matched : exp_bresp= 2 actual_bresp=2 write = 1 read = 0
UVM_INFO axi4_lite_subscriber.sv(40) @ 18765: uvm_test_top.env.sb [sb] INPUT COVERAGE = 100.00 %
UVM_INFO axi4_lite_inp_monitor.sv(44) @ 18765: uvm_test_top.env.aa.inp_mon [INPUT MONITOR]  WRITE awaddr=0000000b wdata=d28a3612 wstrb=0000 
UVM_INFO axi4_lite_out_monitor.sv(28) @ 18785: uvm_test_top.env.pa.out_mon [OUTPUT MONITOR] BRESP = 2 RRESP = 0 RDATA = 00000000
UVM_INFO axi4_lite_driver.sv(34) @ 18785: uvm_test_top.env.aa.drv [DRV] awaddr = 0000000b wdata = d28a3612 wstrb = 0 araddr = fa9ce8d5
UVM_INFO axi4_lite_scoreboard.sv(52) @ 18785: uvm_test_top.env.scb [BRESP] Matched : exp_bresp= 2 actual_bresp=2 write = 1 read = 0
UVM_INFO axi4_lite_subscriber.sv(40) @ 18825: uvm_test_top.env.sb [sb] INPUT COVERAGE = 100.00 %
UVM_INFO axi4_lite_inp_monitor.sv(44) @ 18825: uvm_test_top.env.aa.inp_mon [INPUT MONITOR]  WRITE awaddr=00000015 wdata=79a6f217 wstrb=0000 
UVM_INFO axi4_lite_out_monitor.sv(28) @ 18845: uvm_test_top.env.pa.out_mon [OUTPUT MONITOR] BRESP = 2 RRESP = 0 RDATA = 00000000
UVM_INFO axi4_lite_driver.sv(34) @ 18845: uvm_test_top.env.aa.drv [DRV] awaddr = 00000015 wdata = 79a6f217 wstrb = 0 araddr = 1f155d1b
UVM_INFO axi4_lite_scoreboard.sv(52) @ 18845: uvm_test_top.env.scb [BRESP] Matched : exp_bresp= 2 actual_bresp=2 write = 1 read = 0
UVM_INFO axi4_lite_subscriber.sv(40) @ 18885: uvm_test_top.env.sb [sb] INPUT COVERAGE = 100.00 %
UVM_INFO axi4_lite_inp_monitor.sv(44) @ 18885: uvm_test_top.env.aa.inp_mon [INPUT MONITOR]  WRITE awaddr=0000001d wdata=9000bdc7 wstrb=0110 
UVM_INFO axi4_lite_out_monitor.sv(28) @ 18905: uvm_test_top.env.pa.out_mon [OUTPUT MONITOR] BRESP = 2 RRESP = 0 RDATA = 00000000
UVM_INFO axi4_lite_driver.sv(34) @ 18905: uvm_test_top.env.aa.drv [DRV] awaddr = 0000001d wdata = 9000bdc7 wstrb = 6 araddr = 173b6bf3
UVM_INFO axi4_lite_scoreboard.sv(52) @ 18905: uvm_test_top.env.scb [BRESP] Matched : exp_bresp= 2 actual_bresp=2 write = 1 read = 0
UVM_INFO axi4_lite_subscriber.sv(40) @ 18945: uvm_test_top.env.sb [sb] INPUT COVERAGE = 100.00 %
UVM_INFO axi4_lite_inp_monitor.sv(44) @ 18945: uvm_test_top.env.aa.inp_mon [INPUT MONITOR]  WRITE awaddr=00000027 wdata=74a98fcb wstrb=0100 
UVM_INFO axi4_lite_out_monitor.sv(28) @ 18965: uvm_test_top.env.pa.out_mon [OUTPUT MONITOR] BRESP = 2 RRESP = 0 RDATA = 00000000
UVM_INFO axi4_lite_driver.sv(34) @ 18965: uvm_test_top.env.aa.drv [DRV] awaddr = 00000027 wdata = 74a98fcb wstrb = 4 araddr = 7b215681
UVM_INFO axi4_lite_scoreboard.sv(52) @ 18965: uvm_test_top.env.scb [BRESP] Matched : exp_bresp= 2 actual_bresp=2 write = 1 read = 0
UVM_INFO axi4_lite_subscriber.sv(40) @ 19005: uvm_test_top.env.sb [sb] INPUT COVERAGE = 100.00 %
UVM_INFO axi4_lite_inp_monitor.sv(44) @ 19005: uvm_test_top.env.aa.inp_mon [INPUT MONITOR]  WRITE awaddr=00000022 wdata=d23ef59a wstrb=0010 
UVM_INFO axi4_lite_out_monitor.sv(28) @ 19025: uvm_test_top.env.pa.out_mon [OUTPUT MONITOR] BRESP = 2 RRESP = 0 RDATA = 00000000
UVM_INFO axi4_lite_driver.sv(34) @ 19025: uvm_test_top.env.aa.drv [DRV] awaddr = 00000022 wdata = d23ef59a wstrb = 2 araddr = 3752c23c
UVM_INFO axi4_lite_scoreboard.sv(52) @ 19025: uvm_test_top.env.scb [BRESP] Matched : exp_bresp= 2 actual_bresp=2 write = 1 read = 0
UVM_INFO axi4_lite_subscriber.sv(40) @ 19075: uvm_test_top.env.sb [sb] INPUT COVERAGE = 100.00 %
UVM_INFO axi4_lite_inp_monitor.sv(44) @ 19075: uvm_test_top.env.aa.inp_mon [INPUT MONITOR]  WRITE awaddr=00000031 wdata=4248bcd6 wstrb=0101 
UVM_INFO axi4_lite_out_monitor.sv(28) @ 19095: uvm_test_top.env.pa.out_mon [OUTPUT MONITOR] BRESP = 2 RRESP = 0 RDATA = 00000000
UVM_INFO axi4_lite_driver.sv(34) @ 19095: uvm_test_top.env.aa.drv [DRV] awaddr = 00000031 wdata = 4248bcd6 wstrb = 5 araddr = 411b5c8c
UVM_INFO axi4_lite_scoreboard.sv(52) @ 19095: uvm_test_top.env.scb [BRESP] Matched : exp_bresp= 2 actual_bresp=2 write = 1 read = 0
UVM_INFO axi4_lite_subscriber.sv(40) @ 19125: uvm_test_top.env.sb [sb] INPUT COVERAGE = 100.00 %
UVM_INFO axi4_lite_inp_monitor.sv(44) @ 19125: uvm_test_top.env.aa.inp_mon [INPUT MONITOR]  WRITE awaddr=00000033 wdata=11edcf98 wstrb=0110 
UVM_INFO axi4_lite_out_monitor.sv(28) @ 19145: uvm_test_top.env.pa.out_mon [OUTPUT MONITOR] BRESP = 2 RRESP = 0 RDATA = 00000000
UVM_INFO axi4_lite_driver.sv(34) @ 19145: uvm_test_top.env.aa.drv [DRV] awaddr = 00000033 wdata = 11edcf98 wstrb = 6 araddr = 740192f1
UVM_INFO axi4_lite_scoreboard.sv(52) @ 19145: uvm_test_top.env.scb [BRESP] Matched : exp_bresp= 2 actual_bresp=2 write = 1 read = 0
UVM_INFO axi4_lite_subscriber.sv(40) @ 19165: uvm_test_top.env.sb [sb] INPUT COVERAGE = 100.00 %
UVM_INFO axi4_lite_inp_monitor.sv(44) @ 19165: uvm_test_top.env.aa.inp_mon [INPUT MONITOR]  WRITE awaddr=0000001d wdata=59062dd7 wstrb=1110 
UVM_INFO axi4_lite_out_monitor.sv(28) @ 19185: uvm_test_top.env.pa.out_mon [OUTPUT MONITOR] BRESP = 2 RRESP = 0 RDATA = 00000000
UVM_INFO axi4_lite_driver.sv(34) @ 19185: uvm_test_top.env.aa.drv [DRV] awaddr = 0000001d wdata = 59062dd7 wstrb = e araddr = c7e6d44c
UVM_INFO axi4_lite_scoreboard.sv(52) @ 19185: uvm_test_top.env.scb [BRESP] Matched : exp_bresp= 2 actual_bresp=2 write = 1 read = 0
UVM_INFO axi4_lite_subscriber.sv(40) @ 19215: uvm_test_top.env.sb [sb] INPUT COVERAGE = 100.00 %
UVM_INFO axi4_lite_inp_monitor.sv(44) @ 19215: uvm_test_top.env.aa.inp_mon [INPUT MONITOR]  WRITE awaddr=00000006 wdata=51316cda wstrb=0010 
UVM_INFO axi4_lite_out_monitor.sv(28) @ 19235: uvm_test_top.env.pa.out_mon [OUTPUT MONITOR] BRESP = 2 RRESP = 0 RDATA = 00000000
UVM_INFO axi4_lite_driver.sv(34) @ 19235: uvm_test_top.env.aa.drv [DRV] awaddr = 00000006 wdata = 51316cda wstrb = 2 araddr = 6f5f9733
UVM_INFO axi4_lite_scoreboard.sv(52) @ 19235: uvm_test_top.env.scb [BRESP] Matched : exp_bresp= 2 actual_bresp=2 write = 1 read = 0
UVM_INFO axi4_lite_subscriber.sv(40) @ 19275: uvm_test_top.env.sb [sb] INPUT COVERAGE = 100.00 %
UVM_INFO axi4_lite_inp_monitor.sv(44) @ 19275: uvm_test_top.env.aa.inp_mon [INPUT MONITOR]  WRITE awaddr=0000001d wdata=a7b5cc4f wstrb=0100 
UVM_INFO axi4_lite_out_monitor.sv(28) @ 19295: uvm_test_top.env.pa.out_mon [OUTPUT MONITOR] BRESP = 2 RRESP = 0 RDATA = 00000000
UVM_INFO axi4_lite_driver.sv(34) @ 19295: uvm_test_top.env.aa.drv [DRV] awaddr = 0000001d wdata = a7b5cc4f wstrb = 4 araddr = ef216570
UVM_INFO axi4_lite_scoreboard.sv(52) @ 19295: uvm_test_top.env.scb [BRESP] Matched : exp_bresp= 2 actual_bresp=2 write = 1 read = 0
UVM_INFO axi4_lite_subscriber.sv(40) @ 19335: uvm_test_top.env.sb [sb] INPUT COVERAGE = 100.00 %
UVM_INFO axi4_lite_inp_monitor.sv(44) @ 19335: uvm_test_top.env.aa.inp_mon [INPUT MONITOR]  WRITE awaddr=00000025 wdata=bf39f2e8 wstrb=1101 
UVM_INFO axi4_lite_out_monitor.sv(28) @ 19355: uvm_test_top.env.pa.out_mon [OUTPUT MONITOR] BRESP = 2 RRESP = 0 RDATA = 00000000
UVM_INFO axi4_lite_driver.sv(34) @ 19355: uvm_test_top.env.aa.drv [DRV] awaddr = 00000025 wdata = bf39f2e8 wstrb = d araddr = ad96922d
UVM_INFO axi4_lite_scoreboard.sv(52) @ 19355: uvm_test_top.env.scb [BRESP] Matched : exp_bresp= 2 actual_bresp=2 write = 1 read = 0
UVM_INFO axi4_lite_subscriber.sv(40) @ 19385: uvm_test_top.env.sb [sb] INPUT COVERAGE = 100.00 %
UVM_INFO axi4_lite_inp_monitor.sv(44) @ 19385: uvm_test_top.env.aa.inp_mon [INPUT MONITOR]  WRITE awaddr=0000002d wdata=e7583d13 wstrb=0110 
UVM_INFO axi4_lite_out_monitor.sv(28) @ 19405: uvm_test_top.env.pa.out_mon [OUTPUT MONITOR] BRESP = 2 RRESP = 0 RDATA = 00000000
UVM_INFO axi4_lite_driver.sv(34) @ 19405: uvm_test_top.env.aa.drv [DRV] awaddr = 0000002d wdata = e7583d13 wstrb = 6 araddr = ae7d96bd
UVM_INFO axi4_lite_scoreboard.sv(52) @ 19405: uvm_test_top.env.scb [BRESP] Matched : exp_bresp= 2 actual_bresp=2 write = 1 read = 0
UVM_INFO axi4_lite_subscriber.sv(40) @ 19435: uvm_test_top.env.sb [sb] INPUT COVERAGE = 100.00 %
UVM_INFO axi4_lite_inp_monitor.sv(44) @ 19435: uvm_test_top.env.aa.inp_mon [INPUT MONITOR]  WRITE awaddr=00000021 wdata=62cdd47b wstrb=0100 
UVM_INFO axi4_lite_out_monitor.sv(28) @ 19455: uvm_test_top.env.pa.out_mon [OUTPUT MONITOR] BRESP = 2 RRESP = 0 RDATA = 00000000
UVM_INFO axi4_lite_driver.sv(34) @ 19455: uvm_test_top.env.aa.drv [DRV] awaddr = 00000021 wdata = 62cdd47b wstrb = 4 araddr = 62c80193
UVM_INFO axi4_lite_scoreboard.sv(52) @ 19455: uvm_test_top.env.scb [BRESP] Matched : exp_bresp= 2 actual_bresp=2 write = 1 read = 0
UVM_INFO axi4_lite_subscriber.sv(40) @ 19495: uvm_test_top.env.sb [sb] INPUT COVERAGE = 100.00 %
UVM_INFO axi4_lite_inp_monitor.sv(44) @ 19495: uvm_test_top.env.aa.inp_mon [INPUT MONITOR]  WRITE awaddr=00000022 wdata=1a7bbe78 wstrb=1111 
UVM_INFO axi4_lite_out_monitor.sv(28) @ 19515: uvm_test_top.env.pa.out_mon [OUTPUT MONITOR] BRESP = 2 RRESP = 0 RDATA = 00000000
UVM_INFO axi4_lite_driver.sv(34) @ 19515: uvm_test_top.env.aa.drv [DRV] awaddr = 00000022 wdata = 1a7bbe78 wstrb = f araddr = 56520baa
UVM_INFO axi4_lite_scoreboard.sv(52) @ 19515: uvm_test_top.env.scb [BRESP] Matched : exp_bresp= 2 actual_bresp=2 write = 1 read = 0
UVM_INFO axi4_lite_subscriber.sv(40) @ 19565: uvm_test_top.env.sb [sb] INPUT COVERAGE = 100.00 %
UVM_INFO axi4_lite_inp_monitor.sv(44) @ 19565: uvm_test_top.env.aa.inp_mon [INPUT MONITOR]  WRITE awaddr=0000001a wdata=40224da9 wstrb=1101 
UVM_INFO axi4_lite_out_monitor.sv(28) @ 19585: uvm_test_top.env.pa.out_mon [OUTPUT MONITOR] BRESP = 2 RRESP = 0 RDATA = 00000000
UVM_INFO axi4_lite_driver.sv(34) @ 19585: uvm_test_top.env.aa.drv [DRV] awaddr = 0000001a wdata = 40224da9 wstrb = d araddr = 890e0f3e
UVM_INFO axi4_lite_scoreboard.sv(52) @ 19585: uvm_test_top.env.scb [BRESP] Matched : exp_bresp= 2 actual_bresp=2 write = 1 read = 0
UVM_INFO axi4_lite_subscriber.sv(40) @ 19635: uvm_test_top.env.sb [sb] INPUT COVERAGE = 100.00 %
UVM_INFO axi4_lite_inp_monitor.sv(44) @ 19635: uvm_test_top.env.aa.inp_mon [INPUT MONITOR]  WRITE awaddr=00000007 wdata=0cd190a7 wstrb=1111 
UVM_INFO axi4_lite_out_monitor.sv(28) @ 19655: uvm_test_top.env.pa.out_mon [OUTPUT MONITOR] BRESP = 2 RRESP = 0 RDATA = 00000000
UVM_INFO axi4_lite_driver.sv(34) @ 19655: uvm_test_top.env.aa.drv [DRV] awaddr = 00000007 wdata = 0cd190a7 wstrb = f araddr = 9d87dca6
UVM_INFO axi4_lite_scoreboard.sv(52) @ 19655: uvm_test_top.env.scb [BRESP] Matched : exp_bresp= 2 actual_bresp=2 write = 1 read = 0
UVM_INFO axi4_lite_subscriber.sv(40) @ 19695: uvm_test_top.env.sb [sb] INPUT COVERAGE = 100.00 %
UVM_INFO axi4_lite_inp_monitor.sv(44) @ 19695: uvm_test_top.env.aa.inp_mon [INPUT MONITOR]  WRITE awaddr=0000002b wdata=83673d39 wstrb=0111 
UVM_INFO axi4_lite_out_monitor.sv(28) @ 19715: uvm_test_top.env.pa.out_mon [OUTPUT MONITOR] BRESP = 2 RRESP = 0 RDATA = 00000000
UVM_INFO axi4_lite_driver.sv(34) @ 19715: uvm_test_top.env.aa.drv [DRV] awaddr = 0000002b wdata = 83673d39 wstrb = 7 araddr = 13d036a4
UVM_INFO axi4_lite_scoreboard.sv(52) @ 19715: uvm_test_top.env.scb [BRESP] Matched : exp_bresp= 2 actual_bresp=2 write = 1 read = 0
UVM_INFO axi4_lite_subscriber.sv(40) @ 19745: uvm_test_top.env.sb [sb] INPUT COVERAGE = 100.00 %
UVM_INFO axi4_lite_inp_monitor.sv(44) @ 19745: uvm_test_top.env.aa.inp_mon [INPUT MONITOR]  WRITE awaddr=00000026 wdata=2fafa968 wstrb=0001 
UVM_INFO axi4_lite_out_monitor.sv(28) @ 19765: uvm_test_top.env.pa.out_mon [OUTPUT MONITOR] BRESP = 2 RRESP = 0 RDATA = 00000000
UVM_INFO axi4_lite_driver.sv(34) @ 19765: uvm_test_top.env.aa.drv [DRV] awaddr = 00000026 wdata = 2fafa968 wstrb = 1 araddr = 586211eb
UVM_INFO axi4_lite_scoreboard.sv(52) @ 19765: uvm_test_top.env.scb [BRESP] Matched : exp_bresp= 2 actual_bresp=2 write = 1 read = 0
UVM_INFO axi4_lite_subscriber.sv(40) @ 19795: uvm_test_top.env.sb [sb] INPUT COVERAGE = 100.00 %
UVM_INFO axi4_lite_inp_monitor.sv(44) @ 19795: uvm_test_top.env.aa.inp_mon [INPUT MONITOR]  WRITE awaddr=00000032 wdata=20806742 wstrb=0111 
UVM_INFO axi4_lite_out_monitor.sv(28) @ 19815: uvm_test_top.env.pa.out_mon [OUTPUT MONITOR] BRESP = 2 RRESP = 0 RDATA = 00000000
UVM_INFO axi4_lite_driver.sv(34) @ 19815: uvm_test_top.env.aa.drv [DRV] awaddr = 00000032 wdata = 20806742 wstrb = 7 araddr = 0bbccae1
UVM_INFO axi4_lite_scoreboard.sv(52) @ 19815: uvm_test_top.env.scb [BRESP] Matched : exp_bresp= 2 actual_bresp=2 write = 1 read = 0
UVM_INFO axi4_lite_subscriber.sv(40) @ 19855: uvm_test_top.env.sb [sb] INPUT COVERAGE = 100.00 %
UVM_INFO axi4_lite_inp_monitor.sv(44) @ 19855: uvm_test_top.env.aa.inp_mon [INPUT MONITOR]  WRITE awaddr=00000027 wdata=d1415778 wstrb=0010 
UVM_INFO axi4_lite_out_monitor.sv(28) @ 19875: uvm_test_top.env.pa.out_mon [OUTPUT MONITOR] BRESP = 2 RRESP = 0 RDATA = 00000000
UVM_INFO axi4_lite_driver.sv(34) @ 19875: uvm_test_top.env.aa.drv [DRV] awaddr = 00000027 wdata = d1415778 wstrb = 2 araddr = c3af2562
UVM_INFO axi4_lite_scoreboard.sv(52) @ 19875: uvm_test_top.env.scb [BRESP] Matched : exp_bresp= 2 actual_bresp=2 write = 1 read = 0
UVM_INFO axi4_lite_subscriber.sv(40) @ 19915: uvm_test_top.env.sb [sb] INPUT COVERAGE = 100.00 %
UVM_INFO axi4_lite_inp_monitor.sv(44) @ 19915: uvm_test_top.env.aa.inp_mon [INPUT MONITOR]  WRITE awaddr=00000017 wdata=13508315 wstrb=1001 
UVM_INFO axi4_lite_out_monitor.sv(28) @ 19935: uvm_test_top.env.pa.out_mon [OUTPUT MONITOR] BRESP = 2 RRESP = 0 RDATA = 00000000
UVM_INFO axi4_lite_driver.sv(34) @ 19935: uvm_test_top.env.aa.drv [DRV] awaddr = 00000017 wdata = 13508315 wstrb = 9 araddr = 9f6bae80
UVM_INFO axi4_lite_scoreboard.sv(52) @ 19935: uvm_test_top.env.scb [BRESP] Matched : exp_bresp= 2 actual_bresp=2 write = 1 read = 0
UVM_INFO axi4_lite_subscriber.sv(40) @ 19975: uvm_test_top.env.sb [sb] INPUT COVERAGE = 100.00 %
UVM_INFO axi4_lite_inp_monitor.sv(44) @ 19975: uvm_test_top.env.aa.inp_mon [INPUT MONITOR]  WRITE awaddr=0000002d wdata=03c03e98 wstrb=1001 
UVM_INFO axi4_lite_out_monitor.sv(28) @ 19995: uvm_test_top.env.pa.out_mon [OUTPUT MONITOR] BRESP = 2 RRESP = 0 RDATA = 00000000
UVM_INFO axi4_lite_driver.sv(34) @ 19995: uvm_test_top.env.aa.drv [DRV] awaddr = 0000002d wdata = 03c03e98 wstrb = 9 araddr = 0ff493f8
UVM_INFO axi4_lite_scoreboard.sv(52) @ 19995: uvm_test_top.env.scb [BRESP] Matched : exp_bresp= 2 actual_bresp=2 write = 1 read = 0
UVM_INFO axi4_lite_subscriber.sv(40) @ 20035: uvm_test_top.env.sb [sb] INPUT COVERAGE = 100.00 %
UVM_INFO axi4_lite_inp_monitor.sv(44) @ 20035: uvm_test_top.env.aa.inp_mon [INPUT MONITOR]  WRITE awaddr=00000002 wdata=511cff9a wstrb=0111 
UVM_INFO axi4_lite_out_monitor.sv(28) @ 20055: uvm_test_top.env.pa.out_mon [OUTPUT MONITOR] BRESP = 2 RRESP = 0 RDATA = 00000000
UVM_INFO axi4_lite_driver.sv(34) @ 20055: uvm_test_top.env.aa.drv [DRV] awaddr = 00000002 wdata = 511cff9a wstrb = 7 araddr = 556d5710
UVM_INFO axi4_lite_scoreboard.sv(52) @ 20055: uvm_test_top.env.scb [BRESP] Matched : exp_bresp= 2 actual_bresp=2 write = 1 read = 0
UVM_INFO axi4_lite_subscriber.sv(40) @ 20095: uvm_test_top.env.sb [sb] INPUT COVERAGE = 100.00 %
UVM_INFO axi4_lite_inp_monitor.sv(44) @ 20095: uvm_test_top.env.aa.inp_mon [INPUT MONITOR]  WRITE awaddr=00000013 wdata=3f6f0aed wstrb=1100 
UVM_INFO axi4_lite_out_monitor.sv(28) @ 20115: uvm_test_top.env.pa.out_mon [OUTPUT MONITOR] BRESP = 2 RRESP = 0 RDATA = 00000000
UVM_INFO axi4_lite_driver.sv(34) @ 20115: uvm_test_top.env.aa.drv [DRV] awaddr = 00000013 wdata = 3f6f0aed wstrb = c araddr = f7b83b5f
UVM_INFO axi4_lite_scoreboard.sv(52) @ 20115: uvm_test_top.env.scb [BRESP] Matched : exp_bresp= 2 actual_bresp=2 write = 1 read = 0
UVM_INFO axi4_lite_subscriber.sv(40) @ 20145: uvm_test_top.env.sb [sb] INPUT COVERAGE = 100.00 %
UVM_INFO axi4_lite_inp_monitor.sv(44) @ 20145: uvm_test_top.env.aa.inp_mon [INPUT MONITOR]  WRITE awaddr=0000000f wdata=bf322b96 wstrb=0001 
UVM_INFO axi4_lite_out_monitor.sv(28) @ 20165: uvm_test_top.env.pa.out_mon [OUTPUT MONITOR] BRESP = 2 RRESP = 0 RDATA = 00000000
UVM_INFO axi4_lite_driver.sv(34) @ 20165: uvm_test_top.env.aa.drv [DRV] awaddr = 0000000f wdata = bf322b96 wstrb = 1 araddr = 9c5b1e84
UVM_INFO axi4_lite_scoreboard.sv(52) @ 20165: uvm_test_top.env.scb [BRESP] Matched : exp_bresp= 2 actual_bresp=2 write = 1 read = 0
UVM_INFO axi4_lite_subscriber.sv(40) @ 20205: uvm_test_top.env.sb [sb] INPUT COVERAGE = 100.00 %
UVM_INFO axi4_lite_inp_monitor.sv(44) @ 20205: uvm_test_top.env.aa.inp_mon [INPUT MONITOR]  WRITE awaddr=00000037 wdata=5e60f16a wstrb=1000 
UVM_INFO axi4_lite_out_monitor.sv(28) @ 20225: uvm_test_top.env.pa.out_mon [OUTPUT MONITOR] BRESP = 2 RRESP = 0 RDATA = 00000000
UVM_INFO axi4_lite_driver.sv(34) @ 20225: uvm_test_top.env.aa.drv [DRV] awaddr = 00000037 wdata = 5e60f16a wstrb = 8 araddr = a1b8160b
UVM_INFO axi4_lite_scoreboard.sv(52) @ 20225: uvm_test_top.env.scb [BRESP] Matched : exp_bresp= 2 actual_bresp=2 write = 1 read = 0
UVM_INFO axi4_lite_subscriber.sv(40) @ 20245: uvm_test_top.env.sb [sb] INPUT COVERAGE = 100.00 %
UVM_INFO axi4_lite_inp_monitor.sv(44) @ 20245: uvm_test_top.env.aa.inp_mon [INPUT MONITOR]  WRITE awaddr=00000023 wdata=a1e50619 wstrb=0010 
UVM_INFO axi4_lite_out_monitor.sv(28) @ 20265: uvm_test_top.env.pa.out_mon [OUTPUT MONITOR] BRESP = 2 RRESP = 0 RDATA = 00000000
UVM_INFO axi4_lite_driver.sv(34) @ 20265: uvm_test_top.env.aa.drv [DRV] awaddr = 00000023 wdata = a1e50619 wstrb = 2 araddr = 693c6501
UVM_INFO axi4_lite_scoreboard.sv(52) @ 20265: uvm_test_top.env.scb [BRESP] Matched : exp_bresp= 2 actual_bresp=2 write = 1 read = 0
UVM_INFO axi4_lite_subscriber.sv(40) @ 20305: uvm_test_top.env.sb [sb] INPUT COVERAGE = 100.00 %
UVM_INFO axi4_lite_inp_monitor.sv(44) @ 20305: uvm_test_top.env.aa.inp_mon [INPUT MONITOR]  WRITE awaddr=00000007 wdata=822e6934 wstrb=1101 
UVM_INFO axi4_lite_out_monitor.sv(28) @ 20325: uvm_test_top.env.pa.out_mon [OUTPUT MONITOR] BRESP = 2 RRESP = 0 RDATA = 00000000
UVM_INFO axi4_lite_driver.sv(34) @ 20325: uvm_test_top.env.aa.drv [DRV] awaddr = 00000007 wdata = 822e6934 wstrb = d araddr = 3f95bfce
UVM_INFO axi4_lite_scoreboard.sv(52) @ 20325: uvm_test_top.env.scb [BRESP] Matched : exp_bresp= 2 actual_bresp=2 write = 1 read = 0
UVM_INFO axi4_lite_subscriber.sv(40) @ 20365: uvm_test_top.env.sb [sb] INPUT COVERAGE = 100.00 %
UVM_INFO axi4_lite_inp_monitor.sv(44) @ 20365: uvm_test_top.env.aa.inp_mon [INPUT MONITOR]  WRITE awaddr=0000001a wdata=7fe95784 wstrb=1110 
UVM_INFO axi4_lite_out_monitor.sv(28) @ 20385: uvm_test_top.env.pa.out_mon [OUTPUT MONITOR] BRESP = 2 RRESP = 0 RDATA = 00000000
UVM_INFO axi4_lite_driver.sv(34) @ 20385: uvm_test_top.env.aa.drv [DRV] awaddr = 0000001a wdata = 7fe95784 wstrb = e araddr = 8e0c94d6
UVM_INFO axi4_lite_scoreboard.sv(52) @ 20385: uvm_test_top.env.scb [BRESP] Matched : exp_bresp= 2 actual_bresp=2 write = 1 read = 0
UVM_INFO axi4_lite_subscriber.sv(40) @ 20425: uvm_test_top.env.sb [sb] INPUT COVERAGE = 100.00 %
UVM_INFO axi4_lite_inp_monitor.sv(44) @ 20425: uvm_test_top.env.aa.inp_mon [INPUT MONITOR]  WRITE awaddr=0000003a wdata=88e9762e wstrb=0101 
UVM_INFO axi4_lite_out_monitor.sv(28) @ 20445: uvm_test_top.env.pa.out_mon [OUTPUT MONITOR] BRESP = 2 RRESP = 0 RDATA = 00000000
UVM_INFO axi4_lite_driver.sv(34) @ 20445: uvm_test_top.env.aa.drv [DRV] awaddr = 0000003a wdata = 88e9762e wstrb = 5 araddr = ad8badc5
UVM_INFO axi4_lite_scoreboard.sv(52) @ 20445: uvm_test_top.env.scb [BRESP] Matched : exp_bresp= 2 actual_bresp=2 write = 1 read = 0
UVM_INFO axi4_lite_subscriber.sv(40) @ 20495: uvm_test_top.env.sb [sb] INPUT COVERAGE = 100.00 %
UVM_INFO axi4_lite_inp_monitor.sv(44) @ 20495: uvm_test_top.env.aa.inp_mon [INPUT MONITOR]  WRITE awaddr=0000002e wdata=1a1f842b wstrb=0000 
UVM_INFO axi4_lite_out_monitor.sv(28) @ 20515: uvm_test_top.env.pa.out_mon [OUTPUT MONITOR] BRESP = 2 RRESP = 0 RDATA = 00000000
UVM_INFO axi4_lite_driver.sv(34) @ 20515: uvm_test_top.env.aa.drv [DRV] awaddr = 0000002e wdata = 1a1f842b wstrb = 0 araddr = 2937a902
UVM_INFO axi4_lite_scoreboard.sv(52) @ 20515: uvm_test_top.env.scb [BRESP] Matched : exp_bresp= 2 actual_bresp=2 write = 1 read = 0
UVM_INFO axi4_lite_subscriber.sv(40) @ 20555: uvm_test_top.env.sb [sb] INPUT COVERAGE = 100.00 %
UVM_INFO axi4_lite_inp_monitor.sv(44) @ 20555: uvm_test_top.env.aa.inp_mon [INPUT MONITOR]  WRITE awaddr=00000009 wdata=3d96abd6 wstrb=0111 
UVM_INFO axi4_lite_out_monitor.sv(28) @ 20575: uvm_test_top.env.pa.out_mon [OUTPUT MONITOR] BRESP = 2 RRESP = 0 RDATA = 00000000
UVM_INFO axi4_lite_driver.sv(34) @ 20575: uvm_test_top.env.aa.drv [DRV] awaddr = 00000009 wdata = 3d96abd6 wstrb = 7 araddr = fd67d76d
UVM_INFO axi4_lite_scoreboard.sv(52) @ 20575: uvm_test_top.env.scb [BRESP] Matched : exp_bresp= 2 actual_bresp=2 write = 1 read = 0
UVM_INFO axi4_lite_subscriber.sv(40) @ 20625: uvm_test_top.env.sb [sb] INPUT COVERAGE = 100.00 %
UVM_INFO axi4_lite_inp_monitor.sv(44) @ 20625: uvm_test_top.env.aa.inp_mon [INPUT MONITOR]  WRITE awaddr=00000005 wdata=d15c4e17 wstrb=0111 
UVM_INFO axi4_lite_out_monitor.sv(28) @ 20645: uvm_test_top.env.pa.out_mon [OUTPUT MONITOR] BRESP = 2 RRESP = 0 RDATA = 00000000
UVM_INFO axi4_lite_driver.sv(34) @ 20645: uvm_test_top.env.aa.drv [DRV] awaddr = 00000005 wdata = d15c4e17 wstrb = 7 araddr = 41feef11
UVM_INFO axi4_lite_scoreboard.sv(52) @ 20645: uvm_test_top.env.scb [BRESP] Matched : exp_bresp= 2 actual_bresp=2 write = 1 read = 0
UVM_INFO axi4_lite_subscriber.sv(40) @ 20695: uvm_test_top.env.sb [sb] INPUT COVERAGE = 100.00 %
UVM_INFO axi4_lite_inp_monitor.sv(44) @ 20695: uvm_test_top.env.aa.inp_mon [INPUT MONITOR]  WRITE awaddr=00000005 wdata=f174cefc wstrb=1001 
UVM_INFO axi4_lite_out_monitor.sv(28) @ 20715: uvm_test_top.env.pa.out_mon [OUTPUT MONITOR] BRESP = 2 RRESP = 0 RDATA = 00000000
UVM_INFO axi4_lite_driver.sv(34) @ 20715: uvm_test_top.env.aa.drv [DRV] awaddr = 00000005 wdata = f174cefc wstrb = 9 araddr = 3e36608d
UVM_INFO axi4_lite_scoreboard.sv(52) @ 20715: uvm_test_top.env.scb [BRESP] Matched : exp_bresp= 2 actual_bresp=2 write = 1 read = 0
UVM_INFO axi4_lite_subscriber.sv(40) @ 20755: uvm_test_top.env.sb [sb] INPUT COVERAGE = 100.00 %
UVM_INFO axi4_lite_inp_monitor.sv(44) @ 20755: uvm_test_top.env.aa.inp_mon [INPUT MONITOR]  WRITE awaddr=0000003a wdata=1408ac3d wstrb=0110 
UVM_INFO axi4_lite_out_monitor.sv(28) @ 20775: uvm_test_top.env.pa.out_mon [OUTPUT MONITOR] BRESP = 2 RRESP = 0 RDATA = 00000000
UVM_INFO axi4_lite_driver.sv(34) @ 20775: uvm_test_top.env.aa.drv [DRV] awaddr = 0000003a wdata = 1408ac3d wstrb = 6 araddr = 30325cf5
UVM_INFO axi4_lite_scoreboard.sv(52) @ 20775: uvm_test_top.env.scb [BRESP] Matched : exp_bresp= 2 actual_bresp=2 write = 1 read = 0
UVM_INFO axi4_lite_subscriber.sv(40) @ 20825: uvm_test_top.env.sb [sb] INPUT COVERAGE = 100.00 %
UVM_INFO axi4_lite_inp_monitor.sv(44) @ 20825: uvm_test_top.env.aa.inp_mon [INPUT MONITOR]  WRITE awaddr=0000002d wdata=fbf7e0c1 wstrb=1011 
UVM_INFO axi4_lite_out_monitor.sv(28) @ 20845: uvm_test_top.env.pa.out_mon [OUTPUT MONITOR] BRESP = 2 RRESP = 0 RDATA = 00000000
UVM_INFO axi4_lite_driver.sv(34) @ 20845: uvm_test_top.env.aa.drv [DRV] awaddr = 0000002d wdata = fbf7e0c1 wstrb = b araddr = 86a97896
UVM_INFO axi4_lite_scoreboard.sv(52) @ 20845: uvm_test_top.env.scb [BRESP] Matched : exp_bresp= 2 actual_bresp=2 write = 1 read = 0
UVM_INFO axi4_lite_subscriber.sv(40) @ 20875: uvm_test_top.env.sb [sb] INPUT COVERAGE = 100.00 %
UVM_INFO axi4_lite_inp_monitor.sv(44) @ 20875: uvm_test_top.env.aa.inp_mon [INPUT MONITOR]  WRITE awaddr=00000037 wdata=7d1c6ffe wstrb=0110 
UVM_INFO axi4_lite_out_monitor.sv(28) @ 20895: uvm_test_top.env.pa.out_mon [OUTPUT MONITOR] BRESP = 2 RRESP = 0 RDATA = 00000000
UVM_INFO axi4_lite_driver.sv(34) @ 20895: uvm_test_top.env.aa.drv [DRV] awaddr = 00000037 wdata = 7d1c6ffe wstrb = 6 araddr = 188c8652
UVM_INFO axi4_lite_scoreboard.sv(52) @ 20895: uvm_test_top.env.scb [BRESP] Matched : exp_bresp= 2 actual_bresp=2 write = 1 read = 0
UVM_INFO axi4_lite_subscriber.sv(40) @ 20925: uvm_test_top.env.sb [sb] INPUT COVERAGE = 100.00 %
UVM_INFO axi4_lite_inp_monitor.sv(44) @ 20925: uvm_test_top.env.aa.inp_mon [INPUT MONITOR]  WRITE awaddr=00000015 wdata=1a08f160 wstrb=0110 
UVM_INFO axi4_lite_out_monitor.sv(28) @ 20945: uvm_test_top.env.pa.out_mon [OUTPUT MONITOR] BRESP = 2 RRESP = 0 RDATA = 00000000
UVM_INFO axi4_lite_driver.sv(34) @ 20945: uvm_test_top.env.aa.drv [DRV] awaddr = 00000015 wdata = 1a08f160 wstrb = 6 araddr = 403098f2
UVM_INFO axi4_lite_scoreboard.sv(52) @ 20945: uvm_test_top.env.scb [BRESP] Matched : exp_bresp= 2 actual_bresp=2 write = 1 read = 0
UVM_INFO axi4_lite_subscriber.sv(40) @ 20965: uvm_test_top.env.sb [sb] INPUT COVERAGE = 100.00 %
UVM_INFO axi4_lite_inp_monitor.sv(44) @ 20965: uvm_test_top.env.aa.inp_mon [INPUT MONITOR]  WRITE awaddr=00000007 wdata=b2ba1628 wstrb=0110 
UVM_INFO axi4_lite_out_monitor.sv(28) @ 20985: uvm_test_top.env.pa.out_mon [OUTPUT MONITOR] BRESP = 2 RRESP = 0 RDATA = 00000000
UVM_INFO axi4_lite_driver.sv(34) @ 20985: uvm_test_top.env.aa.drv [DRV] awaddr = 00000007 wdata = b2ba1628 wstrb = 6 araddr = 61354794
UVM_INFO axi4_lite_scoreboard.sv(52) @ 20985: uvm_test_top.env.scb [BRESP] Matched : exp_bresp= 2 actual_bresp=2 write = 1 read = 0
UVM_INFO axi4_lite_subscriber.sv(40) @ 21005: uvm_test_top.env.sb [sb] INPUT COVERAGE = 100.00 %
UVM_INFO axi4_lite_inp_monitor.sv(44) @ 21005: uvm_test_top.env.aa.inp_mon [INPUT MONITOR]  WRITE awaddr=00000037 wdata=65533326 wstrb=0101 
UVM_INFO axi4_lite_out_monitor.sv(28) @ 21025: uvm_test_top.env.pa.out_mon [OUTPUT MONITOR] BRESP = 2 RRESP = 0 RDATA = 00000000
UVM_INFO axi4_lite_driver.sv(34) @ 21025: uvm_test_top.env.aa.drv [DRV] awaddr = 00000037 wdata = 65533326 wstrb = 5 araddr = 5af19b0d
UVM_INFO axi4_lite_scoreboard.sv(52) @ 21025: uvm_test_top.env.scb [BRESP] Matched : exp_bresp= 2 actual_bresp=2 write = 1 read = 0
UVM_INFO axi4_lite_subscriber.sv(40) @ 21055: uvm_test_top.env.sb [sb] INPUT COVERAGE = 100.00 %
UVM_INFO axi4_lite_inp_monitor.sv(44) @ 21055: uvm_test_top.env.aa.inp_mon [INPUT MONITOR]  WRITE awaddr=00000027 wdata=e20f8e61 wstrb=0011 
UVM_INFO axi4_lite_out_monitor.sv(28) @ 21075: uvm_test_top.env.pa.out_mon [OUTPUT MONITOR] BRESP = 2 RRESP = 0 RDATA = 00000000
UVM_INFO axi4_lite_driver.sv(34) @ 21075: uvm_test_top.env.aa.drv [DRV] awaddr = 00000027 wdata = e20f8e61 wstrb = 3 araddr = 1ac52c63
UVM_INFO axi4_lite_scoreboard.sv(52) @ 21075: uvm_test_top.env.scb [BRESP] Matched : exp_bresp= 2 actual_bresp=2 write = 1 read = 0
UVM_INFO axi4_lite_subscriber.sv(40) @ 21105: uvm_test_top.env.sb [sb] INPUT COVERAGE = 100.00 %
UVM_INFO axi4_lite_inp_monitor.sv(44) @ 21105: uvm_test_top.env.aa.inp_mon [INPUT MONITOR]  WRITE awaddr=0000000d wdata=360cc189 wstrb=1110 
UVM_INFO axi4_lite_out_monitor.sv(28) @ 21125: uvm_test_top.env.pa.out_mon [OUTPUT MONITOR] BRESP = 2 RRESP = 0 RDATA = 00000000
UVM_INFO axi4_lite_driver.sv(34) @ 21125: uvm_test_top.env.aa.drv [DRV] awaddr = 0000000d wdata = 360cc189 wstrb = e araddr = 7741b9c2
UVM_INFO axi4_lite_scoreboard.sv(52) @ 21125: uvm_test_top.env.scb [BRESP] Matched : exp_bresp= 2 actual_bresp=2 write = 1 read = 0
UVM_INFO axi4_lite_subscriber.sv(40) @ 21155: uvm_test_top.env.sb [sb] INPUT COVERAGE = 100.00 %
UVM_INFO axi4_lite_inp_monitor.sv(44) @ 21155: uvm_test_top.env.aa.inp_mon [INPUT MONITOR]  WRITE awaddr=00000019 wdata=c900d55b wstrb=1110 
UVM_INFO axi4_lite_out_monitor.sv(28) @ 21175: uvm_test_top.env.pa.out_mon [OUTPUT MONITOR] BRESP = 2 RRESP = 0 RDATA = 00000000
UVM_INFO axi4_lite_driver.sv(34) @ 21175: uvm_test_top.env.aa.drv [DRV] awaddr = 00000019 wdata = c900d55b wstrb = e araddr = 63c8a2ba
UVM_INFO axi4_lite_scoreboard.sv(52) @ 21175: uvm_test_top.env.scb [BRESP] Matched : exp_bresp= 2 actual_bresp=2 write = 1 read = 0
UVM_INFO axi4_lite_subscriber.sv(40) @ 21205: uvm_test_top.env.sb [sb] INPUT COVERAGE = 100.00 %
UVM_INFO axi4_lite_inp_monitor.sv(44) @ 21205: uvm_test_top.env.aa.inp_mon [INPUT MONITOR]  WRITE awaddr=0000002f wdata=b9dc35a2 wstrb=0111 
UVM_INFO axi4_lite_out_monitor.sv(28) @ 21225: uvm_test_top.env.pa.out_mon [OUTPUT MONITOR] BRESP = 2 RRESP = 0 RDATA = 00000000
UVM_INFO axi4_lite_driver.sv(34) @ 21225: uvm_test_top.env.aa.drv [DRV] awaddr = 0000002f wdata = b9dc35a2 wstrb = 7 araddr = 71e72e68
UVM_INFO axi4_lite_scoreboard.sv(52) @ 21225: uvm_test_top.env.scb [BRESP] Matched : exp_bresp= 2 actual_bresp=2 write = 1 read = 0
UVM_INFO axi4_lite_subscriber.sv(40) @ 21255: uvm_test_top.env.sb [sb] INPUT COVERAGE = 100.00 %
UVM_INFO axi4_lite_inp_monitor.sv(44) @ 21255: uvm_test_top.env.aa.inp_mon [INPUT MONITOR]  WRITE awaddr=00000029 wdata=1995848b wstrb=0010 
UVM_INFO axi4_lite_out_monitor.sv(28) @ 21275: uvm_test_top.env.pa.out_mon [OUTPUT MONITOR] BRESP = 2 RRESP = 0 RDATA = 00000000
UVM_INFO axi4_lite_driver.sv(34) @ 21275: uvm_test_top.env.aa.drv [DRV] awaddr = 00000029 wdata = 1995848b wstrb = 2 araddr = fbcea68a
UVM_INFO axi4_lite_scoreboard.sv(52) @ 21275: uvm_test_top.env.scb [BRESP] Matched : exp_bresp= 2 actual_bresp=2 write = 1 read = 0
UVM_INFO axi4_lite_subscriber.sv(40) @ 21325: uvm_test_top.env.sb [sb] INPUT COVERAGE = 100.00 %
UVM_INFO axi4_lite_inp_monitor.sv(44) @ 21325: uvm_test_top.env.aa.inp_mon [INPUT MONITOR]  WRITE awaddr=00000025 wdata=241de96d wstrb=1100 
UVM_INFO axi4_lite_out_monitor.sv(28) @ 21345: uvm_test_top.env.pa.out_mon [OUTPUT MONITOR] BRESP = 2 RRESP = 0 RDATA = 00000000
UVM_INFO axi4_lite_driver.sv(34) @ 21345: uvm_test_top.env.aa.drv [DRV] awaddr = 00000025 wdata = 241de96d wstrb = c araddr = e2d6b325
UVM_INFO axi4_lite_scoreboard.sv(52) @ 21345: uvm_test_top.env.scb [BRESP] Matched : exp_bresp= 2 actual_bresp=2 write = 1 read = 0
UVM_INFO axi4_lite_subscriber.sv(40) @ 21385: uvm_test_top.env.sb [sb] INPUT COVERAGE = 100.00 %
UVM_INFO axi4_lite_inp_monitor.sv(44) @ 21385: uvm_test_top.env.aa.inp_mon [INPUT MONITOR]  WRITE awaddr=00000012 wdata=3a9a7625 wstrb=1011 
UVM_INFO axi4_lite_out_monitor.sv(28) @ 21405: uvm_test_top.env.pa.out_mon [OUTPUT MONITOR] BRESP = 2 RRESP = 0 RDATA = 00000000
UVM_INFO axi4_lite_driver.sv(34) @ 21405: uvm_test_top.env.aa.drv [DRV] awaddr = 00000012 wdata = 3a9a7625 wstrb = b araddr = e613b339
UVM_INFO axi4_lite_scoreboard.sv(52) @ 21405: uvm_test_top.env.scb [BRESP] Matched : exp_bresp= 2 actual_bresp=2 write = 1 read = 0
UVM_INFO axi4_lite_subscriber.sv(40) @ 21425: uvm_test_top.env.sb [sb] INPUT COVERAGE = 100.00 %
UVM_INFO axi4_lite_inp_monitor.sv(44) @ 21425: uvm_test_top.env.aa.inp_mon [INPUT MONITOR]  WRITE awaddr=0000002b wdata=4d4f0dc3 wstrb=1110 
UVM_INFO axi4_lite_out_monitor.sv(28) @ 21445: uvm_test_top.env.pa.out_mon [OUTPUT MONITOR] BRESP = 2 RRESP = 0 RDATA = 00000000
UVM_INFO axi4_lite_driver.sv(34) @ 21445: uvm_test_top.env.aa.drv [DRV] awaddr = 0000002b wdata = 4d4f0dc3 wstrb = e araddr = 8b15866a
UVM_INFO axi4_lite_scoreboard.sv(52) @ 21445: uvm_test_top.env.scb [BRESP] Matched : exp_bresp= 2 actual_bresp=2 write = 1 read = 0
UVM_INFO axi4_lite_subscriber.sv(40) @ 21485: uvm_test_top.env.sb [sb] INPUT COVERAGE = 100.00 %
UVM_INFO axi4_lite_inp_monitor.sv(44) @ 21485: uvm_test_top.env.aa.inp_mon [INPUT MONITOR]  WRITE awaddr=00000031 wdata=b0dd1ea2 wstrb=0010 
UVM_INFO axi4_lite_out_monitor.sv(28) @ 21505: uvm_test_top.env.pa.out_mon [OUTPUT MONITOR] BRESP = 2 RRESP = 0 RDATA = 00000000
UVM_INFO axi4_lite_driver.sv(34) @ 21505: uvm_test_top.env.aa.drv [DRV] awaddr = 00000031 wdata = b0dd1ea2 wstrb = 2 araddr = 9a7d44c8
UVM_INFO axi4_lite_scoreboard.sv(52) @ 21505: uvm_test_top.env.scb [BRESP] Matched : exp_bresp= 2 actual_bresp=2 write = 1 read = 0
UVM_INFO axi4_lite_subscriber.sv(40) @ 21555: uvm_test_top.env.sb [sb] INPUT COVERAGE = 100.00 %
UVM_INFO axi4_lite_inp_monitor.sv(44) @ 21555: uvm_test_top.env.aa.inp_mon [INPUT MONITOR]  WRITE awaddr=00000006 wdata=5448c13e wstrb=0101 
UVM_INFO axi4_lite_out_monitor.sv(28) @ 21575: uvm_test_top.env.pa.out_mon [OUTPUT MONITOR] BRESP = 2 RRESP = 0 RDATA = 00000000
UVM_INFO axi4_lite_driver.sv(34) @ 21575: uvm_test_top.env.aa.drv [DRV] awaddr = 00000006 wdata = 5448c13e wstrb = 5 araddr = c0e6990d
UVM_INFO axi4_lite_scoreboard.sv(52) @ 21575: uvm_test_top.env.scb [BRESP] Matched : exp_bresp= 2 actual_bresp=2 write = 1 read = 0
UVM_INFO axi4_lite_subscriber.sv(40) @ 21625: uvm_test_top.env.sb [sb] INPUT COVERAGE = 100.00 %
UVM_INFO axi4_lite_inp_monitor.sv(44) @ 21625: uvm_test_top.env.aa.inp_mon [INPUT MONITOR]  WRITE awaddr=0000002d wdata=de65d2ce wstrb=0100 
UVM_INFO axi4_lite_out_monitor.sv(28) @ 21645: uvm_test_top.env.pa.out_mon [OUTPUT MONITOR] BRESP = 2 RRESP = 0 RDATA = 00000000
UVM_INFO axi4_lite_driver.sv(34) @ 21645: uvm_test_top.env.aa.drv [DRV] awaddr = 0000002d wdata = de65d2ce wstrb = 4 araddr = a748b3a7
UVM_INFO axi4_lite_scoreboard.sv(52) @ 21645: uvm_test_top.env.scb [BRESP] Matched : exp_bresp= 2 actual_bresp=2 write = 1 read = 0
UVM_INFO axi4_lite_subscriber.sv(40) @ 21695: uvm_test_top.env.sb [sb] INPUT COVERAGE = 100.00 %
UVM_INFO axi4_lite_inp_monitor.sv(44) @ 21695: uvm_test_top.env.aa.inp_mon [INPUT MONITOR]  WRITE awaddr=0000002b wdata=4b12f635 wstrb=0001 
UVM_INFO axi4_lite_out_monitor.sv(28) @ 21715: uvm_test_top.env.pa.out_mon [OUTPUT MONITOR] BRESP = 2 RRESP = 0 RDATA = 00000000
UVM_INFO axi4_lite_driver.sv(34) @ 21715: uvm_test_top.env.aa.drv [DRV] awaddr = 0000002b wdata = 4b12f635 wstrb = 1 araddr = ee977e47
UVM_INFO axi4_lite_scoreboard.sv(52) @ 21715: uvm_test_top.env.scb [BRESP] Matched : exp_bresp= 2 actual_bresp=2 write = 1 read = 0
UVM_INFO axi4_lite_subscriber.sv(40) @ 21755: uvm_test_top.env.sb [sb] INPUT COVERAGE = 100.00 %
UVM_INFO axi4_lite_inp_monitor.sv(44) @ 21755: uvm_test_top.env.aa.inp_mon [INPUT MONITOR]  WRITE awaddr=00000001 wdata=93597e3a wstrb=0101 
UVM_INFO axi4_lite_out_monitor.sv(28) @ 21775: uvm_test_top.env.pa.out_mon [OUTPUT MONITOR] BRESP = 2 RRESP = 0 RDATA = 00000000
UVM_INFO axi4_lite_driver.sv(34) @ 21775: uvm_test_top.env.aa.drv [DRV] awaddr = 00000001 wdata = 93597e3a wstrb = 5 araddr = 3eeeaf87
UVM_INFO axi4_lite_scoreboard.sv(52) @ 21775: uvm_test_top.env.scb [BRESP] Matched : exp_bresp= 2 actual_bresp=2 write = 1 read = 0
UVM_INFO axi4_lite_subscriber.sv(40) @ 21805: uvm_test_top.env.sb [sb] INPUT COVERAGE = 100.00 %
UVM_INFO axi4_lite_inp_monitor.sv(44) @ 21805: uvm_test_top.env.aa.inp_mon [INPUT MONITOR]  WRITE awaddr=00000032 wdata=d4659926 wstrb=0001 
UVM_INFO axi4_lite_out_monitor.sv(28) @ 21825: uvm_test_top.env.pa.out_mon [OUTPUT MONITOR] BRESP = 2 RRESP = 0 RDATA = 00000000
UVM_INFO axi4_lite_driver.sv(34) @ 21825: uvm_test_top.env.aa.drv [DRV] awaddr = 00000032 wdata = d4659926 wstrb = 1 araddr = c2eff46d
UVM_INFO axi4_lite_scoreboard.sv(52) @ 21825: uvm_test_top.env.scb [BRESP] Matched : exp_bresp= 2 actual_bresp=2 write = 1 read = 0
UVM_INFO axi4_lite_subscriber.sv(40) @ 21875: uvm_test_top.env.sb [sb] INPUT COVERAGE = 100.00 %
UVM_INFO axi4_lite_inp_monitor.sv(44) @ 21875: uvm_test_top.env.aa.inp_mon [INPUT MONITOR]  WRITE awaddr=0000003a wdata=a68a38b4 wstrb=1101 
UVM_INFO axi4_lite_out_monitor.sv(28) @ 21895: uvm_test_top.env.pa.out_mon [OUTPUT MONITOR] BRESP = 2 RRESP = 0 RDATA = 00000000
UVM_INFO axi4_lite_driver.sv(34) @ 21895: uvm_test_top.env.aa.drv [DRV] awaddr = 0000003a wdata = a68a38b4 wstrb = d araddr = 2fb12694
UVM_INFO axi4_lite_scoreboard.sv(52) @ 21895: uvm_test_top.env.scb [BRESP] Matched : exp_bresp= 2 actual_bresp=2 write = 1 read = 0
UVM_INFO axi4_lite_subscriber.sv(40) @ 21915: uvm_test_top.env.sb [sb] INPUT COVERAGE = 100.00 %
UVM_INFO axi4_lite_inp_monitor.sv(44) @ 21915: uvm_test_top.env.aa.inp_mon [INPUT MONITOR]  WRITE awaddr=00000036 wdata=d8532cba wstrb=1111 
UVM_INFO axi4_lite_out_monitor.sv(28) @ 21935: uvm_test_top.env.pa.out_mon [OUTPUT MONITOR] BRESP = 2 RRESP = 0 RDATA = 00000000
UVM_INFO axi4_lite_driver.sv(34) @ 21935: uvm_test_top.env.aa.drv [DRV] awaddr = 00000036 wdata = d8532cba wstrb = f araddr = 90c41d3c
UVM_INFO axi4_lite_scoreboard.sv(52) @ 21935: uvm_test_top.env.scb [BRESP] Matched : exp_bresp= 2 actual_bresp=2 write = 1 read = 0
UVM_INFO axi4_lite_subscriber.sv(40) @ 21985: uvm_test_top.env.sb [sb] INPUT COVERAGE = 100.00 %
UVM_INFO axi4_lite_inp_monitor.sv(44) @ 21985: uvm_test_top.env.aa.inp_mon [INPUT MONITOR]  WRITE awaddr=00000025 wdata=d8fe0de7 wstrb=0000 
UVM_INFO axi4_lite_out_monitor.sv(28) @ 22005: uvm_test_top.env.pa.out_mon [OUTPUT MONITOR] BRESP = 2 RRESP = 0 RDATA = 00000000
UVM_INFO axi4_lite_driver.sv(34) @ 22005: uvm_test_top.env.aa.drv [DRV] awaddr = 00000025 wdata = d8fe0de7 wstrb = 0 araddr = d268dae1
UVM_INFO axi4_lite_scoreboard.sv(52) @ 22005: uvm_test_top.env.scb [BRESP] Matched : exp_bresp= 2 actual_bresp=2 write = 1 read = 0
UVM_INFO axi4_lite_subscriber.sv(40) @ 22045: uvm_test_top.env.sb [sb] INPUT COVERAGE = 100.00 %
UVM_INFO axi4_lite_inp_monitor.sv(44) @ 22045: uvm_test_top.env.aa.inp_mon [INPUT MONITOR]  WRITE awaddr=00000017 wdata=82fcbe5c wstrb=0010 
UVM_INFO axi4_lite_out_monitor.sv(28) @ 22065: uvm_test_top.env.pa.out_mon [OUTPUT MONITOR] BRESP = 2 RRESP = 0 RDATA = 00000000
UVM_INFO axi4_lite_driver.sv(34) @ 22065: uvm_test_top.env.aa.drv [DRV] awaddr = 00000017 wdata = 82fcbe5c wstrb = 2 araddr = 75d610c4
UVM_INFO axi4_lite_scoreboard.sv(52) @ 22065: uvm_test_top.env.scb [BRESP] Matched : exp_bresp= 2 actual_bresp=2 write = 1 read = 0
UVM_INFO axi4_lite_subscriber.sv(40) @ 22115: uvm_test_top.env.sb [sb] INPUT COVERAGE = 100.00 %
UVM_INFO axi4_lite_inp_monitor.sv(44) @ 22115: uvm_test_top.env.aa.inp_mon [INPUT MONITOR]  WRITE awaddr=00000003 wdata=a68ecfd2 wstrb=0100 
UVM_INFO axi4_lite_out_monitor.sv(28) @ 22135: uvm_test_top.env.pa.out_mon [OUTPUT MONITOR] BRESP = 2 RRESP = 0 RDATA = 00000000
UVM_INFO axi4_lite_driver.sv(34) @ 22135: uvm_test_top.env.aa.drv [DRV] awaddr = 00000003 wdata = a68ecfd2 wstrb = 4 araddr = 03ac3c9e
UVM_INFO axi4_lite_scoreboard.sv(52) @ 22135: uvm_test_top.env.scb [BRESP] Matched : exp_bresp= 2 actual_bresp=2 write = 1 read = 0
UVM_INFO axi4_lite_subscriber.sv(40) @ 22155: uvm_test_top.env.sb [sb] INPUT COVERAGE = 100.00 %
UVM_INFO axi4_lite_inp_monitor.sv(44) @ 22155: uvm_test_top.env.aa.inp_mon [INPUT MONITOR]  WRITE awaddr=00000021 wdata=29b4751c wstrb=0110 
UVM_INFO axi4_lite_out_monitor.sv(28) @ 22175: uvm_test_top.env.pa.out_mon [OUTPUT MONITOR] BRESP = 2 RRESP = 0 RDATA = 00000000
UVM_INFO axi4_lite_driver.sv(34) @ 22175: uvm_test_top.env.aa.drv [DRV] awaddr = 00000021 wdata = 29b4751c wstrb = 6 araddr = e5b2b371
UVM_INFO axi4_lite_scoreboard.sv(52) @ 22175: uvm_test_top.env.scb [BRESP] Matched : exp_bresp= 2 actual_bresp=2 write = 1 read = 0
UVM_INFO axi4_lite_subscriber.sv(40) @ 22205: uvm_test_top.env.sb [sb] INPUT COVERAGE = 100.00 %
UVM_INFO axi4_lite_inp_monitor.sv(44) @ 22205: uvm_test_top.env.aa.inp_mon [INPUT MONITOR]  WRITE awaddr=00000031 wdata=3e020d70 wstrb=1110 
UVM_INFO axi4_lite_out_monitor.sv(28) @ 22225: uvm_test_top.env.pa.out_mon [OUTPUT MONITOR] BRESP = 2 RRESP = 0 RDATA = 00000000
UVM_INFO axi4_lite_driver.sv(34) @ 22225: uvm_test_top.env.aa.drv [DRV] awaddr = 00000031 wdata = 3e020d70 wstrb = e araddr = 035fe0d0
UVM_INFO axi4_lite_scoreboard.sv(52) @ 22225: uvm_test_top.env.scb [BRESP] Matched : exp_bresp= 2 actual_bresp=2 write = 1 read = 0
UVM_INFO axi4_lite_subscriber.sv(40) @ 22265: uvm_test_top.env.sb [sb] INPUT COVERAGE = 100.00 %
UVM_INFO axi4_lite_inp_monitor.sv(44) @ 22265: uvm_test_top.env.aa.inp_mon [INPUT MONITOR]  WRITE awaddr=0000002d wdata=2294c337 wstrb=0101 
UVM_INFO axi4_lite_out_monitor.sv(28) @ 22285: uvm_test_top.env.pa.out_mon [OUTPUT MONITOR] BRESP = 2 RRESP = 0 RDATA = 00000000
UVM_INFO axi4_lite_driver.sv(34) @ 22285: uvm_test_top.env.aa.drv [DRV] awaddr = 0000002d wdata = 2294c337 wstrb = 5 araddr = b4bca977
UVM_INFO axi4_lite_scoreboard.sv(52) @ 22285: uvm_test_top.env.scb [BRESP] Matched : exp_bresp= 2 actual_bresp=2 write = 1 read = 0
UVM_INFO axi4_lite_subscriber.sv(40) @ 22325: uvm_test_top.env.sb [sb] INPUT COVERAGE = 100.00 %
UVM_INFO axi4_lite_inp_monitor.sv(44) @ 22325: uvm_test_top.env.aa.inp_mon [INPUT MONITOR]  WRITE awaddr=00000039 wdata=05c71d7b wstrb=0111 
UVM_INFO axi4_lite_out_monitor.sv(28) @ 22345: uvm_test_top.env.pa.out_mon [OUTPUT MONITOR] BRESP = 2 RRESP = 0 RDATA = 00000000
UVM_INFO axi4_lite_driver.sv(34) @ 22345: uvm_test_top.env.aa.drv [DRV] awaddr = 00000039 wdata = 05c71d7b wstrb = 7 araddr = d9c32b1d
UVM_INFO axi4_lite_scoreboard.sv(52) @ 22345: uvm_test_top.env.scb [BRESP] Matched : exp_bresp= 2 actual_bresp=2 write = 1 read = 0
UVM_INFO axi4_lite_subscriber.sv(40) @ 22375: uvm_test_top.env.sb [sb] INPUT COVERAGE = 100.00 %
UVM_INFO axi4_lite_inp_monitor.sv(44) @ 22375: uvm_test_top.env.aa.inp_mon [INPUT MONITOR]  WRITE awaddr=00000037 wdata=f9ff68e2 wstrb=0111 
UVM_INFO axi4_lite_out_monitor.sv(28) @ 22395: uvm_test_top.env.pa.out_mon [OUTPUT MONITOR] BRESP = 2 RRESP = 0 RDATA = 00000000
UVM_INFO axi4_lite_driver.sv(34) @ 22395: uvm_test_top.env.aa.drv [DRV] awaddr = 00000037 wdata = f9ff68e2 wstrb = 7 araddr = 876876ad
UVM_INFO axi4_lite_scoreboard.sv(52) @ 22395: uvm_test_top.env.scb [BRESP] Matched : exp_bresp= 2 actual_bresp=2 write = 1 read = 0
UVM_INFO axi4_lite_subscriber.sv(40) @ 22445: uvm_test_top.env.sb [sb] INPUT COVERAGE = 100.00 %
UVM_INFO axi4_lite_inp_monitor.sv(44) @ 22445: uvm_test_top.env.aa.inp_mon [INPUT MONITOR]  WRITE awaddr=0000002b wdata=c6039b99 wstrb=0110 
UVM_INFO axi4_lite_out_monitor.sv(28) @ 22465: uvm_test_top.env.pa.out_mon [OUTPUT MONITOR] BRESP = 2 RRESP = 0 RDATA = 00000000
UVM_INFO axi4_lite_driver.sv(34) @ 22465: uvm_test_top.env.aa.drv [DRV] awaddr = 0000002b wdata = c6039b99 wstrb = 6 araddr = c0feaf71
UVM_INFO axi4_lite_scoreboard.sv(52) @ 22465: uvm_test_top.env.scb [BRESP] Matched : exp_bresp= 2 actual_bresp=2 write = 1 read = 0
UVM_INFO axi4_lite_subscriber.sv(40) @ 22505: uvm_test_top.env.sb [sb] INPUT COVERAGE = 100.00 %
UVM_INFO axi4_lite_inp_monitor.sv(44) @ 22505: uvm_test_top.env.aa.inp_mon [INPUT MONITOR]  WRITE awaddr=00000032 wdata=2b6fef82 wstrb=0111 
UVM_INFO axi4_lite_out_monitor.sv(28) @ 22525: uvm_test_top.env.pa.out_mon [OUTPUT MONITOR] BRESP = 2 RRESP = 0 RDATA = 00000000
UVM_INFO axi4_lite_driver.sv(34) @ 22525: uvm_test_top.env.aa.drv [DRV] awaddr = 00000032 wdata = 2b6fef82 wstrb = 7 araddr = a121599a
UVM_INFO axi4_lite_scoreboard.sv(52) @ 22525: uvm_test_top.env.scb [BRESP] Matched : exp_bresp= 2 actual_bresp=2 write = 1 read = 0
UVM_INFO axi4_lite_subscriber.sv(40) @ 22575: uvm_test_top.env.sb [sb] INPUT COVERAGE = 100.00 %
UVM_INFO axi4_lite_inp_monitor.sv(44) @ 22575: uvm_test_top.env.aa.inp_mon [INPUT MONITOR]  WRITE awaddr=00000033 wdata=df4f945a wstrb=1011 
UVM_INFO axi4_lite_out_monitor.sv(28) @ 22595: uvm_test_top.env.pa.out_mon [OUTPUT MONITOR] BRESP = 2 RRESP = 0 RDATA = 00000000
UVM_INFO axi4_lite_driver.sv(34) @ 22595: uvm_test_top.env.aa.drv [DRV] awaddr = 00000033 wdata = df4f945a wstrb = b araddr = 821b6313
UVM_INFO axi4_lite_scoreboard.sv(52) @ 22595: uvm_test_top.env.scb [BRESP] Matched : exp_bresp= 2 actual_bresp=2 write = 1 read = 0
UVM_INFO axi4_lite_subscriber.sv(40) @ 22625: uvm_test_top.env.sb [sb] INPUT COVERAGE = 100.00 %
UVM_INFO axi4_lite_inp_monitor.sv(44) @ 22625: uvm_test_top.env.aa.inp_mon [INPUT MONITOR]  WRITE awaddr=0000000e wdata=f955c542 wstrb=0010 
UVM_INFO axi4_lite_out_monitor.sv(28) @ 22645: uvm_test_top.env.pa.out_mon [OUTPUT MONITOR] BRESP = 2 RRESP = 0 RDATA = 00000000
UVM_INFO axi4_lite_driver.sv(34) @ 22645: uvm_test_top.env.aa.drv [DRV] awaddr = 0000000e wdata = f955c542 wstrb = 2 araddr = 8d47e2ae
UVM_INFO axi4_lite_scoreboard.sv(52) @ 22645: uvm_test_top.env.scb [BRESP] Matched : exp_bresp= 2 actual_bresp=2 write = 1 read = 0
UVM_INFO axi4_lite_subscriber.sv(40) @ 22675: uvm_test_top.env.sb [sb] INPUT COVERAGE = 100.00 %
UVM_INFO axi4_lite_inp_monitor.sv(44) @ 22675: uvm_test_top.env.aa.inp_mon [INPUT MONITOR]  WRITE awaddr=0000002d wdata=12d738d9 wstrb=1101 
UVM_INFO axi4_lite_out_monitor.sv(28) @ 22695: uvm_test_top.env.pa.out_mon [OUTPUT MONITOR] BRESP = 2 RRESP = 0 RDATA = 00000000
UVM_INFO axi4_lite_driver.sv(34) @ 22695: uvm_test_top.env.aa.drv [DRV] awaddr = 0000002d wdata = 12d738d9 wstrb = d araddr = 39209e6d
UVM_INFO axi4_lite_scoreboard.sv(52) @ 22695: uvm_test_top.env.scb [BRESP] Matched : exp_bresp= 2 actual_bresp=2 write = 1 read = 0
UVM_INFO axi4_lite_subscriber.sv(40) @ 22725: uvm_test_top.env.sb [sb] INPUT COVERAGE = 100.00 %
UVM_INFO axi4_lite_inp_monitor.sv(44) @ 22725: uvm_test_top.env.aa.inp_mon [INPUT MONITOR]  WRITE awaddr=00000007 wdata=cf05fc13 wstrb=1000 
UVM_INFO axi4_lite_out_monitor.sv(28) @ 22745: uvm_test_top.env.pa.out_mon [OUTPUT MONITOR] BRESP = 2 RRESP = 0 RDATA = 00000000
UVM_INFO axi4_lite_driver.sv(34) @ 22745: uvm_test_top.env.aa.drv [DRV] awaddr = 00000007 wdata = cf05fc13 wstrb = 8 araddr = 90299d27
UVM_INFO axi4_lite_scoreboard.sv(52) @ 22745: uvm_test_top.env.scb [BRESP] Matched : exp_bresp= 2 actual_bresp=2 write = 1 read = 0
UVM_INFO axi4_lite_subscriber.sv(40) @ 22765: uvm_test_top.env.sb [sb] INPUT COVERAGE = 100.00 %
UVM_INFO axi4_lite_inp_monitor.sv(44) @ 22765: uvm_test_top.env.aa.inp_mon [INPUT MONITOR]  WRITE awaddr=0000000d wdata=9488a021 wstrb=1010 
UVM_INFO axi4_lite_out_monitor.sv(28) @ 22785: uvm_test_top.env.pa.out_mon [OUTPUT MONITOR] BRESP = 2 RRESP = 0 RDATA = 00000000
UVM_INFO axi4_lite_driver.sv(34) @ 22785: uvm_test_top.env.aa.drv [DRV] awaddr = 0000000d wdata = 9488a021 wstrb = a araddr = be9196c6
UVM_INFO axi4_lite_scoreboard.sv(52) @ 22785: uvm_test_top.env.scb [BRESP] Matched : exp_bresp= 2 actual_bresp=2 write = 1 read = 0
UVM_INFO axi4_lite_subscriber.sv(40) @ 22805: uvm_test_top.env.sb [sb] INPUT COVERAGE = 100.00 %
UVM_INFO axi4_lite_inp_monitor.sv(44) @ 22805: uvm_test_top.env.aa.inp_mon [INPUT MONITOR]  WRITE awaddr=0000002b wdata=acaabd84 wstrb=0111 
UVM_INFO axi4_lite_out_monitor.sv(28) @ 22825: uvm_test_top.env.pa.out_mon [OUTPUT MONITOR] BRESP = 2 RRESP = 0 RDATA = 00000000
UVM_INFO axi4_lite_driver.sv(34) @ 22825: uvm_test_top.env.aa.drv [DRV] awaddr = 0000002b wdata = acaabd84 wstrb = 7 araddr = 1ad99429
UVM_INFO axi4_lite_scoreboard.sv(52) @ 22825: uvm_test_top.env.scb [BRESP] Matched : exp_bresp= 2 actual_bresp=2 write = 1 read = 0
UVM_INFO axi4_lite_subscriber.sv(40) @ 22845: uvm_test_top.env.sb [sb] INPUT COVERAGE = 100.00 %
UVM_INFO axi4_lite_inp_monitor.sv(44) @ 22845: uvm_test_top.env.aa.inp_mon [INPUT MONITOR]  WRITE awaddr=00000021 wdata=904cef23 wstrb=1011 
UVM_INFO axi4_lite_out_monitor.sv(28) @ 22865: uvm_test_top.env.pa.out_mon [OUTPUT MONITOR] BRESP = 2 RRESP = 0 RDATA = 00000000
UVM_INFO axi4_lite_driver.sv(34) @ 22865: uvm_test_top.env.aa.drv [DRV] awaddr = 00000021 wdata = 904cef23 wstrb = b araddr = 66e29434
UVM_INFO axi4_lite_scoreboard.sv(52) @ 22865: uvm_test_top.env.scb [BRESP] Matched : exp_bresp= 2 actual_bresp=2 write = 1 read = 0
UVM_INFO axi4_lite_subscriber.sv(40) @ 22905: uvm_test_top.env.sb [sb] INPUT COVERAGE = 100.00 %
UVM_INFO axi4_lite_inp_monitor.sv(44) @ 22905: uvm_test_top.env.aa.inp_mon [INPUT MONITOR]  WRITE awaddr=0000000f wdata=dad3a25f wstrb=0010 
UVM_INFO axi4_lite_out_monitor.sv(28) @ 22925: uvm_test_top.env.pa.out_mon [OUTPUT MONITOR] BRESP = 2 RRESP = 0 RDATA = 00000000
UVM_INFO axi4_lite_driver.sv(34) @ 22925: uvm_test_top.env.aa.drv [DRV] awaddr = 0000000f wdata = dad3a25f wstrb = 2 araddr = de748d15
UVM_INFO axi4_lite_scoreboard.sv(52) @ 22925: uvm_test_top.env.scb [BRESP] Matched : exp_bresp= 2 actual_bresp=2 write = 1 read = 0
UVM_INFO axi4_lite_subscriber.sv(40) @ 22965: uvm_test_top.env.sb [sb] INPUT COVERAGE = 100.00 %
UVM_INFO axi4_lite_inp_monitor.sv(44) @ 22965: uvm_test_top.env.aa.inp_mon [INPUT MONITOR]  WRITE awaddr=00000005 wdata=ec6b187f wstrb=0110 
UVM_INFO axi4_lite_out_monitor.sv(28) @ 22985: uvm_test_top.env.pa.out_mon [OUTPUT MONITOR] BRESP = 2 RRESP = 0 RDATA = 00000000
UVM_INFO axi4_lite_driver.sv(34) @ 22985: uvm_test_top.env.aa.drv [DRV] awaddr = 00000005 wdata = ec6b187f wstrb = 6 araddr = af44416c
UVM_INFO axi4_lite_scoreboard.sv(52) @ 22985: uvm_test_top.env.scb [BRESP] Matched : exp_bresp= 2 actual_bresp=2 write = 1 read = 0
UVM_INFO axi4_lite_subscriber.sv(40) @ 23005: uvm_test_top.env.sb [sb] INPUT COVERAGE = 100.00 %
UVM_INFO axi4_lite_inp_monitor.sv(44) @ 23005: uvm_test_top.env.aa.inp_mon [INPUT MONITOR]  WRITE awaddr=00000017 wdata=995932b5 wstrb=1001 
UVM_INFO axi4_lite_out_monitor.sv(28) @ 23025: uvm_test_top.env.pa.out_mon [OUTPUT MONITOR] BRESP = 2 RRESP = 0 RDATA = 00000000
UVM_INFO axi4_lite_driver.sv(34) @ 23025: uvm_test_top.env.aa.drv [DRV] awaddr = 00000017 wdata = 995932b5 wstrb = 9 araddr = cd53e08b
UVM_INFO axi4_lite_scoreboard.sv(52) @ 23025: uvm_test_top.env.scb [BRESP] Matched : exp_bresp= 2 actual_bresp=2 write = 1 read = 0
Write unaligned completed
UVM_INFO axi4_lite_subscriber.sv(40) @ 23035: uvm_test_top.env.sb [sb] INPUT COVERAGE = 100.00 %
UVM_INFO axi4_lite_inp_monitor.sv(38) @ 23035: uvm_test_top.env.aa.inp_mon [INPUT MONITOR] READ araddr=00000036
UVM_INFO axi4_lite_out_monitor.sv(28) @ 23045: uvm_test_top.env.pa.out_mon [OUTPUT MONITOR] BRESP = 0 RRESP = 2 RDATA = 00000000
UVM_INFO axi4_lite_driver.sv(34) @ 23045: uvm_test_top.env.aa.drv [DRV] awaddr = 5d23f0fd wdata = 017e2a8f wstrb = a araddr = 00000036
UVM_INFO axi4_lite_scoreboard.sv(68) @ 23045: uvm_test_top.env.scb [RRESP] Matched : exp_rresp=2 actual_rresp =2 write = 0 read = 1
UVM_ERROR axi4_lite_scoreboard.sv(74) @ 23045: uvm_test_top.env.scb [RDATA] Mismatched : exp_rdata= 45939a1b actual_rdata=00000000 
UVM_INFO axi4_lite_subscriber.sv(40) @ 23065: uvm_test_top.env.sb [sb] INPUT COVERAGE = 100.00 %
UVM_INFO axi4_lite_inp_monitor.sv(38) @ 23065: uvm_test_top.env.aa.inp_mon [INPUT MONITOR] READ araddr=00000003
UVM_INFO axi4_lite_out_monitor.sv(28) @ 23075: uvm_test_top.env.pa.out_mon [OUTPUT MONITOR] BRESP = 0 RRESP = 2 RDATA = 00000000
UVM_INFO axi4_lite_driver.sv(34) @ 23075: uvm_test_top.env.aa.drv [DRV] awaddr = 95e00b2d wdata = e644deb7 wstrb = d araddr = 00000003
UVM_INFO axi4_lite_scoreboard.sv(68) @ 23075: uvm_test_top.env.scb [RRESP] Matched : exp_rresp=2 actual_rresp =2 write = 0 read = 1
UVM_ERROR axi4_lite_scoreboard.sv(74) @ 23075: uvm_test_top.env.scb [RDATA] Mismatched : exp_rdata= 45939a1b actual_rdata=00000000 
UVM_INFO axi4_lite_subscriber.sv(40) @ 23095: uvm_test_top.env.sb [sb] INPUT COVERAGE = 100.00 %
UVM_INFO axi4_lite_inp_monitor.sv(38) @ 23095: uvm_test_top.env.aa.inp_mon [INPUT MONITOR] READ araddr=00000031
UVM_INFO axi4_lite_out_monitor.sv(28) @ 23105: uvm_test_top.env.pa.out_mon [OUTPUT MONITOR] BRESP = 0 RRESP = 2 RDATA = 00000000
UVM_INFO axi4_lite_driver.sv(34) @ 23105: uvm_test_top.env.aa.drv [DRV] awaddr = 0d31e626 wdata = ba4be4f5 wstrb = 4 araddr = 00000031
UVM_INFO axi4_lite_scoreboard.sv(68) @ 23105: uvm_test_top.env.scb [RRESP] Matched : exp_rresp=2 actual_rresp =2 write = 0 read = 1
UVM_ERROR axi4_lite_scoreboard.sv(74) @ 23105: uvm_test_top.env.scb [RDATA] Mismatched : exp_rdata= 45939a1b actual_rdata=00000000 
UVM_INFO axi4_lite_subscriber.sv(40) @ 23125: uvm_test_top.env.sb [sb] INPUT COVERAGE = 100.00 %
UVM_INFO axi4_lite_inp_monitor.sv(38) @ 23125: uvm_test_top.env.aa.inp_mon [INPUT MONITOR] READ araddr=0000000a
UVM_INFO axi4_lite_out_monitor.sv(28) @ 23135: uvm_test_top.env.pa.out_mon [OUTPUT MONITOR] BRESP = 0 RRESP = 2 RDATA = 00000000
UVM_INFO axi4_lite_driver.sv(34) @ 23135: uvm_test_top.env.aa.drv [DRV] awaddr = 126629ba wdata = b72ad6f4 wstrb = 8 araddr = 0000000a
UVM_INFO axi4_lite_scoreboard.sv(68) @ 23135: uvm_test_top.env.scb [RRESP] Matched : exp_rresp=2 actual_rresp =2 write = 0 read = 1
UVM_ERROR axi4_lite_scoreboard.sv(74) @ 23135: uvm_test_top.env.scb [RDATA] Mismatched : exp_rdata= 45939a1b actual_rdata=00000000 
UVM_INFO axi4_lite_subscriber.sv(40) @ 23155: uvm_test_top.env.sb [sb] INPUT COVERAGE = 100.00 %
UVM_INFO axi4_lite_inp_monitor.sv(38) @ 23155: uvm_test_top.env.aa.inp_mon [INPUT MONITOR] READ araddr=00000021
UVM_INFO axi4_lite_out_monitor.sv(28) @ 23165: uvm_test_top.env.pa.out_mon [OUTPUT MONITOR] BRESP = 0 RRESP = 2 RDATA = 00000000
UVM_INFO axi4_lite_driver.sv(34) @ 23165: uvm_test_top.env.aa.drv [DRV] awaddr = 9bfb3e6c wdata = 5db8ca14 wstrb = f araddr = 00000021
UVM_INFO axi4_lite_scoreboard.sv(68) @ 23165: uvm_test_top.env.scb [RRESP] Matched : exp_rresp=2 actual_rresp =2 write = 0 read = 1
UVM_ERROR axi4_lite_scoreboard.sv(74) @ 23165: uvm_test_top.env.scb [RDATA] Mismatched : exp_rdata= 45939a1b actual_rdata=00000000 
UVM_INFO axi4_lite_subscriber.sv(40) @ 23185: uvm_test_top.env.sb [sb] INPUT COVERAGE = 100.00 %
UVM_INFO axi4_lite_inp_monitor.sv(38) @ 23185: uvm_test_top.env.aa.inp_mon [INPUT MONITOR] READ araddr=00000013
UVM_INFO axi4_lite_out_monitor.sv(28) @ 23195: uvm_test_top.env.pa.out_mon [OUTPUT MONITOR] BRESP = 0 RRESP = 2 RDATA = 00000000
UVM_INFO axi4_lite_driver.sv(34) @ 23195: uvm_test_top.env.aa.drv [DRV] awaddr = c1bdb002 wdata = 8ead2401 wstrb = a araddr = 00000013
UVM_INFO axi4_lite_scoreboard.sv(68) @ 23195: uvm_test_top.env.scb [RRESP] Matched : exp_rresp=2 actual_rresp =2 write = 0 read = 1
UVM_ERROR axi4_lite_scoreboard.sv(74) @ 23195: uvm_test_top.env.scb [RDATA] Mismatched : exp_rdata= 45939a1b actual_rdata=00000000 
UVM_INFO axi4_lite_subscriber.sv(40) @ 23215: uvm_test_top.env.sb [sb] INPUT COVERAGE = 100.00 %
UVM_INFO axi4_lite_inp_monitor.sv(38) @ 23215: uvm_test_top.env.aa.inp_mon [INPUT MONITOR] READ araddr=00000035
UVM_INFO axi4_lite_out_monitor.sv(28) @ 23225: uvm_test_top.env.pa.out_mon [OUTPUT MONITOR] BRESP = 0 RRESP = 2 RDATA = 00000000
UVM_INFO axi4_lite_driver.sv(34) @ 23225: uvm_test_top.env.aa.drv [DRV] awaddr = 51faf913 wdata = 5d226b08 wstrb = 6 araddr = 00000035
UVM_INFO axi4_lite_scoreboard.sv(68) @ 23225: uvm_test_top.env.scb [RRESP] Matched : exp_rresp=2 actual_rresp =2 write = 0 read = 1
UVM_ERROR axi4_lite_scoreboard.sv(74) @ 23225: uvm_test_top.env.scb [RDATA] Mismatched : exp_rdata= 45939a1b actual_rdata=00000000 
UVM_INFO axi4_lite_subscriber.sv(40) @ 23245: uvm_test_top.env.sb [sb] INPUT COVERAGE = 100.00 %
UVM_INFO axi4_lite_inp_monitor.sv(38) @ 23245: uvm_test_top.env.aa.inp_mon [INPUT MONITOR] READ araddr=00000009
UVM_INFO axi4_lite_out_monitor.sv(28) @ 23255: uvm_test_top.env.pa.out_mon [OUTPUT MONITOR] BRESP = 0 RRESP = 2 RDATA = 00000000
UVM_INFO axi4_lite_driver.sv(34) @ 23255: uvm_test_top.env.aa.drv [DRV] awaddr = 269ceeaf wdata = d5d1342e wstrb = c araddr = 00000009
UVM_INFO axi4_lite_scoreboard.sv(68) @ 23255: uvm_test_top.env.scb [RRESP] Matched : exp_rresp=2 actual_rresp =2 write = 0 read = 1
UVM_ERROR axi4_lite_scoreboard.sv(74) @ 23255: uvm_test_top.env.scb [RDATA] Mismatched : exp_rdata= 45939a1b actual_rdata=00000000 
UVM_INFO axi4_lite_subscriber.sv(40) @ 23275: uvm_test_top.env.sb [sb] INPUT COVERAGE = 100.00 %
UVM_INFO axi4_lite_inp_monitor.sv(38) @ 23275: uvm_test_top.env.aa.inp_mon [INPUT MONITOR] READ araddr=00000033
UVM_INFO axi4_lite_out_monitor.sv(28) @ 23285: uvm_test_top.env.pa.out_mon [OUTPUT MONITOR] BRESP = 0 RRESP = 2 RDATA = 00000000
UVM_INFO axi4_lite_driver.sv(34) @ 23285: uvm_test_top.env.aa.drv [DRV] awaddr = 8585a7fc wdata = 69b189db wstrb = a araddr = 00000033
UVM_INFO axi4_lite_scoreboard.sv(68) @ 23285: uvm_test_top.env.scb [RRESP] Matched : exp_rresp=2 actual_rresp =2 write = 0 read = 1
UVM_ERROR axi4_lite_scoreboard.sv(74) @ 23285: uvm_test_top.env.scb [RDATA] Mismatched : exp_rdata= 45939a1b actual_rdata=00000000 
UVM_INFO axi4_lite_subscriber.sv(40) @ 23305: uvm_test_top.env.sb [sb] INPUT COVERAGE = 100.00 %
UVM_INFO axi4_lite_inp_monitor.sv(38) @ 23305: uvm_test_top.env.aa.inp_mon [INPUT MONITOR] READ araddr=00000029
UVM_INFO axi4_lite_out_monitor.sv(28) @ 23315: uvm_test_top.env.pa.out_mon [OUTPUT MONITOR] BRESP = 0 RRESP = 2 RDATA = 00000000
UVM_INFO axi4_lite_driver.sv(34) @ 23315: uvm_test_top.env.aa.drv [DRV] awaddr = 40c0078c wdata = dde5baac wstrb = b araddr = 00000029
UVM_INFO axi4_lite_scoreboard.sv(68) @ 23315: uvm_test_top.env.scb [RRESP] Matched : exp_rresp=2 actual_rresp =2 write = 0 read = 1
UVM_ERROR axi4_lite_scoreboard.sv(74) @ 23315: uvm_test_top.env.scb [RDATA] Mismatched : exp_rdata= 45939a1b actual_rdata=00000000 
UVM_INFO axi4_lite_subscriber.sv(40) @ 23335: uvm_test_top.env.sb [sb] INPUT COVERAGE = 100.00 %
UVM_INFO axi4_lite_inp_monitor.sv(38) @ 23335: uvm_test_top.env.aa.inp_mon [INPUT MONITOR] READ araddr=00000005
UVM_INFO axi4_lite_out_monitor.sv(28) @ 23345: uvm_test_top.env.pa.out_mon [OUTPUT MONITOR] BRESP = 0 RRESP = 2 RDATA = 00000000
UVM_INFO axi4_lite_driver.sv(34) @ 23345: uvm_test_top.env.aa.drv [DRV] awaddr = 7df7ed26 wdata = 47e571ca wstrb = 7 araddr = 00000005
UVM_INFO axi4_lite_scoreboard.sv(68) @ 23345: uvm_test_top.env.scb [RRESP] Matched : exp_rresp=2 actual_rresp =2 write = 0 read = 1
UVM_ERROR axi4_lite_scoreboard.sv(74) @ 23345: uvm_test_top.env.scb [RDATA] Mismatched : exp_rdata= 45939a1b actual_rdata=00000000 
UVM_INFO axi4_lite_subscriber.sv(40) @ 23365: uvm_test_top.env.sb [sb] INPUT COVERAGE = 100.00 %
UVM_INFO axi4_lite_inp_monitor.sv(38) @ 23365: uvm_test_top.env.aa.inp_mon [INPUT MONITOR] READ araddr=0000002a
UVM_INFO axi4_lite_out_monitor.sv(28) @ 23375: uvm_test_top.env.pa.out_mon [OUTPUT MONITOR] BRESP = 0 RRESP = 2 RDATA = 00000000
UVM_INFO axi4_lite_driver.sv(34) @ 23375: uvm_test_top.env.aa.drv [DRV] awaddr = 65f1e0f6 wdata = e0eecc87 wstrb = 2 araddr = 0000002a
UVM_INFO axi4_lite_scoreboard.sv(68) @ 23375: uvm_test_top.env.scb [RRESP] Matched : exp_rresp=2 actual_rresp =2 write = 0 read = 1
UVM_ERROR axi4_lite_scoreboard.sv(74) @ 23375: uvm_test_top.env.scb [RDATA] Mismatched : exp_rdata= 45939a1b actual_rdata=00000000 
UVM_INFO axi4_lite_subscriber.sv(40) @ 23395: uvm_test_top.env.sb [sb] INPUT COVERAGE = 100.00 %
UVM_INFO axi4_lite_inp_monitor.sv(38) @ 23395: uvm_test_top.env.aa.inp_mon [INPUT MONITOR] READ araddr=0000003b
UVM_INFO axi4_lite_out_monitor.sv(28) @ 23405: uvm_test_top.env.pa.out_mon [OUTPUT MONITOR] BRESP = 0 RRESP = 2 RDATA = 00000000
UVM_INFO axi4_lite_driver.sv(34) @ 23405: uvm_test_top.env.aa.drv [DRV] awaddr = ad5914d7 wdata = f11a0062 wstrb = b araddr = 0000003b
UVM_INFO axi4_lite_scoreboard.sv(68) @ 23405: uvm_test_top.env.scb [RRESP] Matched : exp_rresp=2 actual_rresp =2 write = 0 read = 1
UVM_ERROR axi4_lite_scoreboard.sv(74) @ 23405: uvm_test_top.env.scb [RDATA] Mismatched : exp_rdata= 45939a1b actual_rdata=00000000 
UVM_INFO axi4_lite_subscriber.sv(40) @ 23425: uvm_test_top.env.sb [sb] INPUT COVERAGE = 100.00 %
UVM_INFO axi4_lite_inp_monitor.sv(38) @ 23425: uvm_test_top.env.aa.inp_mon [INPUT MONITOR] READ araddr=00000023
UVM_INFO axi4_lite_out_monitor.sv(28) @ 23435: uvm_test_top.env.pa.out_mon [OUTPUT MONITOR] BRESP = 0 RRESP = 2 RDATA = 00000000
UVM_INFO axi4_lite_driver.sv(34) @ 23435: uvm_test_top.env.aa.drv [DRV] awaddr = 94e8ce12 wdata = 1de83551 wstrb = e araddr = 00000023
UVM_INFO axi4_lite_scoreboard.sv(68) @ 23435: uvm_test_top.env.scb [RRESP] Matched : exp_rresp=2 actual_rresp =2 write = 0 read = 1
UVM_ERROR axi4_lite_scoreboard.sv(74) @ 23435: uvm_test_top.env.scb [RDATA] Mismatched : exp_rdata= 45939a1b actual_rdata=00000000 
UVM_INFO axi4_lite_subscriber.sv(40) @ 23455: uvm_test_top.env.sb [sb] INPUT COVERAGE = 100.00 %
UVM_INFO axi4_lite_inp_monitor.sv(38) @ 23455: uvm_test_top.env.aa.inp_mon [INPUT MONITOR] READ araddr=0000002b
UVM_INFO axi4_lite_out_monitor.sv(28) @ 23465: uvm_test_top.env.pa.out_mon [OUTPUT MONITOR] BRESP = 0 RRESP = 2 RDATA = 00000000
UVM_INFO axi4_lite_driver.sv(34) @ 23465: uvm_test_top.env.aa.drv [DRV] awaddr = d8313d99 wdata = b100a01d wstrb = d araddr = 0000002b
UVM_INFO axi4_lite_scoreboard.sv(68) @ 23465: uvm_test_top.env.scb [RRESP] Matched : exp_rresp=2 actual_rresp =2 write = 0 read = 1
UVM_ERROR axi4_lite_scoreboard.sv(74) @ 23465: uvm_test_top.env.scb [RDATA] Mismatched : exp_rdata= 45939a1b actual_rdata=00000000 
UVM_INFO axi4_lite_subscriber.sv(40) @ 23485: uvm_test_top.env.sb [sb] INPUT COVERAGE = 100.00 %
UVM_INFO axi4_lite_inp_monitor.sv(38) @ 23485: uvm_test_top.env.aa.inp_mon [INPUT MONITOR] READ araddr=00000027
UVM_INFO axi4_lite_out_monitor.sv(28) @ 23495: uvm_test_top.env.pa.out_mon [OUTPUT MONITOR] BRESP = 0 RRESP = 2 RDATA = 00000000
UVM_INFO axi4_lite_driver.sv(34) @ 23495: uvm_test_top.env.aa.drv [DRV] awaddr = fac2a9f6 wdata = 7389c08c wstrb = a araddr = 00000027
UVM_INFO axi4_lite_scoreboard.sv(68) @ 23495: uvm_test_top.env.scb [RRESP] Matched : exp_rresp=2 actual_rresp =2 write = 0 read = 1
UVM_ERROR axi4_lite_scoreboard.sv(74) @ 23495: uvm_test_top.env.scb [RDATA] Mismatched : exp_rdata= 45939a1b actual_rdata=00000000 
UVM_INFO axi4_lite_subscriber.sv(40) @ 23515: uvm_test_top.env.sb [sb] INPUT COVERAGE = 100.00 %
UVM_INFO axi4_lite_inp_monitor.sv(38) @ 23515: uvm_test_top.env.aa.inp_mon [INPUT MONITOR] READ araddr=00000003
UVM_INFO axi4_lite_out_monitor.sv(28) @ 23525: uvm_test_top.env.pa.out_mon [OUTPUT MONITOR] BRESP = 0 RRESP = 2 RDATA = 00000000
UVM_INFO axi4_lite_driver.sv(34) @ 23525: uvm_test_top.env.aa.drv [DRV] awaddr = d98a789d wdata = 9fbede59 wstrb = 4 araddr = 00000003
UVM_INFO axi4_lite_scoreboard.sv(68) @ 23525: uvm_test_top.env.scb [RRESP] Matched : exp_rresp=2 actual_rresp =2 write = 0 read = 1
UVM_ERROR axi4_lite_scoreboard.sv(74) @ 23525: uvm_test_top.env.scb [RDATA] Mismatched : exp_rdata= 45939a1b actual_rdata=00000000 
UVM_INFO axi4_lite_subscriber.sv(40) @ 23545: uvm_test_top.env.sb [sb] INPUT COVERAGE = 100.00 %
UVM_INFO axi4_lite_inp_monitor.sv(38) @ 23545: uvm_test_top.env.aa.inp_mon [INPUT MONITOR] READ araddr=0000002b
UVM_INFO axi4_lite_out_monitor.sv(28) @ 23555: uvm_test_top.env.pa.out_mon [OUTPUT MONITOR] BRESP = 0 RRESP = 2 RDATA = 00000000
UVM_INFO axi4_lite_driver.sv(34) @ 23555: uvm_test_top.env.aa.drv [DRV] awaddr = 62c2be54 wdata = 7cabff3d wstrb = b araddr = 0000002b
UVM_INFO axi4_lite_scoreboard.sv(68) @ 23555: uvm_test_top.env.scb [RRESP] Matched : exp_rresp=2 actual_rresp =2 write = 0 read = 1
UVM_ERROR axi4_lite_scoreboard.sv(74) @ 23555: uvm_test_top.env.scb [RDATA] Mismatched : exp_rdata= 45939a1b actual_rdata=00000000 
UVM_INFO axi4_lite_subscriber.sv(40) @ 23575: uvm_test_top.env.sb [sb] INPUT COVERAGE = 100.00 %
UVM_INFO axi4_lite_inp_monitor.sv(38) @ 23575: uvm_test_top.env.aa.inp_mon [INPUT MONITOR] READ araddr=00000035
UVM_INFO axi4_lite_out_monitor.sv(28) @ 23585: uvm_test_top.env.pa.out_mon [OUTPUT MONITOR] BRESP = 0 RRESP = 2 RDATA = 00000000
UVM_INFO axi4_lite_driver.sv(34) @ 23585: uvm_test_top.env.aa.drv [DRV] awaddr = b5adf263 wdata = 55b23f5c wstrb = 6 araddr = 00000035
UVM_INFO axi4_lite_scoreboard.sv(68) @ 23585: uvm_test_top.env.scb [RRESP] Matched : exp_rresp=2 actual_rresp =2 write = 0 read = 1
UVM_ERROR axi4_lite_scoreboard.sv(74) @ 23585: uvm_test_top.env.scb [RDATA] Mismatched : exp_rdata= 45939a1b actual_rdata=00000000 
UVM_INFO axi4_lite_subscriber.sv(40) @ 23605: uvm_test_top.env.sb [sb] INPUT COVERAGE = 100.00 %
UVM_INFO axi4_lite_inp_monitor.sv(38) @ 23605: uvm_test_top.env.aa.inp_mon [INPUT MONITOR] READ araddr=00000021
UVM_INFO axi4_lite_out_monitor.sv(28) @ 23615: uvm_test_top.env.pa.out_mon [OUTPUT MONITOR] BRESP = 0 RRESP = 2 RDATA = 00000000
UVM_INFO axi4_lite_driver.sv(34) @ 23615: uvm_test_top.env.aa.drv [DRV] awaddr = 7fe84663 wdata = b980a24b wstrb = d araddr = 00000021
UVM_INFO axi4_lite_scoreboard.sv(68) @ 23615: uvm_test_top.env.scb [RRESP] Matched : exp_rresp=2 actual_rresp =2 write = 0 read = 1
UVM_ERROR axi4_lite_scoreboard.sv(74) @ 23615: uvm_test_top.env.scb [RDATA] Mismatched : exp_rdata= 45939a1b actual_rdata=00000000 
UVM_INFO axi4_lite_subscriber.sv(40) @ 23635: uvm_test_top.env.sb [sb] INPUT COVERAGE = 100.00 %
UVM_INFO axi4_lite_inp_monitor.sv(38) @ 23635: uvm_test_top.env.aa.inp_mon [INPUT MONITOR] READ araddr=0000000d
UVM_INFO axi4_lite_out_monitor.sv(28) @ 23645: uvm_test_top.env.pa.out_mon [OUTPUT MONITOR] BRESP = 0 RRESP = 2 RDATA = 00000000
UVM_INFO axi4_lite_driver.sv(34) @ 23645: uvm_test_top.env.aa.drv [DRV] awaddr = 51652a88 wdata = f58120ec wstrb = 4 araddr = 0000000d
UVM_INFO axi4_lite_scoreboard.sv(68) @ 23645: uvm_test_top.env.scb [RRESP] Matched : exp_rresp=2 actual_rresp =2 write = 0 read = 1
UVM_ERROR axi4_lite_scoreboard.sv(74) @ 23645: uvm_test_top.env.scb [RDATA] Mismatched : exp_rdata= 45939a1b actual_rdata=00000000 
UVM_INFO axi4_lite_subscriber.sv(40) @ 23665: uvm_test_top.env.sb [sb] INPUT COVERAGE = 100.00 %
UVM_INFO axi4_lite_inp_monitor.sv(38) @ 23665: uvm_test_top.env.aa.inp_mon [INPUT MONITOR] READ araddr=0000001e
UVM_INFO axi4_lite_out_monitor.sv(28) @ 23675: uvm_test_top.env.pa.out_mon [OUTPUT MONITOR] BRESP = 0 RRESP = 2 RDATA = 00000000
UVM_INFO axi4_lite_driver.sv(34) @ 23675: uvm_test_top.env.aa.drv [DRV] awaddr = 8b7507d3 wdata = 99996d67 wstrb = b araddr = 0000001e
UVM_INFO axi4_lite_scoreboard.sv(68) @ 23675: uvm_test_top.env.scb [RRESP] Matched : exp_rresp=2 actual_rresp =2 write = 0 read = 1
UVM_ERROR axi4_lite_scoreboard.sv(74) @ 23675: uvm_test_top.env.scb [RDATA] Mismatched : exp_rdata= 45939a1b actual_rdata=00000000 
UVM_INFO axi4_lite_subscriber.sv(40) @ 23695: uvm_test_top.env.sb [sb] INPUT COVERAGE = 100.00 %
UVM_INFO axi4_lite_inp_monitor.sv(38) @ 23695: uvm_test_top.env.aa.inp_mon [INPUT MONITOR] READ araddr=00000002
UVM_INFO axi4_lite_out_monitor.sv(28) @ 23705: uvm_test_top.env.pa.out_mon [OUTPUT MONITOR] BRESP = 0 RRESP = 2 RDATA = 00000000
UVM_INFO axi4_lite_driver.sv(34) @ 23705: uvm_test_top.env.aa.drv [DRV] awaddr = b96e82a7 wdata = cb7e6609 wstrb = 7 araddr = 00000002
UVM_INFO axi4_lite_scoreboard.sv(68) @ 23705: uvm_test_top.env.scb [RRESP] Matched : exp_rresp=2 actual_rresp =2 write = 0 read = 1
UVM_ERROR axi4_lite_scoreboard.sv(74) @ 23705: uvm_test_top.env.scb [RDATA] Mismatched : exp_rdata= 45939a1b actual_rdata=00000000 
UVM_INFO axi4_lite_subscriber.sv(40) @ 23725: uvm_test_top.env.sb [sb] INPUT COVERAGE = 100.00 %
UVM_INFO axi4_lite_inp_monitor.sv(38) @ 23725: uvm_test_top.env.aa.inp_mon [INPUT MONITOR] READ araddr=00000006
UVM_INFO axi4_lite_out_monitor.sv(28) @ 23735: uvm_test_top.env.pa.out_mon [OUTPUT MONITOR] BRESP = 0 RRESP = 2 RDATA = 00000000
UVM_INFO axi4_lite_driver.sv(34) @ 23735: uvm_test_top.env.aa.drv [DRV] awaddr = d7d66c43 wdata = 30971b67 wstrb = 2 araddr = 00000006
UVM_INFO axi4_lite_scoreboard.sv(68) @ 23735: uvm_test_top.env.scb [RRESP] Matched : exp_rresp=2 actual_rresp =2 write = 0 read = 1
UVM_ERROR axi4_lite_scoreboard.sv(74) @ 23735: uvm_test_top.env.scb [RDATA] Mismatched : exp_rdata= 45939a1b actual_rdata=00000000 
UVM_INFO axi4_lite_subscriber.sv(40) @ 23755: uvm_test_top.env.sb [sb] INPUT COVERAGE = 100.00 %
UVM_INFO axi4_lite_inp_monitor.sv(38) @ 23755: uvm_test_top.env.aa.inp_mon [INPUT MONITOR] READ araddr=00000022
UVM_INFO axi4_lite_out_monitor.sv(28) @ 23765: uvm_test_top.env.pa.out_mon [OUTPUT MONITOR] BRESP = 0 RRESP = 2 RDATA = 00000000
UVM_INFO axi4_lite_driver.sv(34) @ 23765: uvm_test_top.env.aa.drv [DRV] awaddr = 487e670a wdata = 85690a22 wstrb = 4 araddr = 00000022
UVM_INFO axi4_lite_scoreboard.sv(68) @ 23765: uvm_test_top.env.scb [RRESP] Matched : exp_rresp=2 actual_rresp =2 write = 0 read = 1
UVM_ERROR axi4_lite_scoreboard.sv(74) @ 23765: uvm_test_top.env.scb [RDATA] Mismatched : exp_rdata= 45939a1b actual_rdata=00000000 
UVM_INFO axi4_lite_subscriber.sv(40) @ 23785: uvm_test_top.env.sb [sb] INPUT COVERAGE = 100.00 %
UVM_INFO axi4_lite_inp_monitor.sv(38) @ 23785: uvm_test_top.env.aa.inp_mon [INPUT MONITOR] READ araddr=0000002f
UVM_INFO axi4_lite_out_monitor.sv(28) @ 23795: uvm_test_top.env.pa.out_mon [OUTPUT MONITOR] BRESP = 0 RRESP = 2 RDATA = 00000000
UVM_INFO axi4_lite_driver.sv(34) @ 23795: uvm_test_top.env.aa.drv [DRV] awaddr = 75f9ae5b wdata = 860bc621 wstrb = 9 araddr = 0000002f
UVM_INFO axi4_lite_scoreboard.sv(68) @ 23795: uvm_test_top.env.scb [RRESP] Matched : exp_rresp=2 actual_rresp =2 write = 0 read = 1
UVM_ERROR axi4_lite_scoreboard.sv(74) @ 23795: uvm_test_top.env.scb [RDATA] Mismatched : exp_rdata= 45939a1b actual_rdata=00000000 
UVM_INFO axi4_lite_subscriber.sv(40) @ 23815: uvm_test_top.env.sb [sb] INPUT COVERAGE = 100.00 %
UVM_INFO axi4_lite_inp_monitor.sv(38) @ 23815: uvm_test_top.env.aa.inp_mon [INPUT MONITOR] READ araddr=00000015
UVM_INFO axi4_lite_out_monitor.sv(28) @ 23825: uvm_test_top.env.pa.out_mon [OUTPUT MONITOR] BRESP = 0 RRESP = 2 RDATA = 00000000
UVM_INFO axi4_lite_driver.sv(34) @ 23825: uvm_test_top.env.aa.drv [DRV] awaddr = 61cc3eac wdata = be95387d wstrb = 2 araddr = 00000015
UVM_INFO axi4_lite_scoreboard.sv(68) @ 23825: uvm_test_top.env.scb [RRESP] Matched : exp_rresp=2 actual_rresp =2 write = 0 read = 1
UVM_ERROR axi4_lite_scoreboard.sv(74) @ 23825: uvm_test_top.env.scb [RDATA] Mismatched : exp_rdata= 45939a1b actual_rdata=00000000 
UVM_INFO axi4_lite_subscriber.sv(40) @ 23845: uvm_test_top.env.sb [sb] INPUT COVERAGE = 100.00 %
UVM_INFO axi4_lite_inp_monitor.sv(38) @ 23845: uvm_test_top.env.aa.inp_mon [INPUT MONITOR] READ araddr=00000016
UVM_INFO axi4_lite_out_monitor.sv(28) @ 23855: uvm_test_top.env.pa.out_mon [OUTPUT MONITOR] BRESP = 0 RRESP = 2 RDATA = 00000000
UVM_INFO axi4_lite_driver.sv(34) @ 23855: uvm_test_top.env.aa.drv [DRV] awaddr = b8cff1f2 wdata = c788a6ce wstrb = 9 araddr = 00000016
UVM_INFO axi4_lite_scoreboard.sv(68) @ 23855: uvm_test_top.env.scb [RRESP] Matched : exp_rresp=2 actual_rresp =2 write = 0 read = 1
UVM_ERROR axi4_lite_scoreboard.sv(74) @ 23855: uvm_test_top.env.scb [RDATA] Mismatched : exp_rdata= 45939a1b actual_rdata=00000000 
UVM_INFO axi4_lite_subscriber.sv(40) @ 23875: uvm_test_top.env.sb [sb] INPUT COVERAGE = 100.00 %
UVM_INFO axi4_lite_inp_monitor.sv(38) @ 23875: uvm_test_top.env.aa.inp_mon [INPUT MONITOR] READ araddr=0000001a
UVM_INFO axi4_lite_out_monitor.sv(28) @ 23885: uvm_test_top.env.pa.out_mon [OUTPUT MONITOR] BRESP = 0 RRESP = 2 RDATA = 00000000
UVM_INFO axi4_lite_driver.sv(34) @ 23885: uvm_test_top.env.aa.drv [DRV] awaddr = aa3eb72a wdata = 504f68e8 wstrb = 6 araddr = 0000001a
UVM_INFO axi4_lite_scoreboard.sv(68) @ 23885: uvm_test_top.env.scb [RRESP] Matched : exp_rresp=2 actual_rresp =2 write = 0 read = 1
UVM_ERROR axi4_lite_scoreboard.sv(74) @ 23885: uvm_test_top.env.scb [RDATA] Mismatched : exp_rdata= 45939a1b actual_rdata=00000000 
UVM_INFO axi4_lite_subscriber.sv(40) @ 23905: uvm_test_top.env.sb [sb] INPUT COVERAGE = 100.00 %
UVM_INFO axi4_lite_inp_monitor.sv(38) @ 23905: uvm_test_top.env.aa.inp_mon [INPUT MONITOR] READ araddr=0000000e
UVM_INFO axi4_lite_out_monitor.sv(28) @ 23915: uvm_test_top.env.pa.out_mon [OUTPUT MONITOR] BRESP = 0 RRESP = 2 RDATA = 00000000
UVM_INFO axi4_lite_driver.sv(34) @ 23915: uvm_test_top.env.aa.drv [DRV] awaddr = e268415a wdata = 1bdad9fa wstrb = 5 araddr = 0000000e
UVM_INFO axi4_lite_scoreboard.sv(68) @ 23915: uvm_test_top.env.scb [RRESP] Matched : exp_rresp=2 actual_rresp =2 write = 0 read = 1
UVM_ERROR axi4_lite_scoreboard.sv(74) @ 23915: uvm_test_top.env.scb [RDATA] Mismatched : exp_rdata= 45939a1b actual_rdata=00000000 
UVM_INFO axi4_lite_subscriber.sv(40) @ 23935: uvm_test_top.env.sb [sb] INPUT COVERAGE = 100.00 %
UVM_INFO axi4_lite_inp_monitor.sv(38) @ 23935: uvm_test_top.env.aa.inp_mon [INPUT MONITOR] READ araddr=00000039
UVM_INFO axi4_lite_out_monitor.sv(28) @ 23945: uvm_test_top.env.pa.out_mon [OUTPUT MONITOR] BRESP = 0 RRESP = 2 RDATA = 00000000
UVM_INFO axi4_lite_driver.sv(34) @ 23945: uvm_test_top.env.aa.drv [DRV] awaddr = 9a42d889 wdata = 7b1c0b63 wstrb = f araddr = 00000039
UVM_INFO axi4_lite_scoreboard.sv(68) @ 23945: uvm_test_top.env.scb [RRESP] Matched : exp_rresp=2 actual_rresp =2 write = 0 read = 1
UVM_ERROR axi4_lite_scoreboard.sv(74) @ 23945: uvm_test_top.env.scb [RDATA] Mismatched : exp_rdata= 45939a1b actual_rdata=00000000 
UVM_INFO axi4_lite_subscriber.sv(40) @ 23965: uvm_test_top.env.sb [sb] INPUT COVERAGE = 100.00 %
UVM_INFO axi4_lite_inp_monitor.sv(38) @ 23965: uvm_test_top.env.aa.inp_mon [INPUT MONITOR] READ araddr=0000003b
UVM_INFO axi4_lite_out_monitor.sv(28) @ 23975: uvm_test_top.env.pa.out_mon [OUTPUT MONITOR] BRESP = 0 RRESP = 2 RDATA = 00000000
UVM_INFO axi4_lite_driver.sv(34) @ 23975: uvm_test_top.env.aa.drv [DRV] awaddr = 68b14aff wdata = ec4ed9c9 wstrb = d araddr = 0000003b
UVM_INFO axi4_lite_scoreboard.sv(68) @ 23975: uvm_test_top.env.scb [RRESP] Matched : exp_rresp=2 actual_rresp =2 write = 0 read = 1
UVM_ERROR axi4_lite_scoreboard.sv(74) @ 23975: uvm_test_top.env.scb [RDATA] Mismatched : exp_rdata= 45939a1b actual_rdata=00000000 
UVM_INFO axi4_lite_subscriber.sv(40) @ 23995: uvm_test_top.env.sb [sb] INPUT COVERAGE = 100.00 %
UVM_INFO axi4_lite_inp_monitor.sv(38) @ 23995: uvm_test_top.env.aa.inp_mon [INPUT MONITOR] READ araddr=0000000f
UVM_INFO axi4_lite_out_monitor.sv(28) @ 24005: uvm_test_top.env.pa.out_mon [OUTPUT MONITOR] BRESP = 0 RRESP = 2 RDATA = 00000000
UVM_INFO axi4_lite_driver.sv(34) @ 24005: uvm_test_top.env.aa.drv [DRV] awaddr = fe57564d wdata = 66840d07 wstrb = 9 araddr = 0000000f
UVM_INFO axi4_lite_scoreboard.sv(68) @ 24005: uvm_test_top.env.scb [RRESP] Matched : exp_rresp=2 actual_rresp =2 write = 0 read = 1
UVM_ERROR axi4_lite_scoreboard.sv(74) @ 24005: uvm_test_top.env.scb [RDATA] Mismatched : exp_rdata= 45939a1b actual_rdata=00000000 
UVM_INFO axi4_lite_subscriber.sv(40) @ 24025: uvm_test_top.env.sb [sb] INPUT COVERAGE = 100.00 %
UVM_INFO axi4_lite_inp_monitor.sv(38) @ 24025: uvm_test_top.env.aa.inp_mon [INPUT MONITOR] READ araddr=0000000e
UVM_INFO axi4_lite_out_monitor.sv(28) @ 24035: uvm_test_top.env.pa.out_mon [OUTPUT MONITOR] BRESP = 0 RRESP = 2 RDATA = 00000000
UVM_INFO axi4_lite_driver.sv(34) @ 24035: uvm_test_top.env.aa.drv [DRV] awaddr = 0fa49809 wdata = 763437c7 wstrb = 8 araddr = 0000000e
UVM_INFO axi4_lite_scoreboard.sv(68) @ 24035: uvm_test_top.env.scb [RRESP] Matched : exp_rresp=2 actual_rresp =2 write = 0 read = 1
UVM_ERROR axi4_lite_scoreboard.sv(74) @ 24035: uvm_test_top.env.scb [RDATA] Mismatched : exp_rdata= 45939a1b actual_rdata=00000000 
UVM_INFO axi4_lite_subscriber.sv(40) @ 24055: uvm_test_top.env.sb [sb] INPUT COVERAGE = 100.00 %
UVM_INFO axi4_lite_inp_monitor.sv(38) @ 24055: uvm_test_top.env.aa.inp_mon [INPUT MONITOR] READ araddr=00000039
UVM_INFO axi4_lite_out_monitor.sv(28) @ 24065: uvm_test_top.env.pa.out_mon [OUTPUT MONITOR] BRESP = 0 RRESP = 2 RDATA = 00000000
UVM_INFO axi4_lite_driver.sv(34) @ 24065: uvm_test_top.env.aa.drv [DRV] awaddr = f5382892 wdata = 0e26b9ed wstrb = 0 araddr = 00000039
UVM_INFO axi4_lite_scoreboard.sv(68) @ 24065: uvm_test_top.env.scb [RRESP] Matched : exp_rresp=2 actual_rresp =2 write = 0 read = 1
UVM_ERROR axi4_lite_scoreboard.sv(74) @ 24065: uvm_test_top.env.scb [RDATA] Mismatched : exp_rdata= 45939a1b actual_rdata=00000000 
UVM_INFO axi4_lite_subscriber.sv(40) @ 24085: uvm_test_top.env.sb [sb] INPUT COVERAGE = 100.00 %
UVM_INFO axi4_lite_inp_monitor.sv(38) @ 24085: uvm_test_top.env.aa.inp_mon [INPUT MONITOR] READ araddr=00000005
UVM_INFO axi4_lite_out_monitor.sv(28) @ 24095: uvm_test_top.env.pa.out_mon [OUTPUT MONITOR] BRESP = 0 RRESP = 2 RDATA = 00000000
UVM_INFO axi4_lite_driver.sv(34) @ 24095: uvm_test_top.env.aa.drv [DRV] awaddr = 0847f109 wdata = a1a0c13a wstrb = 4 araddr = 00000005
UVM_INFO axi4_lite_scoreboard.sv(68) @ 24095: uvm_test_top.env.scb [RRESP] Matched : exp_rresp=2 actual_rresp =2 write = 0 read = 1
UVM_ERROR axi4_lite_scoreboard.sv(74) @ 24095: uvm_test_top.env.scb [RDATA] Mismatched : exp_rdata= 45939a1b actual_rdata=00000000 
UVM_INFO axi4_lite_subscriber.sv(40) @ 24115: uvm_test_top.env.sb [sb] INPUT COVERAGE = 100.00 %
UVM_INFO axi4_lite_inp_monitor.sv(38) @ 24115: uvm_test_top.env.aa.inp_mon [INPUT MONITOR] READ araddr=0000001f
UVM_INFO axi4_lite_out_monitor.sv(28) @ 24125: uvm_test_top.env.pa.out_mon [OUTPUT MONITOR] BRESP = 0 RRESP = 2 RDATA = 00000000
UVM_INFO axi4_lite_driver.sv(34) @ 24125: uvm_test_top.env.aa.drv [DRV] awaddr = 0a62f6da wdata = 8a1e3682 wstrb = 3 araddr = 0000001f
UVM_INFO axi4_lite_scoreboard.sv(68) @ 24125: uvm_test_top.env.scb [RRESP] Matched : exp_rresp=2 actual_rresp =2 write = 0 read = 1
UVM_ERROR axi4_lite_scoreboard.sv(74) @ 24125: uvm_test_top.env.scb [RDATA] Mismatched : exp_rdata= 45939a1b actual_rdata=00000000 
UVM_INFO axi4_lite_subscriber.sv(40) @ 24145: uvm_test_top.env.sb [sb] INPUT COVERAGE = 100.00 %
UVM_INFO axi4_lite_inp_monitor.sv(38) @ 24145: uvm_test_top.env.aa.inp_mon [INPUT MONITOR] READ araddr=00000039
UVM_INFO axi4_lite_out_monitor.sv(28) @ 24155: uvm_test_top.env.pa.out_mon [OUTPUT MONITOR] BRESP = 0 RRESP = 2 RDATA = 00000000
UVM_INFO axi4_lite_driver.sv(34) @ 24155: uvm_test_top.env.aa.drv [DRV] awaddr = fa0af667 wdata = 698d379f wstrb = 0 araddr = 00000039
UVM_INFO axi4_lite_scoreboard.sv(68) @ 24155: uvm_test_top.env.scb [RRESP] Matched : exp_rresp=2 actual_rresp =2 write = 0 read = 1
UVM_ERROR axi4_lite_scoreboard.sv(74) @ 24155: uvm_test_top.env.scb [RDATA] Mismatched : exp_rdata= 45939a1b actual_rdata=00000000 
UVM_INFO axi4_lite_subscriber.sv(40) @ 24175: uvm_test_top.env.sb [sb] INPUT COVERAGE = 100.00 %
UVM_INFO axi4_lite_inp_monitor.sv(38) @ 24175: uvm_test_top.env.aa.inp_mon [INPUT MONITOR] READ araddr=00000031
UVM_INFO axi4_lite_out_monitor.sv(28) @ 24185: uvm_test_top.env.pa.out_mon [OUTPUT MONITOR] BRESP = 0 RRESP = 2 RDATA = 00000000
UVM_INFO axi4_lite_driver.sv(34) @ 24185: uvm_test_top.env.aa.drv [DRV] awaddr = 7e1fd999 wdata = 37e69e88 wstrb = b araddr = 00000031
UVM_INFO axi4_lite_scoreboard.sv(68) @ 24185: uvm_test_top.env.scb [RRESP] Matched : exp_rresp=2 actual_rresp =2 write = 0 read = 1
UVM_ERROR axi4_lite_scoreboard.sv(74) @ 24185: uvm_test_top.env.scb [RDATA] Mismatched : exp_rdata= 45939a1b actual_rdata=00000000 
UVM_INFO axi4_lite_subscriber.sv(40) @ 24205: uvm_test_top.env.sb [sb] INPUT COVERAGE = 100.00 %
UVM_INFO axi4_lite_inp_monitor.sv(38) @ 24205: uvm_test_top.env.aa.inp_mon [INPUT MONITOR] READ araddr=0000000d
UVM_INFO axi4_lite_out_monitor.sv(28) @ 24215: uvm_test_top.env.pa.out_mon [OUTPUT MONITOR] BRESP = 0 RRESP = 2 RDATA = 00000000
UVM_INFO axi4_lite_driver.sv(34) @ 24215: uvm_test_top.env.aa.drv [DRV] awaddr = 79ed0437 wdata = eb926eb9 wstrb = b araddr = 0000000d
UVM_INFO axi4_lite_scoreboard.sv(68) @ 24215: uvm_test_top.env.scb [RRESP] Matched : exp_rresp=2 actual_rresp =2 write = 0 read = 1
UVM_ERROR axi4_lite_scoreboard.sv(74) @ 24215: uvm_test_top.env.scb [RDATA] Mismatched : exp_rdata= 45939a1b actual_rdata=00000000 
UVM_INFO axi4_lite_subscriber.sv(40) @ 24235: uvm_test_top.env.sb [sb] INPUT COVERAGE = 100.00 %
UVM_INFO axi4_lite_inp_monitor.sv(38) @ 24235: uvm_test_top.env.aa.inp_mon [INPUT MONITOR] READ araddr=00000001
UVM_INFO axi4_lite_out_monitor.sv(28) @ 24245: uvm_test_top.env.pa.out_mon [OUTPUT MONITOR] BRESP = 0 RRESP = 2 RDATA = 00000000
UVM_INFO axi4_lite_driver.sv(34) @ 24245: uvm_test_top.env.aa.drv [DRV] awaddr = f55000a2 wdata = a8d75140 wstrb = 2 araddr = 00000001
UVM_INFO axi4_lite_scoreboard.sv(68) @ 24245: uvm_test_top.env.scb [RRESP] Matched : exp_rresp=2 actual_rresp =2 write = 0 read = 1
UVM_ERROR axi4_lite_scoreboard.sv(74) @ 24245: uvm_test_top.env.scb [RDATA] Mismatched : exp_rdata= 45939a1b actual_rdata=00000000 
UVM_INFO axi4_lite_subscriber.sv(40) @ 24265: uvm_test_top.env.sb [sb] INPUT COVERAGE = 100.00 %
UVM_INFO axi4_lite_inp_monitor.sv(38) @ 24265: uvm_test_top.env.aa.inp_mon [INPUT MONITOR] READ araddr=00000021
UVM_INFO axi4_lite_out_monitor.sv(28) @ 24275: uvm_test_top.env.pa.out_mon [OUTPUT MONITOR] BRESP = 0 RRESP = 2 RDATA = 00000000
UVM_INFO axi4_lite_driver.sv(34) @ 24275: uvm_test_top.env.aa.drv [DRV] awaddr = 4efd9e4e wdata = 73cdc545 wstrb = 2 araddr = 00000021
UVM_INFO axi4_lite_scoreboard.sv(68) @ 24275: uvm_test_top.env.scb [RRESP] Matched : exp_rresp=2 actual_rresp =2 write = 0 read = 1
UVM_ERROR axi4_lite_scoreboard.sv(74) @ 24275: uvm_test_top.env.scb [RDATA] Mismatched : exp_rdata= 45939a1b actual_rdata=00000000 
UVM_INFO axi4_lite_subscriber.sv(40) @ 24295: uvm_test_top.env.sb [sb] INPUT COVERAGE = 100.00 %
UVM_INFO axi4_lite_inp_monitor.sv(38) @ 24295: uvm_test_top.env.aa.inp_mon [INPUT MONITOR] READ araddr=0000002b
UVM_INFO axi4_lite_out_monitor.sv(28) @ 24305: uvm_test_top.env.pa.out_mon [OUTPUT MONITOR] BRESP = 0 RRESP = 2 RDATA = 00000000
UVM_INFO axi4_lite_driver.sv(34) @ 24305: uvm_test_top.env.aa.drv [DRV] awaddr = b153360c wdata = 58f169aa wstrb = 1 araddr = 0000002b
UVM_INFO axi4_lite_scoreboard.sv(68) @ 24305: uvm_test_top.env.scb [RRESP] Matched : exp_rresp=2 actual_rresp =2 write = 0 read = 1
UVM_ERROR axi4_lite_scoreboard.sv(74) @ 24305: uvm_test_top.env.scb [RDATA] Mismatched : exp_rdata= 45939a1b actual_rdata=00000000 
UVM_INFO axi4_lite_subscriber.sv(40) @ 24325: uvm_test_top.env.sb [sb] INPUT COVERAGE = 100.00 %
UVM_INFO axi4_lite_inp_monitor.sv(38) @ 24325: uvm_test_top.env.aa.inp_mon [INPUT MONITOR] READ araddr=00000027
UVM_INFO axi4_lite_out_monitor.sv(28) @ 24335: uvm_test_top.env.pa.out_mon [OUTPUT MONITOR] BRESP = 0 RRESP = 2 RDATA = 00000000
UVM_INFO axi4_lite_driver.sv(34) @ 24335: uvm_test_top.env.aa.drv [DRV] awaddr = 5a8fe1e1 wdata = 44d73b99 wstrb = 0 araddr = 00000027
UVM_INFO axi4_lite_scoreboard.sv(68) @ 24335: uvm_test_top.env.scb [RRESP] Matched : exp_rresp=2 actual_rresp =2 write = 0 read = 1
UVM_ERROR axi4_lite_scoreboard.sv(74) @ 24335: uvm_test_top.env.scb [RDATA] Mismatched : exp_rdata= 45939a1b actual_rdata=00000000 
UVM_INFO axi4_lite_subscriber.sv(40) @ 24355: uvm_test_top.env.sb [sb] INPUT COVERAGE = 100.00 %
UVM_INFO axi4_lite_inp_monitor.sv(38) @ 24355: uvm_test_top.env.aa.inp_mon [INPUT MONITOR] READ araddr=00000009
UVM_INFO axi4_lite_out_monitor.sv(28) @ 24365: uvm_test_top.env.pa.out_mon [OUTPUT MONITOR] BRESP = 0 RRESP = 2 RDATA = 00000000
UVM_INFO axi4_lite_driver.sv(34) @ 24365: uvm_test_top.env.aa.drv [DRV] awaddr = 51c697c6 wdata = 37636cb0 wstrb = 3 araddr = 00000009
UVM_INFO axi4_lite_scoreboard.sv(68) @ 24365: uvm_test_top.env.scb [RRESP] Matched : exp_rresp=2 actual_rresp =2 write = 0 read = 1
UVM_ERROR axi4_lite_scoreboard.sv(74) @ 24365: uvm_test_top.env.scb [RDATA] Mismatched : exp_rdata= 45939a1b actual_rdata=00000000 
UVM_INFO axi4_lite_subscriber.sv(40) @ 24385: uvm_test_top.env.sb [sb] INPUT COVERAGE = 100.00 %
UVM_INFO axi4_lite_inp_monitor.sv(38) @ 24385: uvm_test_top.env.aa.inp_mon [INPUT MONITOR] READ araddr=0000002a
UVM_INFO axi4_lite_out_monitor.sv(28) @ 24395: uvm_test_top.env.pa.out_mon [OUTPUT MONITOR] BRESP = 0 RRESP = 2 RDATA = 00000000
UVM_INFO axi4_lite_driver.sv(34) @ 24395: uvm_test_top.env.aa.drv [DRV] awaddr = a00a3373 wdata = e43e7b07 wstrb = 2 araddr = 0000002a
UVM_INFO axi4_lite_scoreboard.sv(68) @ 24395: uvm_test_top.env.scb [RRESP] Matched : exp_rresp=2 actual_rresp =2 write = 0 read = 1
UVM_ERROR axi4_lite_scoreboard.sv(74) @ 24395: uvm_test_top.env.scb [RDATA] Mismatched : exp_rdata= 45939a1b actual_rdata=00000000 
UVM_INFO axi4_lite_subscriber.sv(40) @ 24415: uvm_test_top.env.sb [sb] INPUT COVERAGE = 100.00 %
UVM_INFO axi4_lite_inp_monitor.sv(38) @ 24415: uvm_test_top.env.aa.inp_mon [INPUT MONITOR] READ araddr=0000001e
UVM_INFO axi4_lite_out_monitor.sv(28) @ 24425: uvm_test_top.env.pa.out_mon [OUTPUT MONITOR] BRESP = 0 RRESP = 2 RDATA = 00000000
UVM_INFO axi4_lite_driver.sv(34) @ 24425: uvm_test_top.env.aa.drv [DRV] awaddr = b1e2f169 wdata = 847ed5c8 wstrb = a araddr = 0000001e
UVM_INFO axi4_lite_scoreboard.sv(68) @ 24425: uvm_test_top.env.scb [RRESP] Matched : exp_rresp=2 actual_rresp =2 write = 0 read = 1
UVM_ERROR axi4_lite_scoreboard.sv(74) @ 24425: uvm_test_top.env.scb [RDATA] Mismatched : exp_rdata= 45939a1b actual_rdata=00000000 
UVM_INFO axi4_lite_subscriber.sv(40) @ 24445: uvm_test_top.env.sb [sb] INPUT COVERAGE = 100.00 %
UVM_INFO axi4_lite_inp_monitor.sv(38) @ 24445: uvm_test_top.env.aa.inp_mon [INPUT MONITOR] READ araddr=0000000f
UVM_INFO axi4_lite_out_monitor.sv(28) @ 24455: uvm_test_top.env.pa.out_mon [OUTPUT MONITOR] BRESP = 0 RRESP = 2 RDATA = 00000000
UVM_INFO axi4_lite_driver.sv(34) @ 24455: uvm_test_top.env.aa.drv [DRV] awaddr = efc83cde wdata = 8b4d85b5 wstrb = c araddr = 0000000f
UVM_INFO axi4_lite_scoreboard.sv(68) @ 24455: uvm_test_top.env.scb [RRESP] Matched : exp_rresp=2 actual_rresp =2 write = 0 read = 1
UVM_ERROR axi4_lite_scoreboard.sv(74) @ 24455: uvm_test_top.env.scb [RDATA] Mismatched : exp_rdata= 45939a1b actual_rdata=00000000 
UVM_INFO axi4_lite_subscriber.sv(40) @ 24475: uvm_test_top.env.sb [sb] INPUT COVERAGE = 100.00 %
UVM_INFO axi4_lite_inp_monitor.sv(38) @ 24475: uvm_test_top.env.aa.inp_mon [INPUT MONITOR] READ araddr=00000026
UVM_INFO axi4_lite_out_monitor.sv(28) @ 24485: uvm_test_top.env.pa.out_mon [OUTPUT MONITOR] BRESP = 0 RRESP = 2 RDATA = 00000000
UVM_INFO axi4_lite_driver.sv(34) @ 24485: uvm_test_top.env.aa.drv [DRV] awaddr = 9e0aaeb2 wdata = b7b1066f wstrb = e araddr = 00000026
UVM_INFO axi4_lite_scoreboard.sv(68) @ 24485: uvm_test_top.env.scb [RRESP] Matched : exp_rresp=2 actual_rresp =2 write = 0 read = 1
UVM_ERROR axi4_lite_scoreboard.sv(74) @ 24485: uvm_test_top.env.scb [RDATA] Mismatched : exp_rdata= 45939a1b actual_rdata=00000000 
UVM_INFO axi4_lite_subscriber.sv(40) @ 24505: uvm_test_top.env.sb [sb] INPUT COVERAGE = 100.00 %
UVM_INFO axi4_lite_inp_monitor.sv(38) @ 24505: uvm_test_top.env.aa.inp_mon [INPUT MONITOR] READ araddr=0000001a
UVM_INFO axi4_lite_out_monitor.sv(28) @ 24515: uvm_test_top.env.pa.out_mon [OUTPUT MONITOR] BRESP = 0 RRESP = 2 RDATA = 00000000
UVM_INFO axi4_lite_driver.sv(34) @ 24515: uvm_test_top.env.aa.drv [DRV] awaddr = 7e2a7351 wdata = 05fadbd4 wstrb = 7 araddr = 0000001a
UVM_INFO axi4_lite_scoreboard.sv(68) @ 24515: uvm_test_top.env.scb [RRESP] Matched : exp_rresp=2 actual_rresp =2 write = 0 read = 1
UVM_ERROR axi4_lite_scoreboard.sv(74) @ 24515: uvm_test_top.env.scb [RDATA] Mismatched : exp_rdata= 45939a1b actual_rdata=00000000 
UVM_INFO axi4_lite_subscriber.sv(40) @ 24535: uvm_test_top.env.sb [sb] INPUT COVERAGE = 100.00 %
UVM_INFO axi4_lite_inp_monitor.sv(38) @ 24535: uvm_test_top.env.aa.inp_mon [INPUT MONITOR] READ araddr=0000001f
UVM_INFO axi4_lite_out_monitor.sv(28) @ 24545: uvm_test_top.env.pa.out_mon [OUTPUT MONITOR] BRESP = 0 RRESP = 2 RDATA = 00000000
UVM_INFO axi4_lite_driver.sv(34) @ 24545: uvm_test_top.env.aa.drv [DRV] awaddr = 6d2e66fe wdata = 9acc1d9e wstrb = 9 araddr = 0000001f
UVM_INFO axi4_lite_scoreboard.sv(68) @ 24545: uvm_test_top.env.scb [RRESP] Matched : exp_rresp=2 actual_rresp =2 write = 0 read = 1
UVM_ERROR axi4_lite_scoreboard.sv(74) @ 24545: uvm_test_top.env.scb [RDATA] Mismatched : exp_rdata= 45939a1b actual_rdata=00000000 
UVM_INFO axi4_lite_subscriber.sv(40) @ 24565: uvm_test_top.env.sb [sb] INPUT COVERAGE = 100.00 %
UVM_INFO axi4_lite_inp_monitor.sv(38) @ 24565: uvm_test_top.env.aa.inp_mon [INPUT MONITOR] READ araddr=00000017
UVM_INFO axi4_lite_out_monitor.sv(28) @ 24575: uvm_test_top.env.pa.out_mon [OUTPUT MONITOR] BRESP = 0 RRESP = 2 RDATA = 00000000
UVM_INFO axi4_lite_driver.sv(34) @ 24575: uvm_test_top.env.aa.drv [DRV] awaddr = 8073962a wdata = c9b3e327 wstrb = c araddr = 00000017
UVM_INFO axi4_lite_scoreboard.sv(68) @ 24575: uvm_test_top.env.scb [RRESP] Matched : exp_rresp=2 actual_rresp =2 write = 0 read = 1
UVM_ERROR axi4_lite_scoreboard.sv(74) @ 24575: uvm_test_top.env.scb [RDATA] Mismatched : exp_rdata= 45939a1b actual_rdata=00000000 
UVM_INFO axi4_lite_subscriber.sv(40) @ 24595: uvm_test_top.env.sb [sb] INPUT COVERAGE = 100.00 %
UVM_INFO axi4_lite_inp_monitor.sv(38) @ 24595: uvm_test_top.env.aa.inp_mon [INPUT MONITOR] READ araddr=0000000b
UVM_INFO axi4_lite_out_monitor.sv(28) @ 24605: uvm_test_top.env.pa.out_mon [OUTPUT MONITOR] BRESP = 0 RRESP = 2 RDATA = 00000000
UVM_INFO axi4_lite_driver.sv(34) @ 24605: uvm_test_top.env.aa.drv [DRV] awaddr = 004e8aaa wdata = 42dda0c4 wstrb = 4 araddr = 0000000b
UVM_INFO axi4_lite_scoreboard.sv(68) @ 24605: uvm_test_top.env.scb [RRESP] Matched : exp_rresp=2 actual_rresp =2 write = 0 read = 1
UVM_ERROR axi4_lite_scoreboard.sv(74) @ 24605: uvm_test_top.env.scb [RDATA] Mismatched : exp_rdata= 45939a1b actual_rdata=00000000 
UVM_INFO axi4_lite_subscriber.sv(40) @ 24625: uvm_test_top.env.sb [sb] INPUT COVERAGE = 100.00 %
UVM_INFO axi4_lite_inp_monitor.sv(38) @ 24625: uvm_test_top.env.aa.inp_mon [INPUT MONITOR] READ araddr=00000033
UVM_INFO axi4_lite_out_monitor.sv(28) @ 24635: uvm_test_top.env.pa.out_mon [OUTPUT MONITOR] BRESP = 0 RRESP = 2 RDATA = 00000000
UVM_INFO axi4_lite_driver.sv(34) @ 24635: uvm_test_top.env.aa.drv [DRV] awaddr = 596619ed wdata = 92855bf4 wstrb = f araddr = 00000033
UVM_INFO axi4_lite_scoreboard.sv(68) @ 24635: uvm_test_top.env.scb [RRESP] Matched : exp_rresp=2 actual_rresp =2 write = 0 read = 1
UVM_ERROR axi4_lite_scoreboard.sv(74) @ 24635: uvm_test_top.env.scb [RDATA] Mismatched : exp_rdata= 45939a1b actual_rdata=00000000 
UVM_INFO axi4_lite_subscriber.sv(40) @ 24655: uvm_test_top.env.sb [sb] INPUT COVERAGE = 100.00 %
UVM_INFO axi4_lite_inp_monitor.sv(38) @ 24655: uvm_test_top.env.aa.inp_mon [INPUT MONITOR] READ araddr=00000006
UVM_INFO axi4_lite_out_monitor.sv(28) @ 24665: uvm_test_top.env.pa.out_mon [OUTPUT MONITOR] BRESP = 0 RRESP = 2 RDATA = 00000000
UVM_INFO axi4_lite_driver.sv(34) @ 24665: uvm_test_top.env.aa.drv [DRV] awaddr = 65e70b55 wdata = b53a8748 wstrb = 5 araddr = 00000006
UVM_INFO axi4_lite_scoreboard.sv(68) @ 24665: uvm_test_top.env.scb [RRESP] Matched : exp_rresp=2 actual_rresp =2 write = 0 read = 1
UVM_ERROR axi4_lite_scoreboard.sv(74) @ 24665: uvm_test_top.env.scb [RDATA] Mismatched : exp_rdata= 45939a1b actual_rdata=00000000 
UVM_INFO axi4_lite_subscriber.sv(40) @ 24685: uvm_test_top.env.sb [sb] INPUT COVERAGE = 100.00 %
UVM_INFO axi4_lite_inp_monitor.sv(38) @ 24685: uvm_test_top.env.aa.inp_mon [INPUT MONITOR] READ araddr=00000007
UVM_INFO axi4_lite_out_monitor.sv(28) @ 24695: uvm_test_top.env.pa.out_mon [OUTPUT MONITOR] BRESP = 0 RRESP = 2 RDATA = 00000000
UVM_INFO axi4_lite_driver.sv(34) @ 24695: uvm_test_top.env.aa.drv [DRV] awaddr = 04e4f2fb wdata = f8ee93b2 wstrb = d araddr = 00000007
UVM_INFO axi4_lite_scoreboard.sv(68) @ 24695: uvm_test_top.env.scb [RRESP] Matched : exp_rresp=2 actual_rresp =2 write = 0 read = 1
UVM_ERROR axi4_lite_scoreboard.sv(74) @ 24695: uvm_test_top.env.scb [RDATA] Mismatched : exp_rdata= 45939a1b actual_rdata=00000000 
UVM_INFO axi4_lite_subscriber.sv(40) @ 24715: uvm_test_top.env.sb [sb] INPUT COVERAGE = 100.00 %
UVM_INFO axi4_lite_inp_monitor.sv(38) @ 24715: uvm_test_top.env.aa.inp_mon [INPUT MONITOR] READ araddr=00000023
UVM_INFO axi4_lite_out_monitor.sv(28) @ 24725: uvm_test_top.env.pa.out_mon [OUTPUT MONITOR] BRESP = 0 RRESP = 2 RDATA = 00000000
UVM_INFO axi4_lite_driver.sv(34) @ 24725: uvm_test_top.env.aa.drv [DRV] awaddr = 4f9f5b9d wdata = 657c199b wstrb = 8 araddr = 00000023
UVM_INFO axi4_lite_scoreboard.sv(68) @ 24725: uvm_test_top.env.scb [RRESP] Matched : exp_rresp=2 actual_rresp =2 write = 0 read = 1
UVM_ERROR axi4_lite_scoreboard.sv(74) @ 24725: uvm_test_top.env.scb [RDATA] Mismatched : exp_rdata= 45939a1b actual_rdata=00000000 
UVM_INFO axi4_lite_subscriber.sv(40) @ 24745: uvm_test_top.env.sb [sb] INPUT COVERAGE = 100.00 %
UVM_INFO axi4_lite_inp_monitor.sv(38) @ 24745: uvm_test_top.env.aa.inp_mon [INPUT MONITOR] READ araddr=0000002b
UVM_INFO axi4_lite_out_monitor.sv(28) @ 24755: uvm_test_top.env.pa.out_mon [OUTPUT MONITOR] BRESP = 0 RRESP = 2 RDATA = 00000000
UVM_INFO axi4_lite_driver.sv(34) @ 24755: uvm_test_top.env.aa.drv [DRV] awaddr = 6d5d32e5 wdata = 5f9816e8 wstrb = d araddr = 0000002b
UVM_INFO axi4_lite_scoreboard.sv(68) @ 24755: uvm_test_top.env.scb [RRESP] Matched : exp_rresp=2 actual_rresp =2 write = 0 read = 1
UVM_ERROR axi4_lite_scoreboard.sv(74) @ 24755: uvm_test_top.env.scb [RDATA] Mismatched : exp_rdata= 45939a1b actual_rdata=00000000 
UVM_INFO axi4_lite_subscriber.sv(40) @ 24775: uvm_test_top.env.sb [sb] INPUT COVERAGE = 100.00 %
UVM_INFO axi4_lite_inp_monitor.sv(38) @ 24775: uvm_test_top.env.aa.inp_mon [INPUT MONITOR] READ araddr=0000000b
UVM_INFO axi4_lite_out_monitor.sv(28) @ 24785: uvm_test_top.env.pa.out_mon [OUTPUT MONITOR] BRESP = 0 RRESP = 2 RDATA = 00000000
UVM_INFO axi4_lite_driver.sv(34) @ 24785: uvm_test_top.env.aa.drv [DRV] awaddr = aada338d wdata = b66525ca wstrb = 8 araddr = 0000000b
UVM_INFO axi4_lite_scoreboard.sv(68) @ 24785: uvm_test_top.env.scb [RRESP] Matched : exp_rresp=2 actual_rresp =2 write = 0 read = 1
UVM_ERROR axi4_lite_scoreboard.sv(74) @ 24785: uvm_test_top.env.scb [RDATA] Mismatched : exp_rdata= 45939a1b actual_rdata=00000000 
UVM_INFO axi4_lite_subscriber.sv(40) @ 24805: uvm_test_top.env.sb [sb] INPUT COVERAGE = 100.00 %
UVM_INFO axi4_lite_inp_monitor.sv(38) @ 24805: uvm_test_top.env.aa.inp_mon [INPUT MONITOR] READ araddr=00000036
UVM_INFO axi4_lite_out_monitor.sv(28) @ 24815: uvm_test_top.env.pa.out_mon [OUTPUT MONITOR] BRESP = 0 RRESP = 2 RDATA = 00000000
UVM_INFO axi4_lite_driver.sv(34) @ 24815: uvm_test_top.env.aa.drv [DRV] awaddr = 2c9a7943 wdata = f91147e4 wstrb = f araddr = 00000036
UVM_INFO axi4_lite_scoreboard.sv(68) @ 24815: uvm_test_top.env.scb [RRESP] Matched : exp_rresp=2 actual_rresp =2 write = 0 read = 1
UVM_ERROR axi4_lite_scoreboard.sv(74) @ 24815: uvm_test_top.env.scb [RDATA] Mismatched : exp_rdata= 45939a1b actual_rdata=00000000 
UVM_INFO axi4_lite_subscriber.sv(40) @ 24835: uvm_test_top.env.sb [sb] INPUT COVERAGE = 100.00 %
UVM_INFO axi4_lite_inp_monitor.sv(38) @ 24835: uvm_test_top.env.aa.inp_mon [INPUT MONITOR] READ araddr=0000002e
UVM_INFO axi4_lite_out_monitor.sv(28) @ 24845: uvm_test_top.env.pa.out_mon [OUTPUT MONITOR] BRESP = 0 RRESP = 2 RDATA = 00000000
UVM_INFO axi4_lite_driver.sv(34) @ 24845: uvm_test_top.env.aa.drv [DRV] awaddr = cf251957 wdata = c4dc52ed wstrb = d araddr = 0000002e
UVM_INFO axi4_lite_scoreboard.sv(68) @ 24845: uvm_test_top.env.scb [RRESP] Matched : exp_rresp=2 actual_rresp =2 write = 0 read = 1
UVM_ERROR axi4_lite_scoreboard.sv(74) @ 24845: uvm_test_top.env.scb [RDATA] Mismatched : exp_rdata= 45939a1b actual_rdata=00000000 
UVM_INFO axi4_lite_subscriber.sv(40) @ 24865: uvm_test_top.env.sb [sb] INPUT COVERAGE = 100.00 %
UVM_INFO axi4_lite_inp_monitor.sv(38) @ 24865: uvm_test_top.env.aa.inp_mon [INPUT MONITOR] READ araddr=00000031
UVM_INFO axi4_lite_out_monitor.sv(28) @ 24875: uvm_test_top.env.pa.out_mon [OUTPUT MONITOR] BRESP = 0 RRESP = 2 RDATA = 00000000
UVM_INFO axi4_lite_driver.sv(34) @ 24875: uvm_test_top.env.aa.drv [DRV] awaddr = ed26de15 wdata = 63faaf54 wstrb = 2 araddr = 00000031
UVM_INFO axi4_lite_scoreboard.sv(68) @ 24875: uvm_test_top.env.scb [RRESP] Matched : exp_rresp=2 actual_rresp =2 write = 0 read = 1
UVM_ERROR axi4_lite_scoreboard.sv(74) @ 24875: uvm_test_top.env.scb [RDATA] Mismatched : exp_rdata= 45939a1b actual_rdata=00000000 
UVM_INFO axi4_lite_subscriber.sv(40) @ 24895: uvm_test_top.env.sb [sb] INPUT COVERAGE = 100.00 %
UVM_INFO axi4_lite_inp_monitor.sv(38) @ 24895: uvm_test_top.env.aa.inp_mon [INPUT MONITOR] READ araddr=00000033
UVM_INFO axi4_lite_out_monitor.sv(28) @ 24905: uvm_test_top.env.pa.out_mon [OUTPUT MONITOR] BRESP = 0 RRESP = 2 RDATA = 00000000
UVM_INFO axi4_lite_driver.sv(34) @ 24905: uvm_test_top.env.aa.drv [DRV] awaddr = 45aa5540 wdata = d3c5c782 wstrb = b araddr = 00000033
UVM_INFO axi4_lite_scoreboard.sv(68) @ 24905: uvm_test_top.env.scb [RRESP] Matched : exp_rresp=2 actual_rresp =2 write = 0 read = 1
UVM_ERROR axi4_lite_scoreboard.sv(74) @ 24905: uvm_test_top.env.scb [RDATA] Mismatched : exp_rdata= 45939a1b actual_rdata=00000000 
UVM_INFO axi4_lite_subscriber.sv(40) @ 24925: uvm_test_top.env.sb [sb] INPUT COVERAGE = 100.00 %
UVM_INFO axi4_lite_inp_monitor.sv(38) @ 24925: uvm_test_top.env.aa.inp_mon [INPUT MONITOR] READ araddr=0000002d
UVM_INFO axi4_lite_out_monitor.sv(28) @ 24935: uvm_test_top.env.pa.out_mon [OUTPUT MONITOR] BRESP = 0 RRESP = 2 RDATA = 00000000
UVM_INFO axi4_lite_driver.sv(34) @ 24935: uvm_test_top.env.aa.drv [DRV] awaddr = cb515b7f wdata = 98d3698a wstrb = d araddr = 0000002d
UVM_INFO axi4_lite_scoreboard.sv(68) @ 24935: uvm_test_top.env.scb [RRESP] Matched : exp_rresp=2 actual_rresp =2 write = 0 read = 1
UVM_ERROR axi4_lite_scoreboard.sv(74) @ 24935: uvm_test_top.env.scb [RDATA] Mismatched : exp_rdata= 45939a1b actual_rdata=00000000 
UVM_INFO axi4_lite_subscriber.sv(40) @ 24955: uvm_test_top.env.sb [sb] INPUT COVERAGE = 100.00 %
UVM_INFO axi4_lite_inp_monitor.sv(38) @ 24955: uvm_test_top.env.aa.inp_mon [INPUT MONITOR] READ araddr=0000002f
UVM_INFO axi4_lite_out_monitor.sv(28) @ 24965: uvm_test_top.env.pa.out_mon [OUTPUT MONITOR] BRESP = 0 RRESP = 2 RDATA = 00000000
UVM_INFO axi4_lite_driver.sv(34) @ 24965: uvm_test_top.env.aa.drv [DRV] awaddr = ea22ae40 wdata = 466ee49c wstrb = e araddr = 0000002f
UVM_INFO axi4_lite_scoreboard.sv(68) @ 24965: uvm_test_top.env.scb [RRESP] Matched : exp_rresp=2 actual_rresp =2 write = 0 read = 1
UVM_ERROR axi4_lite_scoreboard.sv(74) @ 24965: uvm_test_top.env.scb [RDATA] Mismatched : exp_rdata= 45939a1b actual_rdata=00000000 
UVM_INFO axi4_lite_subscriber.sv(40) @ 24985: uvm_test_top.env.sb [sb] INPUT COVERAGE = 100.00 %
UVM_INFO axi4_lite_inp_monitor.sv(38) @ 24985: uvm_test_top.env.aa.inp_mon [INPUT MONITOR] READ araddr=0000003a
UVM_INFO axi4_lite_out_monitor.sv(28) @ 24995: uvm_test_top.env.pa.out_mon [OUTPUT MONITOR] BRESP = 0 RRESP = 2 RDATA = 00000000
UVM_INFO axi4_lite_driver.sv(34) @ 24995: uvm_test_top.env.aa.drv [DRV] awaddr = a29404f7 wdata = d9ad33b3 wstrb = b araddr = 0000003a
UVM_INFO axi4_lite_scoreboard.sv(68) @ 24995: uvm_test_top.env.scb [RRESP] Matched : exp_rresp=2 actual_rresp =2 write = 0 read = 1
UVM_ERROR axi4_lite_scoreboard.sv(74) @ 24995: uvm_test_top.env.scb [RDATA] Mismatched : exp_rdata= 45939a1b actual_rdata=00000000 
UVM_INFO axi4_lite_subscriber.sv(40) @ 25015: uvm_test_top.env.sb [sb] INPUT COVERAGE = 100.00 %
UVM_INFO axi4_lite_inp_monitor.sv(38) @ 25015: uvm_test_top.env.aa.inp_mon [INPUT MONITOR] READ araddr=00000013
UVM_INFO axi4_lite_out_monitor.sv(28) @ 25025: uvm_test_top.env.pa.out_mon [OUTPUT MONITOR] BRESP = 0 RRESP = 2 RDATA = 00000000
UVM_INFO axi4_lite_driver.sv(34) @ 25025: uvm_test_top.env.aa.drv [DRV] awaddr = 9c133b17 wdata = 35227d4d wstrb = 3 araddr = 00000013
UVM_INFO axi4_lite_scoreboard.sv(68) @ 25025: uvm_test_top.env.scb [RRESP] Matched : exp_rresp=2 actual_rresp =2 write = 0 read = 1
UVM_ERROR axi4_lite_scoreboard.sv(74) @ 25025: uvm_test_top.env.scb [RDATA] Mismatched : exp_rdata= 45939a1b actual_rdata=00000000 
UVM_INFO axi4_lite_subscriber.sv(40) @ 25045: uvm_test_top.env.sb [sb] INPUT COVERAGE = 100.00 %
UVM_INFO axi4_lite_inp_monitor.sv(38) @ 25045: uvm_test_top.env.aa.inp_mon [INPUT MONITOR] READ araddr=0000001f
UVM_INFO axi4_lite_out_monitor.sv(28) @ 25055: uvm_test_top.env.pa.out_mon [OUTPUT MONITOR] BRESP = 0 RRESP = 2 RDATA = 00000000
UVM_INFO axi4_lite_driver.sv(34) @ 25055: uvm_test_top.env.aa.drv [DRV] awaddr = 41fccb70 wdata = 7b946334 wstrb = 0 araddr = 0000001f
UVM_INFO axi4_lite_scoreboard.sv(68) @ 25055: uvm_test_top.env.scb [RRESP] Matched : exp_rresp=2 actual_rresp =2 write = 0 read = 1
UVM_ERROR axi4_lite_scoreboard.sv(74) @ 25055: uvm_test_top.env.scb [RDATA] Mismatched : exp_rdata= 45939a1b actual_rdata=00000000 
UVM_INFO axi4_lite_subscriber.sv(40) @ 25075: uvm_test_top.env.sb [sb] INPUT COVERAGE = 100.00 %
UVM_INFO axi4_lite_inp_monitor.sv(38) @ 25075: uvm_test_top.env.aa.inp_mon [INPUT MONITOR] READ araddr=00000001
UVM_INFO axi4_lite_out_monitor.sv(28) @ 25085: uvm_test_top.env.pa.out_mon [OUTPUT MONITOR] BRESP = 0 RRESP = 2 RDATA = 00000000
UVM_INFO axi4_lite_driver.sv(34) @ 25085: uvm_test_top.env.aa.drv [DRV] awaddr = 8d4b67ed wdata = a81d49fe wstrb = b araddr = 00000001
UVM_INFO axi4_lite_scoreboard.sv(68) @ 25085: uvm_test_top.env.scb [RRESP] Matched : exp_rresp=2 actual_rresp =2 write = 0 read = 1
UVM_ERROR axi4_lite_scoreboard.sv(74) @ 25085: uvm_test_top.env.scb [RDATA] Mismatched : exp_rdata= 45939a1b actual_rdata=00000000 
UVM_INFO axi4_lite_subscriber.sv(40) @ 25105: uvm_test_top.env.sb [sb] INPUT COVERAGE = 100.00 %
UVM_INFO axi4_lite_inp_monitor.sv(38) @ 25105: uvm_test_top.env.aa.inp_mon [INPUT MONITOR] READ araddr=0000003a
UVM_INFO axi4_lite_out_monitor.sv(28) @ 25115: uvm_test_top.env.pa.out_mon [OUTPUT MONITOR] BRESP = 0 RRESP = 2 RDATA = 00000000
UVM_INFO axi4_lite_driver.sv(34) @ 25115: uvm_test_top.env.aa.drv [DRV] awaddr = eab722ad wdata = 6527c9f3 wstrb = 0 araddr = 0000003a
UVM_INFO axi4_lite_scoreboard.sv(68) @ 25115: uvm_test_top.env.scb [RRESP] Matched : exp_rresp=2 actual_rresp =2 write = 0 read = 1
UVM_ERROR axi4_lite_scoreboard.sv(74) @ 25115: uvm_test_top.env.scb [RDATA] Mismatched : exp_rdata= 45939a1b actual_rdata=00000000 
UVM_INFO axi4_lite_subscriber.sv(40) @ 25135: uvm_test_top.env.sb [sb] INPUT COVERAGE = 100.00 %
UVM_INFO axi4_lite_inp_monitor.sv(38) @ 25135: uvm_test_top.env.aa.inp_mon [INPUT MONITOR] READ araddr=00000011
UVM_INFO axi4_lite_out_monitor.sv(28) @ 25145: uvm_test_top.env.pa.out_mon [OUTPUT MONITOR] BRESP = 0 RRESP = 2 RDATA = 00000000
UVM_INFO axi4_lite_driver.sv(34) @ 25145: uvm_test_top.env.aa.drv [DRV] awaddr = 5172dea7 wdata = f6bd9309 wstrb = c araddr = 00000011
UVM_INFO axi4_lite_scoreboard.sv(68) @ 25145: uvm_test_top.env.scb [RRESP] Matched : exp_rresp=2 actual_rresp =2 write = 0 read = 1
UVM_ERROR axi4_lite_scoreboard.sv(74) @ 25145: uvm_test_top.env.scb [RDATA] Mismatched : exp_rdata= 45939a1b actual_rdata=00000000 
UVM_INFO axi4_lite_subscriber.sv(40) @ 25165: uvm_test_top.env.sb [sb] INPUT COVERAGE = 100.00 %
UVM_INFO axi4_lite_inp_monitor.sv(38) @ 25165: uvm_test_top.env.aa.inp_mon [INPUT MONITOR] READ araddr=0000001d
UVM_INFO axi4_lite_out_monitor.sv(28) @ 25175: uvm_test_top.env.pa.out_mon [OUTPUT MONITOR] BRESP = 0 RRESP = 2 RDATA = 00000000
UVM_INFO axi4_lite_driver.sv(34) @ 25175: uvm_test_top.env.aa.drv [DRV] awaddr = 07aaf78f wdata = e540c31a wstrb = 7 araddr = 0000001d
UVM_INFO axi4_lite_scoreboard.sv(68) @ 25175: uvm_test_top.env.scb [RRESP] Matched : exp_rresp=2 actual_rresp =2 write = 0 read = 1
UVM_ERROR axi4_lite_scoreboard.sv(74) @ 25175: uvm_test_top.env.scb [RDATA] Mismatched : exp_rdata= 45939a1b actual_rdata=00000000 
UVM_INFO axi4_lite_subscriber.sv(40) @ 25195: uvm_test_top.env.sb [sb] INPUT COVERAGE = 100.00 %
UVM_INFO axi4_lite_inp_monitor.sv(38) @ 25195: uvm_test_top.env.aa.inp_mon [INPUT MONITOR] READ araddr=0000003a
UVM_INFO axi4_lite_out_monitor.sv(28) @ 25205: uvm_test_top.env.pa.out_mon [OUTPUT MONITOR] BRESP = 0 RRESP = 2 RDATA = 00000000
UVM_INFO axi4_lite_driver.sv(34) @ 25205: uvm_test_top.env.aa.drv [DRV] awaddr = 1b771d1e wdata = 2b3e9911 wstrb = 5 araddr = 0000003a
UVM_INFO axi4_lite_scoreboard.sv(68) @ 25205: uvm_test_top.env.scb [RRESP] Matched : exp_rresp=2 actual_rresp =2 write = 0 read = 1
UVM_ERROR axi4_lite_scoreboard.sv(74) @ 25205: uvm_test_top.env.scb [RDATA] Mismatched : exp_rdata= 45939a1b actual_rdata=00000000 
UVM_INFO axi4_lite_subscriber.sv(40) @ 25225: uvm_test_top.env.sb [sb] INPUT COVERAGE = 100.00 %
UVM_INFO axi4_lite_inp_monitor.sv(38) @ 25225: uvm_test_top.env.aa.inp_mon [INPUT MONITOR] READ araddr=00000001
UVM_INFO axi4_lite_out_monitor.sv(28) @ 25235: uvm_test_top.env.pa.out_mon [OUTPUT MONITOR] BRESP = 0 RRESP = 2 RDATA = 00000000
UVM_INFO axi4_lite_driver.sv(34) @ 25235: uvm_test_top.env.aa.drv [DRV] awaddr = 94ec55dd wdata = 98c56d69 wstrb = 7 araddr = 00000001
UVM_INFO axi4_lite_scoreboard.sv(68) @ 25235: uvm_test_top.env.scb [RRESP] Matched : exp_rresp=2 actual_rresp =2 write = 0 read = 1
UVM_ERROR axi4_lite_scoreboard.sv(74) @ 25235: uvm_test_top.env.scb [RDATA] Mismatched : exp_rdata= 45939a1b actual_rdata=00000000 
UVM_INFO axi4_lite_subscriber.sv(40) @ 25255: uvm_test_top.env.sb [sb] INPUT COVERAGE = 100.00 %
UVM_INFO axi4_lite_inp_monitor.sv(38) @ 25255: uvm_test_top.env.aa.inp_mon [INPUT MONITOR] READ araddr=00000007
UVM_INFO axi4_lite_out_monitor.sv(28) @ 25265: uvm_test_top.env.pa.out_mon [OUTPUT MONITOR] BRESP = 0 RRESP = 2 RDATA = 00000000
UVM_INFO axi4_lite_driver.sv(34) @ 25265: uvm_test_top.env.aa.drv [DRV] awaddr = 0c7b6ce1 wdata = 0e289a68 wstrb = 1 araddr = 00000007
UVM_INFO axi4_lite_scoreboard.sv(68) @ 25265: uvm_test_top.env.scb [RRESP] Matched : exp_rresp=2 actual_rresp =2 write = 0 read = 1
UVM_ERROR axi4_lite_scoreboard.sv(74) @ 25265: uvm_test_top.env.scb [RDATA] Mismatched : exp_rdata= 45939a1b actual_rdata=00000000 
UVM_INFO axi4_lite_subscriber.sv(40) @ 25285: uvm_test_top.env.sb [sb] INPUT COVERAGE = 100.00 %
UVM_INFO axi4_lite_inp_monitor.sv(38) @ 25285: uvm_test_top.env.aa.inp_mon [INPUT MONITOR] READ araddr=0000000a
UVM_INFO axi4_lite_out_monitor.sv(28) @ 25295: uvm_test_top.env.pa.out_mon [OUTPUT MONITOR] BRESP = 0 RRESP = 2 RDATA = 00000000
UVM_INFO axi4_lite_driver.sv(34) @ 25295: uvm_test_top.env.aa.drv [DRV] awaddr = c9028d64 wdata = dbeaa7d2 wstrb = 6 araddr = 0000000a
UVM_INFO axi4_lite_scoreboard.sv(68) @ 25295: uvm_test_top.env.scb [RRESP] Matched : exp_rresp=2 actual_rresp =2 write = 0 read = 1
UVM_ERROR axi4_lite_scoreboard.sv(74) @ 25295: uvm_test_top.env.scb [RDATA] Mismatched : exp_rdata= 45939a1b actual_rdata=00000000 
UVM_INFO axi4_lite_subscriber.sv(40) @ 25315: uvm_test_top.env.sb [sb] INPUT COVERAGE = 100.00 %
UVM_INFO axi4_lite_inp_monitor.sv(38) @ 25315: uvm_test_top.env.aa.inp_mon [INPUT MONITOR] READ araddr=00000036
UVM_INFO axi4_lite_out_monitor.sv(28) @ 25325: uvm_test_top.env.pa.out_mon [OUTPUT MONITOR] BRESP = 0 RRESP = 2 RDATA = 00000000
UVM_INFO axi4_lite_driver.sv(34) @ 25325: uvm_test_top.env.aa.drv [DRV] awaddr = 9b23c64e wdata = bd402bca wstrb = 5 araddr = 00000036
UVM_INFO axi4_lite_scoreboard.sv(68) @ 25325: uvm_test_top.env.scb [RRESP] Matched : exp_rresp=2 actual_rresp =2 write = 0 read = 1
UVM_ERROR axi4_lite_scoreboard.sv(74) @ 25325: uvm_test_top.env.scb [RDATA] Mismatched : exp_rdata= 45939a1b actual_rdata=00000000 
UVM_INFO axi4_lite_subscriber.sv(40) @ 25345: uvm_test_top.env.sb [sb] INPUT COVERAGE = 100.00 %
UVM_INFO axi4_lite_inp_monitor.sv(38) @ 25345: uvm_test_top.env.aa.inp_mon [INPUT MONITOR] READ araddr=0000001f
UVM_INFO axi4_lite_out_monitor.sv(28) @ 25355: uvm_test_top.env.pa.out_mon [OUTPUT MONITOR] BRESP = 0 RRESP = 2 RDATA = 00000000
UVM_INFO axi4_lite_driver.sv(34) @ 25355: uvm_test_top.env.aa.drv [DRV] awaddr = 863ae928 wdata = 08d44bc1 wstrb = a araddr = 0000001f
UVM_INFO axi4_lite_scoreboard.sv(68) @ 25355: uvm_test_top.env.scb [RRESP] Matched : exp_rresp=2 actual_rresp =2 write = 0 read = 1
UVM_ERROR axi4_lite_scoreboard.sv(74) @ 25355: uvm_test_top.env.scb [RDATA] Mismatched : exp_rdata= 45939a1b actual_rdata=00000000 
UVM_INFO axi4_lite_subscriber.sv(40) @ 25375: uvm_test_top.env.sb [sb] INPUT COVERAGE = 100.00 %
UVM_INFO axi4_lite_inp_monitor.sv(38) @ 25375: uvm_test_top.env.aa.inp_mon [INPUT MONITOR] READ araddr=00000013
UVM_INFO axi4_lite_out_monitor.sv(28) @ 25385: uvm_test_top.env.pa.out_mon [OUTPUT MONITOR] BRESP = 0 RRESP = 2 RDATA = 00000000
UVM_INFO axi4_lite_driver.sv(34) @ 25385: uvm_test_top.env.aa.drv [DRV] awaddr = 08daba7c wdata = 30a2ced0 wstrb = 1 araddr = 00000013
UVM_INFO axi4_lite_scoreboard.sv(68) @ 25385: uvm_test_top.env.scb [RRESP] Matched : exp_rresp=2 actual_rresp =2 write = 0 read = 1
UVM_ERROR axi4_lite_scoreboard.sv(74) @ 25385: uvm_test_top.env.scb [RDATA] Mismatched : exp_rdata= 45939a1b actual_rdata=00000000 
UVM_INFO axi4_lite_subscriber.sv(40) @ 25405: uvm_test_top.env.sb [sb] INPUT COVERAGE = 100.00 %
UVM_INFO axi4_lite_inp_monitor.sv(38) @ 25405: uvm_test_top.env.aa.inp_mon [INPUT MONITOR] READ araddr=0000001b
UVM_INFO axi4_lite_out_monitor.sv(28) @ 25415: uvm_test_top.env.pa.out_mon [OUTPUT MONITOR] BRESP = 0 RRESP = 2 RDATA = 00000000
UVM_INFO axi4_lite_driver.sv(34) @ 25415: uvm_test_top.env.aa.drv [DRV] awaddr = 5a742c61 wdata = 065a415e wstrb = 9 araddr = 0000001b
UVM_INFO axi4_lite_scoreboard.sv(68) @ 25415: uvm_test_top.env.scb [RRESP] Matched : exp_rresp=2 actual_rresp =2 write = 0 read = 1
UVM_ERROR axi4_lite_scoreboard.sv(74) @ 25415: uvm_test_top.env.scb [RDATA] Mismatched : exp_rdata= 45939a1b actual_rdata=00000000 
UVM_INFO axi4_lite_subscriber.sv(40) @ 25435: uvm_test_top.env.sb [sb] INPUT COVERAGE = 100.00 %
UVM_INFO axi4_lite_inp_monitor.sv(38) @ 25435: uvm_test_top.env.aa.inp_mon [INPUT MONITOR] READ araddr=00000015
UVM_INFO axi4_lite_out_monitor.sv(28) @ 25445: uvm_test_top.env.pa.out_mon [OUTPUT MONITOR] BRESP = 0 RRESP = 2 RDATA = 00000000
UVM_INFO axi4_lite_driver.sv(34) @ 25445: uvm_test_top.env.aa.drv [DRV] awaddr = 61e043a7 wdata = 40003fec wstrb = 6 araddr = 00000015
UVM_INFO axi4_lite_scoreboard.sv(68) @ 25445: uvm_test_top.env.scb [RRESP] Matched : exp_rresp=2 actual_rresp =2 write = 0 read = 1
UVM_ERROR axi4_lite_scoreboard.sv(74) @ 25445: uvm_test_top.env.scb [RDATA] Mismatched : exp_rdata= 45939a1b actual_rdata=00000000 
UVM_INFO axi4_lite_subscriber.sv(40) @ 25465: uvm_test_top.env.sb [sb] INPUT COVERAGE = 100.00 %
UVM_INFO axi4_lite_inp_monitor.sv(38) @ 25465: uvm_test_top.env.aa.inp_mon [INPUT MONITOR] READ araddr=0000001a
UVM_INFO axi4_lite_out_monitor.sv(28) @ 25475: uvm_test_top.env.pa.out_mon [OUTPUT MONITOR] BRESP = 0 RRESP = 2 RDATA = 00000000
UVM_INFO axi4_lite_driver.sv(34) @ 25475: uvm_test_top.env.aa.drv [DRV] awaddr = 09f3314e wdata = 0b6c0b41 wstrb = e araddr = 0000001a
UVM_INFO axi4_lite_scoreboard.sv(68) @ 25475: uvm_test_top.env.scb [RRESP] Matched : exp_rresp=2 actual_rresp =2 write = 0 read = 1
UVM_ERROR axi4_lite_scoreboard.sv(74) @ 25475: uvm_test_top.env.scb [RDATA] Mismatched : exp_rdata= 45939a1b actual_rdata=00000000 
UVM_INFO axi4_lite_subscriber.sv(40) @ 25495: uvm_test_top.env.sb [sb] INPUT COVERAGE = 100.00 %
UVM_INFO axi4_lite_inp_monitor.sv(38) @ 25495: uvm_test_top.env.aa.inp_mon [INPUT MONITOR] READ araddr=0000000f
UVM_INFO axi4_lite_out_monitor.sv(28) @ 25505: uvm_test_top.env.pa.out_mon [OUTPUT MONITOR] BRESP = 0 RRESP = 2 RDATA = 00000000
UVM_INFO axi4_lite_driver.sv(34) @ 25505: uvm_test_top.env.aa.drv [DRV] awaddr = 3ebcef7c wdata = 68666175 wstrb = 8 araddr = 0000000f
UVM_INFO axi4_lite_scoreboard.sv(68) @ 25505: uvm_test_top.env.scb [RRESP] Matched : exp_rresp=2 actual_rresp =2 write = 0 read = 1
UVM_ERROR axi4_lite_scoreboard.sv(74) @ 25505: uvm_test_top.env.scb [RDATA] Mismatched : exp_rdata= 45939a1b actual_rdata=00000000 
UVM_INFO axi4_lite_subscriber.sv(40) @ 25525: uvm_test_top.env.sb [sb] INPUT COVERAGE = 100.00 %
UVM_INFO axi4_lite_inp_monitor.sv(38) @ 25525: uvm_test_top.env.aa.inp_mon [INPUT MONITOR] READ araddr=00000005
UVM_INFO axi4_lite_out_monitor.sv(28) @ 25535: uvm_test_top.env.pa.out_mon [OUTPUT MONITOR] BRESP = 0 RRESP = 2 RDATA = 00000000
UVM_INFO axi4_lite_driver.sv(34) @ 25535: uvm_test_top.env.aa.drv [DRV] awaddr = 9a52d0eb wdata = 1ba18659 wstrb = 0 araddr = 00000005
UVM_INFO axi4_lite_scoreboard.sv(68) @ 25535: uvm_test_top.env.scb [RRESP] Matched : exp_rresp=2 actual_rresp =2 write = 0 read = 1
UVM_ERROR axi4_lite_scoreboard.sv(74) @ 25535: uvm_test_top.env.scb [RDATA] Mismatched : exp_rdata= 45939a1b actual_rdata=00000000 
UVM_INFO axi4_lite_subscriber.sv(40) @ 25555: uvm_test_top.env.sb [sb] INPUT COVERAGE = 100.00 %
UVM_INFO axi4_lite_inp_monitor.sv(38) @ 25555: uvm_test_top.env.aa.inp_mon [INPUT MONITOR] READ araddr=0000001e
UVM_INFO axi4_lite_out_monitor.sv(28) @ 25565: uvm_test_top.env.pa.out_mon [OUTPUT MONITOR] BRESP = 0 RRESP = 2 RDATA = 00000000
UVM_INFO axi4_lite_driver.sv(34) @ 25565: uvm_test_top.env.aa.drv [DRV] awaddr = 388d920c wdata = 7205ee4f wstrb = 1 araddr = 0000001e
UVM_INFO axi4_lite_scoreboard.sv(68) @ 25565: uvm_test_top.env.scb [RRESP] Matched : exp_rresp=2 actual_rresp =2 write = 0 read = 1
UVM_ERROR axi4_lite_scoreboard.sv(74) @ 25565: uvm_test_top.env.scb [RDATA] Mismatched : exp_rdata= 45939a1b actual_rdata=00000000 
UVM_INFO axi4_lite_subscriber.sv(40) @ 25585: uvm_test_top.env.sb [sb] INPUT COVERAGE = 100.00 %
UVM_INFO axi4_lite_inp_monitor.sv(38) @ 25585: uvm_test_top.env.aa.inp_mon [INPUT MONITOR] READ araddr=00000001
UVM_INFO axi4_lite_out_monitor.sv(28) @ 25595: uvm_test_top.env.pa.out_mon [OUTPUT MONITOR] BRESP = 0 RRESP = 2 RDATA = 00000000
UVM_INFO axi4_lite_driver.sv(34) @ 25595: uvm_test_top.env.aa.drv [DRV] awaddr = 1d515840 wdata = 4c547099 wstrb = c araddr = 00000001
UVM_INFO axi4_lite_scoreboard.sv(68) @ 25595: uvm_test_top.env.scb [RRESP] Matched : exp_rresp=2 actual_rresp =2 write = 0 read = 1
UVM_ERROR axi4_lite_scoreboard.sv(74) @ 25595: uvm_test_top.env.scb [RDATA] Mismatched : exp_rdata= 45939a1b actual_rdata=00000000 
UVM_INFO axi4_lite_subscriber.sv(40) @ 25615: uvm_test_top.env.sb [sb] INPUT COVERAGE = 100.00 %
UVM_INFO axi4_lite_inp_monitor.sv(38) @ 25615: uvm_test_top.env.aa.inp_mon [INPUT MONITOR] READ araddr=00000019
UVM_INFO axi4_lite_out_monitor.sv(28) @ 25625: uvm_test_top.env.pa.out_mon [OUTPUT MONITOR] BRESP = 0 RRESP = 2 RDATA = 00000000
UVM_INFO axi4_lite_driver.sv(34) @ 25625: uvm_test_top.env.aa.drv [DRV] awaddr = d050b1b1 wdata = 1b11fe64 wstrb = b araddr = 00000019
UVM_INFO axi4_lite_scoreboard.sv(68) @ 25625: uvm_test_top.env.scb [RRESP] Matched : exp_rresp=2 actual_rresp =2 write = 0 read = 1
UVM_ERROR axi4_lite_scoreboard.sv(74) @ 25625: uvm_test_top.env.scb [RDATA] Mismatched : exp_rdata= 45939a1b actual_rdata=00000000 
UVM_INFO axi4_lite_subscriber.sv(40) @ 25645: uvm_test_top.env.sb [sb] INPUT COVERAGE = 100.00 %
UVM_INFO axi4_lite_inp_monitor.sv(38) @ 25645: uvm_test_top.env.aa.inp_mon [INPUT MONITOR] READ araddr=00000036
UVM_INFO axi4_lite_out_monitor.sv(28) @ 25655: uvm_test_top.env.pa.out_mon [OUTPUT MONITOR] BRESP = 0 RRESP = 2 RDATA = 00000000
UVM_INFO axi4_lite_driver.sv(34) @ 25655: uvm_test_top.env.aa.drv [DRV] awaddr = bdb4fc65 wdata = af9168b8 wstrb = d araddr = 00000036
UVM_INFO axi4_lite_scoreboard.sv(68) @ 25655: uvm_test_top.env.scb [RRESP] Matched : exp_rresp=2 actual_rresp =2 write = 0 read = 1
UVM_ERROR axi4_lite_scoreboard.sv(74) @ 25655: uvm_test_top.env.scb [RDATA] Mismatched : exp_rdata= 45939a1b actual_rdata=00000000 
UVM_INFO axi4_lite_subscriber.sv(40) @ 25675: uvm_test_top.env.sb [sb] INPUT COVERAGE = 100.00 %
UVM_INFO axi4_lite_inp_monitor.sv(38) @ 25675: uvm_test_top.env.aa.inp_mon [INPUT MONITOR] READ araddr=0000000d
UVM_INFO axi4_lite_out_monitor.sv(28) @ 25685: uvm_test_top.env.pa.out_mon [OUTPUT MONITOR] BRESP = 0 RRESP = 2 RDATA = 00000000
UVM_INFO axi4_lite_driver.sv(34) @ 25685: uvm_test_top.env.aa.drv [DRV] awaddr = 8054e7bf wdata = 02b177dc wstrb = 5 araddr = 0000000d
UVM_INFO axi4_lite_scoreboard.sv(68) @ 25685: uvm_test_top.env.scb [RRESP] Matched : exp_rresp=2 actual_rresp =2 write = 0 read = 1
UVM_ERROR axi4_lite_scoreboard.sv(74) @ 25685: uvm_test_top.env.scb [RDATA] Mismatched : exp_rdata= 45939a1b actual_rdata=00000000 
UVM_INFO axi4_lite_subscriber.sv(40) @ 25705: uvm_test_top.env.sb [sb] INPUT COVERAGE = 100.00 %
UVM_INFO axi4_lite_inp_monitor.sv(38) @ 25705: uvm_test_top.env.aa.inp_mon [INPUT MONITOR] READ araddr=0000003b
UVM_INFO axi4_lite_out_monitor.sv(28) @ 25715: uvm_test_top.env.pa.out_mon [OUTPUT MONITOR] BRESP = 0 RRESP = 2 RDATA = 00000000
UVM_INFO axi4_lite_driver.sv(34) @ 25715: uvm_test_top.env.aa.drv [DRV] awaddr = 0c0e68f8 wdata = 793e25b1 wstrb = 0 araddr = 0000003b
UVM_INFO axi4_lite_scoreboard.sv(68) @ 25715: uvm_test_top.env.scb [RRESP] Matched : exp_rresp=2 actual_rresp =2 write = 0 read = 1
UVM_ERROR axi4_lite_scoreboard.sv(74) @ 25715: uvm_test_top.env.scb [RDATA] Mismatched : exp_rdata= 45939a1b actual_rdata=00000000 
UVM_INFO axi4_lite_subscriber.sv(40) @ 25735: uvm_test_top.env.sb [sb] INPUT COVERAGE = 100.00 %
UVM_INFO axi4_lite_inp_monitor.sv(38) @ 25735: uvm_test_top.env.aa.inp_mon [INPUT MONITOR] READ araddr=0000001f
UVM_INFO axi4_lite_out_monitor.sv(28) @ 25745: uvm_test_top.env.pa.out_mon [OUTPUT MONITOR] BRESP = 0 RRESP = 2 RDATA = 00000000
UVM_INFO axi4_lite_driver.sv(34) @ 25745: uvm_test_top.env.aa.drv [DRV] awaddr = f786f2c6 wdata = edc77614 wstrb = b araddr = 0000001f
UVM_INFO axi4_lite_scoreboard.sv(68) @ 25745: uvm_test_top.env.scb [RRESP] Matched : exp_rresp=2 actual_rresp =2 write = 0 read = 1
UVM_ERROR axi4_lite_scoreboard.sv(74) @ 25745: uvm_test_top.env.scb [RDATA] Mismatched : exp_rdata= 45939a1b actual_rdata=00000000 
UVM_INFO axi4_lite_subscriber.sv(40) @ 25765: uvm_test_top.env.sb [sb] INPUT COVERAGE = 100.00 %
UVM_INFO axi4_lite_inp_monitor.sv(38) @ 25765: uvm_test_top.env.aa.inp_mon [INPUT MONITOR] READ araddr=0000002f
UVM_INFO axi4_lite_out_monitor.sv(28) @ 25775: uvm_test_top.env.pa.out_mon [OUTPUT MONITOR] BRESP = 0 RRESP = 2 RDATA = 00000000
UVM_INFO axi4_lite_driver.sv(34) @ 25775: uvm_test_top.env.aa.drv [DRV] awaddr = f42c083f wdata = f7788e0c wstrb = a araddr = 0000002f
UVM_INFO axi4_lite_scoreboard.sv(68) @ 25775: uvm_test_top.env.scb [RRESP] Matched : exp_rresp=2 actual_rresp =2 write = 0 read = 1
UVM_ERROR axi4_lite_scoreboard.sv(74) @ 25775: uvm_test_top.env.scb [RDATA] Mismatched : exp_rdata= 45939a1b actual_rdata=00000000 
UVM_INFO axi4_lite_subscriber.sv(40) @ 25795: uvm_test_top.env.sb [sb] INPUT COVERAGE = 100.00 %
UVM_INFO axi4_lite_inp_monitor.sv(38) @ 25795: uvm_test_top.env.aa.inp_mon [INPUT MONITOR] READ araddr=00000039
UVM_INFO axi4_lite_out_monitor.sv(28) @ 25805: uvm_test_top.env.pa.out_mon [OUTPUT MONITOR] BRESP = 0 RRESP = 2 RDATA = 00000000
UVM_INFO axi4_lite_driver.sv(34) @ 25805: uvm_test_top.env.aa.drv [DRV] awaddr = 8357ae4e wdata = 5aaf21e1 wstrb = 7 araddr = 00000039
UVM_INFO axi4_lite_scoreboard.sv(68) @ 25805: uvm_test_top.env.scb [RRESP] Matched : exp_rresp=2 actual_rresp =2 write = 0 read = 1
UVM_ERROR axi4_lite_scoreboard.sv(74) @ 25805: uvm_test_top.env.scb [RDATA] Mismatched : exp_rdata= 45939a1b actual_rdata=00000000 
UVM_INFO axi4_lite_subscriber.sv(40) @ 25825: uvm_test_top.env.sb [sb] INPUT COVERAGE = 100.00 %
UVM_INFO axi4_lite_inp_monitor.sv(38) @ 25825: uvm_test_top.env.aa.inp_mon [INPUT MONITOR] READ araddr=00000007
UVM_INFO axi4_lite_out_monitor.sv(28) @ 25835: uvm_test_top.env.pa.out_mon [OUTPUT MONITOR] BRESP = 0 RRESP = 2 RDATA = 00000000
UVM_INFO axi4_lite_driver.sv(34) @ 25835: uvm_test_top.env.aa.drv [DRV] awaddr = 84217122 wdata = e256294b wstrb = 0 araddr = 00000007
UVM_INFO axi4_lite_scoreboard.sv(68) @ 25835: uvm_test_top.env.scb [RRESP] Matched : exp_rresp=2 actual_rresp =2 write = 0 read = 1
UVM_ERROR axi4_lite_scoreboard.sv(74) @ 25835: uvm_test_top.env.scb [RDATA] Mismatched : exp_rdata= 45939a1b actual_rdata=00000000 
UVM_INFO axi4_lite_subscriber.sv(40) @ 25855: uvm_test_top.env.sb [sb] INPUT COVERAGE = 100.00 %
UVM_INFO axi4_lite_inp_monitor.sv(38) @ 25855: uvm_test_top.env.aa.inp_mon [INPUT MONITOR] READ araddr=00000037
UVM_INFO axi4_lite_out_monitor.sv(28) @ 25865: uvm_test_top.env.pa.out_mon [OUTPUT MONITOR] BRESP = 0 RRESP = 2 RDATA = 00000000
UVM_INFO axi4_lite_driver.sv(34) @ 25865: uvm_test_top.env.aa.drv [DRV] awaddr = c73d5f82 wdata = 6386ded4 wstrb = 0 araddr = 00000037
UVM_INFO axi4_lite_scoreboard.sv(68) @ 25865: uvm_test_top.env.scb [RRESP] Matched : exp_rresp=2 actual_rresp =2 write = 0 read = 1
UVM_ERROR axi4_lite_scoreboard.sv(74) @ 25865: uvm_test_top.env.scb [RDATA] Mismatched : exp_rdata= 45939a1b actual_rdata=00000000 
UVM_INFO axi4_lite_subscriber.sv(40) @ 25885: uvm_test_top.env.sb [sb] INPUT COVERAGE = 100.00 %
UVM_INFO axi4_lite_inp_monitor.sv(38) @ 25885: uvm_test_top.env.aa.inp_mon [INPUT MONITOR] READ araddr=00000006
UVM_INFO axi4_lite_out_monitor.sv(28) @ 25895: uvm_test_top.env.pa.out_mon [OUTPUT MONITOR] BRESP = 0 RRESP = 2 RDATA = 00000000
UVM_INFO axi4_lite_driver.sv(34) @ 25895: uvm_test_top.env.aa.drv [DRV] awaddr = 5debe94c wdata = 005913b9 wstrb = 1 araddr = 00000006
UVM_INFO axi4_lite_scoreboard.sv(68) @ 25895: uvm_test_top.env.scb [RRESP] Matched : exp_rresp=2 actual_rresp =2 write = 0 read = 1
UVM_ERROR axi4_lite_scoreboard.sv(74) @ 25895: uvm_test_top.env.scb [RDATA] Mismatched : exp_rdata= 45939a1b actual_rdata=00000000 
UVM_INFO axi4_lite_subscriber.sv(40) @ 25915: uvm_test_top.env.sb [sb] INPUT COVERAGE = 100.00 %
UVM_INFO axi4_lite_inp_monitor.sv(38) @ 25915: uvm_test_top.env.aa.inp_mon [INPUT MONITOR] READ araddr=0000000d
UVM_INFO axi4_lite_out_monitor.sv(28) @ 25925: uvm_test_top.env.pa.out_mon [OUTPUT MONITOR] BRESP = 0 RRESP = 2 RDATA = 00000000
UVM_INFO axi4_lite_driver.sv(34) @ 25925: uvm_test_top.env.aa.drv [DRV] awaddr = cf5d5ea8 wdata = 6f5872cd wstrb = a araddr = 0000000d
UVM_INFO axi4_lite_scoreboard.sv(68) @ 25925: uvm_test_top.env.scb [RRESP] Matched : exp_rresp=2 actual_rresp =2 write = 0 read = 1
UVM_ERROR axi4_lite_scoreboard.sv(74) @ 25925: uvm_test_top.env.scb [RDATA] Mismatched : exp_rdata= 45939a1b actual_rdata=00000000 
UVM_INFO axi4_lite_subscriber.sv(40) @ 25945: uvm_test_top.env.sb [sb] INPUT COVERAGE = 100.00 %
UVM_INFO axi4_lite_inp_monitor.sv(38) @ 25945: uvm_test_top.env.aa.inp_mon [INPUT MONITOR] READ araddr=0000001b
UVM_INFO axi4_lite_out_monitor.sv(28) @ 25955: uvm_test_top.env.pa.out_mon [OUTPUT MONITOR] BRESP = 0 RRESP = 2 RDATA = 00000000
UVM_INFO axi4_lite_driver.sv(34) @ 25955: uvm_test_top.env.aa.drv [DRV] awaddr = 6a0b5f1e wdata = 7b52d24a wstrb = b araddr = 0000001b
UVM_INFO axi4_lite_scoreboard.sv(68) @ 25955: uvm_test_top.env.scb [RRESP] Matched : exp_rresp=2 actual_rresp =2 write = 0 read = 1
UVM_ERROR axi4_lite_scoreboard.sv(74) @ 25955: uvm_test_top.env.scb [RDATA] Mismatched : exp_rdata= 45939a1b actual_rdata=00000000 
UVM_INFO axi4_lite_subscriber.sv(40) @ 25975: uvm_test_top.env.sb [sb] INPUT COVERAGE = 100.00 %
UVM_INFO axi4_lite_inp_monitor.sv(38) @ 25975: uvm_test_top.env.aa.inp_mon [INPUT MONITOR] READ araddr=0000001f
UVM_INFO axi4_lite_out_monitor.sv(28) @ 25985: uvm_test_top.env.pa.out_mon [OUTPUT MONITOR] BRESP = 0 RRESP = 2 RDATA = 00000000
UVM_INFO axi4_lite_driver.sv(34) @ 25985: uvm_test_top.env.aa.drv [DRV] awaddr = a86775ac wdata = fc468583 wstrb = d araddr = 0000001f
UVM_INFO axi4_lite_scoreboard.sv(68) @ 25985: uvm_test_top.env.scb [RRESP] Matched : exp_rresp=2 actual_rresp =2 write = 0 read = 1
UVM_ERROR axi4_lite_scoreboard.sv(74) @ 25985: uvm_test_top.env.scb [RDATA] Mismatched : exp_rdata= 45939a1b actual_rdata=00000000 
UVM_INFO axi4_lite_subscriber.sv(40) @ 26005: uvm_test_top.env.sb [sb] INPUT COVERAGE = 100.00 %
UVM_INFO axi4_lite_inp_monitor.sv(38) @ 26005: uvm_test_top.env.aa.inp_mon [INPUT MONITOR] READ araddr=00000009
UVM_INFO axi4_lite_out_monitor.sv(28) @ 26015: uvm_test_top.env.pa.out_mon [OUTPUT MONITOR] BRESP = 0 RRESP = 2 RDATA = 00000000
UVM_INFO axi4_lite_driver.sv(34) @ 26015: uvm_test_top.env.aa.drv [DRV] awaddr = a88117a3 wdata = f0198f28 wstrb = 6 araddr = 00000009
UVM_INFO axi4_lite_scoreboard.sv(68) @ 26015: uvm_test_top.env.scb [RRESP] Matched : exp_rresp=2 actual_rresp =2 write = 0 read = 1
UVM_ERROR axi4_lite_scoreboard.sv(74) @ 26015: uvm_test_top.env.scb [RDATA] Mismatched : exp_rdata= 45939a1b actual_rdata=00000000 
Read to unaligned completed
UVM_INFO axi4_lite_subscriber.sv(40) @ 26055: uvm_test_top.env.sb [sb] INPUT COVERAGE = 100.00 %
UVM_INFO axi4_lite_inp_monitor.sv(44) @ 26055: uvm_test_top.env.aa.inp_mon [INPUT MONITOR]  WRITE awaddr=876d1c28 wdata=bf504ea2 wstrb=1011 
UVM_INFO axi4_lite_out_monitor.sv(28) @ 26075: uvm_test_top.env.pa.out_mon [OUTPUT MONITOR] BRESP = 3 RRESP = 0 RDATA = 00000000
UVM_INFO axi4_lite_driver.sv(34) @ 26075: uvm_test_top.env.aa.drv [DRV] awaddr = 876d1c28 wdata = bf504ea2 wstrb = b araddr = b220c2dc
UVM_INFO axi4_lite_scoreboard.sv(52) @ 26075: uvm_test_top.env.scb [BRESP] Matched : exp_bresp= 3 actual_bresp=3 write = 1 read = 0
UVM_INFO axi4_lite_subscriber.sv(40) @ 26095: uvm_test_top.env.sb [sb] INPUT COVERAGE = 100.00 %
UVM_INFO axi4_lite_inp_monitor.sv(44) @ 26095: uvm_test_top.env.aa.inp_mon [INPUT MONITOR]  WRITE awaddr=14434da8 wdata=6a3b88f0 wstrb=0000 
UVM_INFO axi4_lite_out_monitor.sv(28) @ 26115: uvm_test_top.env.pa.out_mon [OUTPUT MONITOR] BRESP = 3 RRESP = 0 RDATA = 00000000
UVM_INFO axi4_lite_driver.sv(34) @ 26115: uvm_test_top.env.aa.drv [DRV] awaddr = 14434da8 wdata = 6a3b88f0 wstrb = 0 araddr = 926a30cc
UVM_INFO axi4_lite_scoreboard.sv(52) @ 26115: uvm_test_top.env.scb [BRESP] Matched : exp_bresp= 3 actual_bresp=3 write = 1 read = 0
UVM_INFO axi4_lite_subscriber.sv(40) @ 26165: uvm_test_top.env.sb [sb] INPUT COVERAGE = 100.00 %
UVM_INFO axi4_lite_inp_monitor.sv(44) @ 26165: uvm_test_top.env.aa.inp_mon [INPUT MONITOR]  WRITE awaddr=00920690 wdata=50c6a6fb wstrb=1000 
UVM_INFO axi4_lite_out_monitor.sv(28) @ 26185: uvm_test_top.env.pa.out_mon [OUTPUT MONITOR] BRESP = 3 RRESP = 0 RDATA = 00000000
UVM_INFO axi4_lite_driver.sv(34) @ 26185: uvm_test_top.env.aa.drv [DRV] awaddr = 00920690 wdata = 50c6a6fb wstrb = 8 araddr = 547f7368
UVM_INFO axi4_lite_scoreboard.sv(52) @ 26185: uvm_test_top.env.scb [BRESP] Matched : exp_bresp= 3 actual_bresp=3 write = 1 read = 0
UVM_INFO axi4_lite_subscriber.sv(40) @ 26205: uvm_test_top.env.sb [sb] INPUT COVERAGE = 100.00 %
UVM_INFO axi4_lite_inp_monitor.sv(44) @ 26205: uvm_test_top.env.aa.inp_mon [INPUT MONITOR]  WRITE awaddr=246c6c20 wdata=11bc6b5d wstrb=1001 
UVM_INFO axi4_lite_out_monitor.sv(28) @ 26225: uvm_test_top.env.pa.out_mon [OUTPUT MONITOR] BRESP = 3 RRESP = 0 RDATA = 00000000
UVM_INFO axi4_lite_driver.sv(34) @ 26225: uvm_test_top.env.aa.drv [DRV] awaddr = 246c6c20 wdata = 11bc6b5d wstrb = 9 araddr = ea5e9cf0
UVM_INFO axi4_lite_scoreboard.sv(52) @ 26225: uvm_test_top.env.scb [BRESP] Matched : exp_bresp= 3 actual_bresp=3 write = 1 read = 0
UVM_INFO axi4_lite_subscriber.sv(40) @ 26255: uvm_test_top.env.sb [sb] INPUT COVERAGE = 100.00 %
UVM_INFO axi4_lite_inp_monitor.sv(44) @ 26255: uvm_test_top.env.aa.inp_mon [INPUT MONITOR]  WRITE awaddr=146da610 wdata=645a26dd wstrb=1110 
UVM_INFO axi4_lite_out_monitor.sv(28) @ 26275: uvm_test_top.env.pa.out_mon [OUTPUT MONITOR] BRESP = 3 RRESP = 0 RDATA = 00000000
UVM_INFO axi4_lite_driver.sv(34) @ 26275: uvm_test_top.env.aa.drv [DRV] awaddr = 146da610 wdata = 645a26dd wstrb = e araddr = 64c81998
UVM_INFO axi4_lite_scoreboard.sv(52) @ 26275: uvm_test_top.env.scb [BRESP] Matched : exp_bresp= 3 actual_bresp=3 write = 1 read = 0
UVM_INFO axi4_lite_subscriber.sv(40) @ 26305: uvm_test_top.env.sb [sb] INPUT COVERAGE = 100.00 %
UVM_INFO axi4_lite_inp_monitor.sv(44) @ 26305: uvm_test_top.env.aa.inp_mon [INPUT MONITOR]  WRITE awaddr=b4a183f0 wdata=45d32ad7 wstrb=0110 
UVM_INFO axi4_lite_out_monitor.sv(28) @ 26325: uvm_test_top.env.pa.out_mon [OUTPUT MONITOR] BRESP = 3 RRESP = 0 RDATA = 00000000
UVM_INFO axi4_lite_driver.sv(34) @ 26325: uvm_test_top.env.aa.drv [DRV] awaddr = b4a183f0 wdata = 45d32ad7 wstrb = 6 araddr = 483ab60c
UVM_INFO axi4_lite_scoreboard.sv(52) @ 26325: uvm_test_top.env.scb [BRESP] Matched : exp_bresp= 3 actual_bresp=3 write = 1 read = 0
UVM_INFO axi4_lite_subscriber.sv(40) @ 26355: uvm_test_top.env.sb [sb] INPUT COVERAGE = 100.00 %
UVM_INFO axi4_lite_inp_monitor.sv(44) @ 26355: uvm_test_top.env.aa.inp_mon [INPUT MONITOR]  WRITE awaddr=854afa80 wdata=ba2ac8bb wstrb=0101 
UVM_INFO axi4_lite_out_monitor.sv(28) @ 26375: uvm_test_top.env.pa.out_mon [OUTPUT MONITOR] BRESP = 3 RRESP = 0 RDATA = 00000000
UVM_INFO axi4_lite_driver.sv(34) @ 26375: uvm_test_top.env.aa.drv [DRV] awaddr = 854afa80 wdata = ba2ac8bb wstrb = 5 araddr = cc6e03ec
UVM_INFO axi4_lite_scoreboard.sv(52) @ 26375: uvm_test_top.env.scb [BRESP] Matched : exp_bresp= 3 actual_bresp=3 write = 1 read = 0
UVM_INFO axi4_lite_subscriber.sv(40) @ 26425: uvm_test_top.env.sb [sb] INPUT COVERAGE = 100.00 %
UVM_INFO axi4_lite_inp_monitor.sv(44) @ 26425: uvm_test_top.env.aa.inp_mon [INPUT MONITOR]  WRITE awaddr=c5bbb848 wdata=ab84d067 wstrb=1111 
UVM_INFO axi4_lite_out_monitor.sv(28) @ 26445: uvm_test_top.env.pa.out_mon [OUTPUT MONITOR] BRESP = 3 RRESP = 0 RDATA = 00000000
UVM_INFO axi4_lite_driver.sv(34) @ 26445: uvm_test_top.env.aa.drv [DRV] awaddr = c5bbb848 wdata = ab84d067 wstrb = f araddr = 77145c54
UVM_INFO axi4_lite_scoreboard.sv(52) @ 26445: uvm_test_top.env.scb [BRESP] Matched : exp_bresp= 3 actual_bresp=3 write = 1 read = 0
UVM_INFO axi4_lite_subscriber.sv(40) @ 26465: uvm_test_top.env.sb [sb] INPUT COVERAGE = 100.00 %
UVM_INFO axi4_lite_inp_monitor.sv(44) @ 26465: uvm_test_top.env.aa.inp_mon [INPUT MONITOR]  WRITE awaddr=d11ed338 wdata=735d25a2 wstrb=1101 
UVM_INFO axi4_lite_out_monitor.sv(28) @ 26485: uvm_test_top.env.pa.out_mon [OUTPUT MONITOR] BRESP = 3 RRESP = 0 RDATA = 00000000
UVM_INFO axi4_lite_driver.sv(34) @ 26485: uvm_test_top.env.aa.drv [DRV] awaddr = d11ed338 wdata = 735d25a2 wstrb = d araddr = bd798828
UVM_INFO axi4_lite_scoreboard.sv(52) @ 26485: uvm_test_top.env.scb [BRESP] Matched : exp_bresp= 3 actual_bresp=3 write = 1 read = 0
UVM_INFO axi4_lite_subscriber.sv(40) @ 26525: uvm_test_top.env.sb [sb] INPUT COVERAGE = 100.00 %
UVM_INFO axi4_lite_inp_monitor.sv(44) @ 26525: uvm_test_top.env.aa.inp_mon [INPUT MONITOR]  WRITE awaddr=8ad8e958 wdata=d09b689f wstrb=1011 
UVM_INFO axi4_lite_out_monitor.sv(28) @ 26545: uvm_test_top.env.pa.out_mon [OUTPUT MONITOR] BRESP = 3 RRESP = 0 RDATA = 00000000
UVM_INFO axi4_lite_driver.sv(34) @ 26545: uvm_test_top.env.aa.drv [DRV] awaddr = 8ad8e958 wdata = d09b689f wstrb = b araddr = 9008bbe8
UVM_INFO axi4_lite_scoreboard.sv(52) @ 26545: uvm_test_top.env.scb [BRESP] Matched : exp_bresp= 3 actual_bresp=3 write = 1 read = 0
UVM_INFO axi4_lite_subscriber.sv(40) @ 26575: uvm_test_top.env.sb [sb] INPUT COVERAGE = 100.00 %
UVM_INFO axi4_lite_inp_monitor.sv(44) @ 26575: uvm_test_top.env.aa.inp_mon [INPUT MONITOR]  WRITE awaddr=00f62a74 wdata=071bbd41 wstrb=1011 
UVM_INFO axi4_lite_out_monitor.sv(28) @ 26595: uvm_test_top.env.pa.out_mon [OUTPUT MONITOR] BRESP = 3 RRESP = 0 RDATA = 00000000
UVM_INFO axi4_lite_driver.sv(34) @ 26595: uvm_test_top.env.aa.drv [DRV] awaddr = 00f62a74 wdata = 071bbd41 wstrb = b araddr = 4b2d3250
UVM_INFO axi4_lite_scoreboard.sv(52) @ 26595: uvm_test_top.env.scb [BRESP] Matched : exp_bresp= 3 actual_bresp=3 write = 1 read = 0
UVM_INFO axi4_lite_subscriber.sv(40) @ 26635: uvm_test_top.env.sb [sb] INPUT COVERAGE = 100.00 %
UVM_INFO axi4_lite_inp_monitor.sv(44) @ 26635: uvm_test_top.env.aa.inp_mon [INPUT MONITOR]  WRITE awaddr=31cb372c wdata=10297efa wstrb=0110 
UVM_INFO axi4_lite_out_monitor.sv(28) @ 26655: uvm_test_top.env.pa.out_mon [OUTPUT MONITOR] BRESP = 3 RRESP = 0 RDATA = 00000000
UVM_INFO axi4_lite_driver.sv(34) @ 26655: uvm_test_top.env.aa.drv [DRV] awaddr = 31cb372c wdata = 10297efa wstrb = 6 araddr = 30610998
UVM_INFO axi4_lite_scoreboard.sv(52) @ 26655: uvm_test_top.env.scb [BRESP] Matched : exp_bresp= 3 actual_bresp=3 write = 1 read = 0
UVM_INFO axi4_lite_subscriber.sv(40) @ 26685: uvm_test_top.env.sb [sb] INPUT COVERAGE = 100.00 %
UVM_INFO axi4_lite_inp_monitor.sv(44) @ 26685: uvm_test_top.env.aa.inp_mon [INPUT MONITOR]  WRITE awaddr=43a31fc8 wdata=a0cc2ead wstrb=0101 
UVM_INFO axi4_lite_out_monitor.sv(28) @ 26705: uvm_test_top.env.pa.out_mon [OUTPUT MONITOR] BRESP = 3 RRESP = 0 RDATA = 00000000
UVM_INFO axi4_lite_driver.sv(34) @ 26705: uvm_test_top.env.aa.drv [DRV] awaddr = 43a31fc8 wdata = a0cc2ead wstrb = 5 araddr = c22f4334
UVM_INFO axi4_lite_scoreboard.sv(52) @ 26705: uvm_test_top.env.scb [BRESP] Matched : exp_bresp= 3 actual_bresp=3 write = 1 read = 0
UVM_INFO axi4_lite_subscriber.sv(40) @ 26745: uvm_test_top.env.sb [sb] INPUT COVERAGE = 100.00 %
UVM_INFO axi4_lite_inp_monitor.sv(44) @ 26745: uvm_test_top.env.aa.inp_mon [INPUT MONITOR]  WRITE awaddr=60785f40 wdata=80d1a4f2 wstrb=0000 
UVM_INFO axi4_lite_out_monitor.sv(28) @ 26765: uvm_test_top.env.pa.out_mon [OUTPUT MONITOR] BRESP = 3 RRESP = 0 RDATA = 00000000
UVM_INFO axi4_lite_driver.sv(34) @ 26765: uvm_test_top.env.aa.drv [DRV] awaddr = 60785f40 wdata = 80d1a4f2 wstrb = 0 araddr = 4f8bd474
UVM_INFO axi4_lite_scoreboard.sv(52) @ 26765: uvm_test_top.env.scb [BRESP] Matched : exp_bresp= 3 actual_bresp=3 write = 1 read = 0
UVM_INFO axi4_lite_subscriber.sv(40) @ 26795: uvm_test_top.env.sb [sb] INPUT COVERAGE = 100.00 %
UVM_INFO axi4_lite_inp_monitor.sv(44) @ 26795: uvm_test_top.env.aa.inp_mon [INPUT MONITOR]  WRITE awaddr=a5fe7450 wdata=7bdcb9a1 wstrb=0000 
UVM_INFO axi4_lite_out_monitor.sv(28) @ 26815: uvm_test_top.env.pa.out_mon [OUTPUT MONITOR] BRESP = 3 RRESP = 0 RDATA = 00000000
UVM_INFO axi4_lite_driver.sv(34) @ 26815: uvm_test_top.env.aa.drv [DRV] awaddr = a5fe7450 wdata = 7bdcb9a1 wstrb = 0 araddr = 07fd2730
UVM_INFO axi4_lite_scoreboard.sv(52) @ 26815: uvm_test_top.env.scb [BRESP] Matched : exp_bresp= 3 actual_bresp=3 write = 1 read = 0
UVM_INFO axi4_lite_subscriber.sv(40) @ 26845: uvm_test_top.env.sb [sb] INPUT COVERAGE = 100.00 %
UVM_INFO axi4_lite_inp_monitor.sv(44) @ 26845: uvm_test_top.env.aa.inp_mon [INPUT MONITOR]  WRITE awaddr=89be47d8 wdata=0dc8b077 wstrb=0111 
UVM_INFO axi4_lite_out_monitor.sv(28) @ 26865: uvm_test_top.env.pa.out_mon [OUTPUT MONITOR] BRESP = 3 RRESP = 0 RDATA = 00000000
UVM_INFO axi4_lite_driver.sv(34) @ 26865: uvm_test_top.env.aa.drv [DRV] awaddr = 89be47d8 wdata = 0dc8b077 wstrb = 7 araddr = b0eed104
UVM_INFO axi4_lite_scoreboard.sv(52) @ 26865: uvm_test_top.env.scb [BRESP] Matched : exp_bresp= 3 actual_bresp=3 write = 1 read = 0
UVM_INFO axi4_lite_subscriber.sv(40) @ 26895: uvm_test_top.env.sb [sb] INPUT COVERAGE = 100.00 %
UVM_INFO axi4_lite_inp_monitor.sv(44) @ 26895: uvm_test_top.env.aa.inp_mon [INPUT MONITOR]  WRITE awaddr=c3b068a8 wdata=17eae8c0 wstrb=1100 
UVM_INFO axi4_lite_out_monitor.sv(28) @ 26915: uvm_test_top.env.pa.out_mon [OUTPUT MONITOR] BRESP = 3 RRESP = 0 RDATA = 00000000
UVM_INFO axi4_lite_driver.sv(34) @ 26915: uvm_test_top.env.aa.drv [DRV] awaddr = c3b068a8 wdata = 17eae8c0 wstrb = c araddr = 24e50b40
UVM_INFO axi4_lite_scoreboard.sv(52) @ 26915: uvm_test_top.env.scb [BRESP] Matched : exp_bresp= 3 actual_bresp=3 write = 1 read = 0
UVM_INFO axi4_lite_subscriber.sv(40) @ 26935: uvm_test_top.env.sb [sb] INPUT COVERAGE = 100.00 %
UVM_INFO axi4_lite_inp_monitor.sv(44) @ 26935: uvm_test_top.env.aa.inp_mon [INPUT MONITOR]  WRITE awaddr=783d8888 wdata=3bcf6af7 wstrb=1011 
UVM_INFO axi4_lite_out_monitor.sv(28) @ 26955: uvm_test_top.env.pa.out_mon [OUTPUT MONITOR] BRESP = 3 RRESP = 0 RDATA = 00000000
UVM_INFO axi4_lite_driver.sv(34) @ 26955: uvm_test_top.env.aa.drv [DRV] awaddr = 783d8888 wdata = 3bcf6af7 wstrb = b araddr = 49072aa4
UVM_INFO axi4_lite_scoreboard.sv(52) @ 26955: uvm_test_top.env.scb [BRESP] Matched : exp_bresp= 3 actual_bresp=3 write = 1 read = 0
UVM_INFO axi4_lite_subscriber.sv(40) @ 26995: uvm_test_top.env.sb [sb] INPUT COVERAGE = 100.00 %
UVM_INFO axi4_lite_inp_monitor.sv(44) @ 26995: uvm_test_top.env.aa.inp_mon [INPUT MONITOR]  WRITE awaddr=02c0d790 wdata=79df132e wstrb=1011 
UVM_INFO axi4_lite_out_monitor.sv(28) @ 27015: uvm_test_top.env.pa.out_mon [OUTPUT MONITOR] BRESP = 3 RRESP = 0 RDATA = 00000000
UVM_INFO axi4_lite_driver.sv(34) @ 27015: uvm_test_top.env.aa.drv [DRV] awaddr = 02c0d790 wdata = 79df132e wstrb = b araddr = f2813a4c
UVM_INFO axi4_lite_scoreboard.sv(52) @ 27015: uvm_test_top.env.scb [BRESP] Matched : exp_bresp= 3 actual_bresp=3 write = 1 read = 0
UVM_INFO axi4_lite_subscriber.sv(40) @ 27055: uvm_test_top.env.sb [sb] INPUT COVERAGE = 100.00 %
UVM_INFO axi4_lite_inp_monitor.sv(44) @ 27055: uvm_test_top.env.aa.inp_mon [INPUT MONITOR]  WRITE awaddr=37b0e3bc wdata=8b010622 wstrb=1000 
UVM_INFO axi4_lite_out_monitor.sv(28) @ 27075: uvm_test_top.env.pa.out_mon [OUTPUT MONITOR] BRESP = 3 RRESP = 0 RDATA = 00000000
UVM_INFO axi4_lite_driver.sv(34) @ 27075: uvm_test_top.env.aa.drv [DRV] awaddr = 37b0e3bc wdata = 8b010622 wstrb = 8 araddr = 474c9364
UVM_INFO axi4_lite_scoreboard.sv(52) @ 27075: uvm_test_top.env.scb [BRESP] Matched : exp_bresp= 3 actual_bresp=3 write = 1 read = 0
UVM_INFO axi4_lite_subscriber.sv(40) @ 27115: uvm_test_top.env.sb [sb] INPUT COVERAGE = 100.00 %
UVM_INFO axi4_lite_inp_monitor.sv(44) @ 27115: uvm_test_top.env.aa.inp_mon [INPUT MONITOR]  WRITE awaddr=a75d060c wdata=06b0f138 wstrb=0011 
UVM_INFO axi4_lite_out_monitor.sv(28) @ 27135: uvm_test_top.env.pa.out_mon [OUTPUT MONITOR] BRESP = 3 RRESP = 0 RDATA = 00000000
UVM_INFO axi4_lite_driver.sv(34) @ 27135: uvm_test_top.env.aa.drv [DRV] awaddr = a75d060c wdata = 06b0f138 wstrb = 3 araddr = e5169240
UVM_INFO axi4_lite_scoreboard.sv(52) @ 27135: uvm_test_top.env.scb [BRESP] Matched : exp_bresp= 3 actual_bresp=3 write = 1 read = 0
UVM_INFO axi4_lite_subscriber.sv(40) @ 27175: uvm_test_top.env.sb [sb] INPUT COVERAGE = 100.00 %
UVM_INFO axi4_lite_inp_monitor.sv(44) @ 27175: uvm_test_top.env.aa.inp_mon [INPUT MONITOR]  WRITE awaddr=8faa83fc wdata=64865264 wstrb=0101 
UVM_INFO axi4_lite_out_monitor.sv(28) @ 27195: uvm_test_top.env.pa.out_mon [OUTPUT MONITOR] BRESP = 3 RRESP = 0 RDATA = 00000000
UVM_INFO axi4_lite_driver.sv(34) @ 27195: uvm_test_top.env.aa.drv [DRV] awaddr = 8faa83fc wdata = 64865264 wstrb = 5 araddr = 98722260
UVM_INFO axi4_lite_scoreboard.sv(52) @ 27195: uvm_test_top.env.scb [BRESP] Matched : exp_bresp= 3 actual_bresp=3 write = 1 read = 0
UVM_INFO axi4_lite_subscriber.sv(40) @ 27225: uvm_test_top.env.sb [sb] INPUT COVERAGE = 100.00 %
UVM_INFO axi4_lite_inp_monitor.sv(44) @ 27225: uvm_test_top.env.aa.inp_mon [INPUT MONITOR]  WRITE awaddr=a2787f18 wdata=c6faa8cc wstrb=0010 
UVM_INFO axi4_lite_out_monitor.sv(28) @ 27245: uvm_test_top.env.pa.out_mon [OUTPUT MONITOR] BRESP = 3 RRESP = 0 RDATA = 00000000
UVM_INFO axi4_lite_driver.sv(34) @ 27245: uvm_test_top.env.aa.drv [DRV] awaddr = a2787f18 wdata = c6faa8cc wstrb = 2 araddr = d8092838
UVM_INFO axi4_lite_scoreboard.sv(52) @ 27245: uvm_test_top.env.scb [BRESP] Matched : exp_bresp= 3 actual_bresp=3 write = 1 read = 0
UVM_INFO axi4_lite_subscriber.sv(40) @ 27295: uvm_test_top.env.sb [sb] INPUT COVERAGE = 100.00 %
UVM_INFO axi4_lite_inp_monitor.sv(44) @ 27295: uvm_test_top.env.aa.inp_mon [INPUT MONITOR]  WRITE awaddr=a51f1af4 wdata=3708a868 wstrb=0000 
UVM_INFO axi4_lite_out_monitor.sv(28) @ 27315: uvm_test_top.env.pa.out_mon [OUTPUT MONITOR] BRESP = 3 RRESP = 0 RDATA = 00000000
UVM_INFO axi4_lite_driver.sv(34) @ 27315: uvm_test_top.env.aa.drv [DRV] awaddr = a51f1af4 wdata = 3708a868 wstrb = 0 araddr = 131986a8
UVM_INFO axi4_lite_scoreboard.sv(52) @ 27315: uvm_test_top.env.scb [BRESP] Matched : exp_bresp= 3 actual_bresp=3 write = 1 read = 0
UVM_INFO axi4_lite_subscriber.sv(40) @ 27365: uvm_test_top.env.sb [sb] INPUT COVERAGE = 100.00 %
UVM_INFO axi4_lite_inp_monitor.sv(44) @ 27365: uvm_test_top.env.aa.inp_mon [INPUT MONITOR]  WRITE awaddr=85a90c6c wdata=726c7b49 wstrb=1000 
UVM_INFO axi4_lite_out_monitor.sv(28) @ 27385: uvm_test_top.env.pa.out_mon [OUTPUT MONITOR] BRESP = 3 RRESP = 0 RDATA = 00000000
UVM_INFO axi4_lite_driver.sv(34) @ 27385: uvm_test_top.env.aa.drv [DRV] awaddr = 85a90c6c wdata = 726c7b49 wstrb = 8 araddr = dddb7db8
UVM_INFO axi4_lite_scoreboard.sv(52) @ 27385: uvm_test_top.env.scb [BRESP] Matched : exp_bresp= 3 actual_bresp=3 write = 1 read = 0
UVM_INFO axi4_lite_subscriber.sv(40) @ 27405: uvm_test_top.env.sb [sb] INPUT COVERAGE = 100.00 %
UVM_INFO axi4_lite_inp_monitor.sv(44) @ 27405: uvm_test_top.env.aa.inp_mon [INPUT MONITOR]  WRITE awaddr=0420e178 wdata=271b59b1 wstrb=0000 
UVM_INFO axi4_lite_out_monitor.sv(28) @ 27425: uvm_test_top.env.pa.out_mon [OUTPUT MONITOR] BRESP = 3 RRESP = 0 RDATA = 00000000
UVM_INFO axi4_lite_driver.sv(34) @ 27425: uvm_test_top.env.aa.drv [DRV] awaddr = 0420e178 wdata = 271b59b1 wstrb = 0 araddr = 85c2f90c
UVM_INFO axi4_lite_scoreboard.sv(52) @ 27425: uvm_test_top.env.scb [BRESP] Matched : exp_bresp= 3 actual_bresp=3 write = 1 read = 0
UVM_INFO axi4_lite_subscriber.sv(40) @ 27475: uvm_test_top.env.sb [sb] INPUT COVERAGE = 100.00 %
UVM_INFO axi4_lite_inp_monitor.sv(44) @ 27475: uvm_test_top.env.aa.inp_mon [INPUT MONITOR]  WRITE awaddr=a7452c30 wdata=29c32eb6 wstrb=0110 
UVM_INFO axi4_lite_out_monitor.sv(28) @ 27495: uvm_test_top.env.pa.out_mon [OUTPUT MONITOR] BRESP = 3 RRESP = 0 RDATA = 00000000
UVM_INFO axi4_lite_driver.sv(34) @ 27495: uvm_test_top.env.aa.drv [DRV] awaddr = a7452c30 wdata = 29c32eb6 wstrb = 6 araddr = 976c2880
UVM_INFO axi4_lite_scoreboard.sv(52) @ 27495: uvm_test_top.env.scb [BRESP] Matched : exp_bresp= 3 actual_bresp=3 write = 1 read = 0
UVM_INFO axi4_lite_subscriber.sv(40) @ 27545: uvm_test_top.env.sb [sb] INPUT COVERAGE = 100.00 %
UVM_INFO axi4_lite_inp_monitor.sv(44) @ 27545: uvm_test_top.env.aa.inp_mon [INPUT MONITOR]  WRITE awaddr=69595934 wdata=d599dfa6 wstrb=1101 
UVM_INFO axi4_lite_out_monitor.sv(28) @ 27565: uvm_test_top.env.pa.out_mon [OUTPUT MONITOR] BRESP = 3 RRESP = 0 RDATA = 00000000
UVM_INFO axi4_lite_driver.sv(34) @ 27565: uvm_test_top.env.aa.drv [DRV] awaddr = 69595934 wdata = d599dfa6 wstrb = d araddr = 16e5e974
UVM_INFO axi4_lite_scoreboard.sv(52) @ 27565: uvm_test_top.env.scb [BRESP] Matched : exp_bresp= 3 actual_bresp=3 write = 1 read = 0
UVM_INFO axi4_lite_subscriber.sv(40) @ 27605: uvm_test_top.env.sb [sb] INPUT COVERAGE = 100.00 %
UVM_INFO axi4_lite_inp_monitor.sv(44) @ 27605: uvm_test_top.env.aa.inp_mon [INPUT MONITOR]  WRITE awaddr=18085050 wdata=479d31ef wstrb=0000 
UVM_INFO axi4_lite_out_monitor.sv(28) @ 27625: uvm_test_top.env.pa.out_mon [OUTPUT MONITOR] BRESP = 3 RRESP = 0 RDATA = 00000000
UVM_INFO axi4_lite_driver.sv(34) @ 27625: uvm_test_top.env.aa.drv [DRV] awaddr = 18085050 wdata = 479d31ef wstrb = 0 araddr = 21dabf2c
UVM_INFO axi4_lite_scoreboard.sv(52) @ 27625: uvm_test_top.env.scb [BRESP] Matched : exp_bresp= 3 actual_bresp=3 write = 1 read = 0
UVM_INFO axi4_lite_subscriber.sv(40) @ 27665: uvm_test_top.env.sb [sb] INPUT COVERAGE = 100.00 %
UVM_INFO axi4_lite_inp_monitor.sv(44) @ 27665: uvm_test_top.env.aa.inp_mon [INPUT MONITOR]  WRITE awaddr=c0999558 wdata=9e7d07aa wstrb=1000 
UVM_INFO axi4_lite_out_monitor.sv(28) @ 27685: uvm_test_top.env.pa.out_mon [OUTPUT MONITOR] BRESP = 3 RRESP = 0 RDATA = 00000000
UVM_INFO axi4_lite_driver.sv(34) @ 27685: uvm_test_top.env.aa.drv [DRV] awaddr = c0999558 wdata = 9e7d07aa wstrb = 8 araddr = 82a1292c
UVM_INFO axi4_lite_scoreboard.sv(52) @ 27685: uvm_test_top.env.scb [BRESP] Matched : exp_bresp= 3 actual_bresp=3 write = 1 read = 0
UVM_INFO axi4_lite_subscriber.sv(40) @ 27725: uvm_test_top.env.sb [sb] INPUT COVERAGE = 100.00 %
UVM_INFO axi4_lite_inp_monitor.sv(44) @ 27725: uvm_test_top.env.aa.inp_mon [INPUT MONITOR]  WRITE awaddr=e58c517c wdata=1a39323f wstrb=1000 
UVM_INFO axi4_lite_out_monitor.sv(28) @ 27745: uvm_test_top.env.pa.out_mon [OUTPUT MONITOR] BRESP = 3 RRESP = 0 RDATA = 00000000
UVM_INFO axi4_lite_driver.sv(34) @ 27745: uvm_test_top.env.aa.drv [DRV] awaddr = e58c517c wdata = 1a39323f wstrb = 8 araddr = 85dacfac
UVM_INFO axi4_lite_scoreboard.sv(52) @ 27745: uvm_test_top.env.scb [BRESP] Matched : exp_bresp= 3 actual_bresp=3 write = 1 read = 0
UVM_INFO axi4_lite_subscriber.sv(40) @ 27785: uvm_test_top.env.sb [sb] INPUT COVERAGE = 100.00 %
UVM_INFO axi4_lite_inp_monitor.sv(44) @ 27785: uvm_test_top.env.aa.inp_mon [INPUT MONITOR]  WRITE awaddr=f92ce9a4 wdata=157a6348 wstrb=1100 
UVM_INFO axi4_lite_out_monitor.sv(28) @ 27805: uvm_test_top.env.pa.out_mon [OUTPUT MONITOR] BRESP = 3 RRESP = 0 RDATA = 00000000
UVM_INFO axi4_lite_driver.sv(34) @ 27805: uvm_test_top.env.aa.drv [DRV] awaddr = f92ce9a4 wdata = 157a6348 wstrb = c araddr = 72f5f544
UVM_INFO axi4_lite_scoreboard.sv(52) @ 27805: uvm_test_top.env.scb [BRESP] Matched : exp_bresp= 3 actual_bresp=3 write = 1 read = 0
UVM_INFO axi4_lite_subscriber.sv(40) @ 27835: uvm_test_top.env.sb [sb] INPUT COVERAGE = 100.00 %
UVM_INFO axi4_lite_inp_monitor.sv(44) @ 27835: uvm_test_top.env.aa.inp_mon [INPUT MONITOR]  WRITE awaddr=7706d224 wdata=03efc574 wstrb=0000 
UVM_INFO axi4_lite_out_monitor.sv(28) @ 27855: uvm_test_top.env.pa.out_mon [OUTPUT MONITOR] BRESP = 3 RRESP = 0 RDATA = 00000000
UVM_INFO axi4_lite_driver.sv(34) @ 27855: uvm_test_top.env.aa.drv [DRV] awaddr = 7706d224 wdata = 03efc574 wstrb = 0 araddr = a7fba154
UVM_INFO axi4_lite_scoreboard.sv(52) @ 27855: uvm_test_top.env.scb [BRESP] Matched : exp_bresp= 3 actual_bresp=3 write = 1 read = 0
UVM_INFO axi4_lite_subscriber.sv(40) @ 27895: uvm_test_top.env.sb [sb] INPUT COVERAGE = 100.00 %
UVM_INFO axi4_lite_inp_monitor.sv(44) @ 27895: uvm_test_top.env.aa.inp_mon [INPUT MONITOR]  WRITE awaddr=0543d64c wdata=e1c896b8 wstrb=0011 
UVM_INFO axi4_lite_out_monitor.sv(28) @ 27915: uvm_test_top.env.pa.out_mon [OUTPUT MONITOR] BRESP = 3 RRESP = 0 RDATA = 00000000
UVM_INFO axi4_lite_driver.sv(34) @ 27915: uvm_test_top.env.aa.drv [DRV] awaddr = 0543d64c wdata = e1c896b8 wstrb = 3 araddr = 759ef268
UVM_INFO axi4_lite_scoreboard.sv(52) @ 27915: uvm_test_top.env.scb [BRESP] Matched : exp_bresp= 3 actual_bresp=3 write = 1 read = 0
UVM_INFO axi4_lite_subscriber.sv(40) @ 27965: uvm_test_top.env.sb [sb] INPUT COVERAGE = 100.00 %
UVM_INFO axi4_lite_inp_monitor.sv(44) @ 27965: uvm_test_top.env.aa.inp_mon [INPUT MONITOR]  WRITE awaddr=fe1d91a0 wdata=0829bafb wstrb=0111 
UVM_INFO axi4_lite_out_monitor.sv(28) @ 27985: uvm_test_top.env.pa.out_mon [OUTPUT MONITOR] BRESP = 3 RRESP = 0 RDATA = 00000000
UVM_INFO axi4_lite_driver.sv(34) @ 27985: uvm_test_top.env.aa.drv [DRV] awaddr = fe1d91a0 wdata = 0829bafb wstrb = 7 araddr = 1ceb7ddc
UVM_INFO axi4_lite_scoreboard.sv(52) @ 27985: uvm_test_top.env.scb [BRESP] Matched : exp_bresp= 3 actual_bresp=3 write = 1 read = 0
UVM_INFO axi4_lite_subscriber.sv(40) @ 28015: uvm_test_top.env.sb [sb] INPUT COVERAGE = 100.00 %
UVM_INFO axi4_lite_inp_monitor.sv(44) @ 28015: uvm_test_top.env.aa.inp_mon [INPUT MONITOR]  WRITE awaddr=e3a4d8cc wdata=bf5f773e wstrb=0011 
UVM_INFO axi4_lite_out_monitor.sv(28) @ 28035: uvm_test_top.env.pa.out_mon [OUTPUT MONITOR] BRESP = 3 RRESP = 0 RDATA = 00000000
UVM_INFO axi4_lite_driver.sv(34) @ 28035: uvm_test_top.env.aa.drv [DRV] awaddr = e3a4d8cc wdata = bf5f773e wstrb = 3 araddr = 6c8c8070
UVM_INFO axi4_lite_scoreboard.sv(52) @ 28035: uvm_test_top.env.scb [BRESP] Matched : exp_bresp= 3 actual_bresp=3 write = 1 read = 0
UVM_INFO axi4_lite_subscriber.sv(40) @ 28065: uvm_test_top.env.sb [sb] INPUT COVERAGE = 100.00 %
UVM_INFO axi4_lite_inp_monitor.sv(44) @ 28065: uvm_test_top.env.aa.inp_mon [INPUT MONITOR]  WRITE awaddr=14e28db8 wdata=5e2fa3cb wstrb=1100 
UVM_INFO axi4_lite_out_monitor.sv(28) @ 28085: uvm_test_top.env.pa.out_mon [OUTPUT MONITOR] BRESP = 3 RRESP = 0 RDATA = 00000000
UVM_INFO axi4_lite_driver.sv(34) @ 28085: uvm_test_top.env.aa.drv [DRV] awaddr = 14e28db8 wdata = 5e2fa3cb wstrb = c araddr = ece6c184
UVM_INFO axi4_lite_scoreboard.sv(52) @ 28085: uvm_test_top.env.scb [BRESP] Matched : exp_bresp= 3 actual_bresp=3 write = 1 read = 0
UVM_INFO axi4_lite_subscriber.sv(40) @ 28125: uvm_test_top.env.sb [sb] INPUT COVERAGE = 100.00 %
UVM_INFO axi4_lite_inp_monitor.sv(44) @ 28125: uvm_test_top.env.aa.inp_mon [INPUT MONITOR]  WRITE awaddr=2311d8b8 wdata=37b1da58 wstrb=1000 
UVM_INFO axi4_lite_out_monitor.sv(28) @ 28145: uvm_test_top.env.pa.out_mon [OUTPUT MONITOR] BRESP = 3 RRESP = 0 RDATA = 00000000
UVM_INFO axi4_lite_driver.sv(34) @ 28145: uvm_test_top.env.aa.drv [DRV] awaddr = 2311d8b8 wdata = 37b1da58 wstrb = 8 araddr = a6e50ea4
UVM_INFO axi4_lite_scoreboard.sv(52) @ 28145: uvm_test_top.env.scb [BRESP] Matched : exp_bresp= 3 actual_bresp=3 write = 1 read = 0
UVM_INFO axi4_lite_subscriber.sv(40) @ 28185: uvm_test_top.env.sb [sb] INPUT COVERAGE = 100.00 %
UVM_INFO axi4_lite_inp_monitor.sv(44) @ 28185: uvm_test_top.env.aa.inp_mon [INPUT MONITOR]  WRITE awaddr=a065bf34 wdata=aa119233 wstrb=1011 
UVM_INFO axi4_lite_out_monitor.sv(28) @ 28205: uvm_test_top.env.pa.out_mon [OUTPUT MONITOR] BRESP = 3 RRESP = 0 RDATA = 00000000
UVM_INFO axi4_lite_driver.sv(34) @ 28205: uvm_test_top.env.aa.drv [DRV] awaddr = a065bf34 wdata = aa119233 wstrb = b araddr = 79469f0c
UVM_INFO axi4_lite_scoreboard.sv(52) @ 28205: uvm_test_top.env.scb [BRESP] Matched : exp_bresp= 3 actual_bresp=3 write = 1 read = 0
UVM_INFO axi4_lite_subscriber.sv(40) @ 28235: uvm_test_top.env.sb [sb] INPUT COVERAGE = 100.00 %
UVM_INFO axi4_lite_inp_monitor.sv(44) @ 28235: uvm_test_top.env.aa.inp_mon [INPUT MONITOR]  WRITE awaddr=f9868b10 wdata=fe9f8325 wstrb=0011 
UVM_INFO axi4_lite_out_monitor.sv(28) @ 28255: uvm_test_top.env.pa.out_mon [OUTPUT MONITOR] BRESP = 3 RRESP = 0 RDATA = 00000000
UVM_INFO axi4_lite_driver.sv(34) @ 28255: uvm_test_top.env.aa.drv [DRV] awaddr = f9868b10 wdata = fe9f8325 wstrb = 3 araddr = 5cae8798
UVM_INFO axi4_lite_scoreboard.sv(52) @ 28255: uvm_test_top.env.scb [BRESP] Matched : exp_bresp= 3 actual_bresp=3 write = 1 read = 0
UVM_INFO axi4_lite_subscriber.sv(40) @ 28305: uvm_test_top.env.sb [sb] INPUT COVERAGE = 100.00 %
UVM_INFO axi4_lite_inp_monitor.sv(44) @ 28305: uvm_test_top.env.aa.inp_mon [INPUT MONITOR]  WRITE awaddr=35b401b8 wdata=0a84e525 wstrb=1010 
UVM_INFO axi4_lite_out_monitor.sv(28) @ 28325: uvm_test_top.env.pa.out_mon [OUTPUT MONITOR] BRESP = 3 RRESP = 0 RDATA = 00000000
UVM_INFO axi4_lite_driver.sv(34) @ 28325: uvm_test_top.env.aa.drv [DRV] awaddr = 35b401b8 wdata = 0a84e525 wstrb = a araddr = c4ee2160
UVM_INFO axi4_lite_scoreboard.sv(52) @ 28325: uvm_test_top.env.scb [BRESP] Matched : exp_bresp= 3 actual_bresp=3 write = 1 read = 0
UVM_INFO axi4_lite_subscriber.sv(40) @ 28345: uvm_test_top.env.sb [sb] INPUT COVERAGE = 100.00 %
UVM_INFO axi4_lite_inp_monitor.sv(44) @ 28345: uvm_test_top.env.aa.inp_mon [INPUT MONITOR]  WRITE awaddr=8caf2790 wdata=7ae75ee8 wstrb=1101 
UVM_INFO axi4_lite_out_monitor.sv(28) @ 28365: uvm_test_top.env.pa.out_mon [OUTPUT MONITOR] BRESP = 3 RRESP = 0 RDATA = 00000000
UVM_INFO axi4_lite_driver.sv(34) @ 28365: uvm_test_top.env.aa.drv [DRV] awaddr = 8caf2790 wdata = 7ae75ee8 wstrb = d araddr = a957965c
UVM_INFO axi4_lite_scoreboard.sv(52) @ 28365: uvm_test_top.env.scb [BRESP] Matched : exp_bresp= 3 actual_bresp=3 write = 1 read = 0
UVM_INFO axi4_lite_subscriber.sv(40) @ 28385: uvm_test_top.env.sb [sb] INPUT COVERAGE = 100.00 %
UVM_INFO axi4_lite_inp_monitor.sv(44) @ 28385: uvm_test_top.env.aa.inp_mon [INPUT MONITOR]  WRITE awaddr=493c2970 wdata=e40563f9 wstrb=1010 
UVM_INFO axi4_lite_out_monitor.sv(28) @ 28405: uvm_test_top.env.pa.out_mon [OUTPUT MONITOR] BRESP = 3 RRESP = 0 RDATA = 00000000
UVM_INFO axi4_lite_driver.sv(34) @ 28405: uvm_test_top.env.aa.drv [DRV] awaddr = 493c2970 wdata = e40563f9 wstrb = a araddr = e58d7c24
UVM_INFO axi4_lite_scoreboard.sv(52) @ 28405: uvm_test_top.env.scb [BRESP] Matched : exp_bresp= 3 actual_bresp=3 write = 1 read = 0
UVM_INFO axi4_lite_subscriber.sv(40) @ 28445: uvm_test_top.env.sb [sb] INPUT COVERAGE = 100.00 %
UVM_INFO axi4_lite_inp_monitor.sv(44) @ 28445: uvm_test_top.env.aa.inp_mon [INPUT MONITOR]  WRITE awaddr=b7bae298 wdata=fe624594 wstrb=1100 
UVM_INFO axi4_lite_out_monitor.sv(28) @ 28465: uvm_test_top.env.pa.out_mon [OUTPUT MONITOR] BRESP = 3 RRESP = 0 RDATA = 00000000
UVM_INFO axi4_lite_driver.sv(34) @ 28465: uvm_test_top.env.aa.drv [DRV] awaddr = b7bae298 wdata = fe624594 wstrb = c araddr = 294840e0
UVM_INFO axi4_lite_scoreboard.sv(52) @ 28465: uvm_test_top.env.scb [BRESP] Matched : exp_bresp= 3 actual_bresp=3 write = 1 read = 0
UVM_INFO axi4_lite_subscriber.sv(40) @ 28495: uvm_test_top.env.sb [sb] INPUT COVERAGE = 100.00 %
UVM_INFO axi4_lite_inp_monitor.sv(44) @ 28495: uvm_test_top.env.aa.inp_mon [INPUT MONITOR]  WRITE awaddr=9b935810 wdata=de85b11f wstrb=1111 
UVM_INFO axi4_lite_out_monitor.sv(28) @ 28515: uvm_test_top.env.pa.out_mon [OUTPUT MONITOR] BRESP = 3 RRESP = 0 RDATA = 00000000
UVM_INFO axi4_lite_driver.sv(34) @ 28515: uvm_test_top.env.aa.drv [DRV] awaddr = 9b935810 wdata = de85b11f wstrb = f araddr = a9d38124
UVM_INFO axi4_lite_scoreboard.sv(52) @ 28515: uvm_test_top.env.scb [BRESP] Matched : exp_bresp= 3 actual_bresp=3 write = 1 read = 0
UVM_INFO axi4_lite_subscriber.sv(40) @ 28545: uvm_test_top.env.sb [sb] INPUT COVERAGE = 100.00 %
UVM_INFO axi4_lite_inp_monitor.sv(44) @ 28545: uvm_test_top.env.aa.inp_mon [INPUT MONITOR]  WRITE awaddr=20e0f44c wdata=4d41daba wstrb=0000 
UVM_INFO axi4_lite_out_monitor.sv(28) @ 28565: uvm_test_top.env.pa.out_mon [OUTPUT MONITOR] BRESP = 3 RRESP = 0 RDATA = 00000000
UVM_INFO axi4_lite_driver.sv(34) @ 28565: uvm_test_top.env.aa.drv [DRV] awaddr = 20e0f44c wdata = 4d41daba wstrb = 0 araddr = 64fe7054
UVM_INFO axi4_lite_scoreboard.sv(52) @ 28565: uvm_test_top.env.scb [BRESP] Matched : exp_bresp= 3 actual_bresp=3 write = 1 read = 0
UVM_INFO axi4_lite_subscriber.sv(40) @ 28595: uvm_test_top.env.sb [sb] INPUT COVERAGE = 100.00 %
UVM_INFO axi4_lite_inp_monitor.sv(44) @ 28595: uvm_test_top.env.aa.inp_mon [INPUT MONITOR]  WRITE awaddr=2ca9a274 wdata=b4563a27 wstrb=1101 
UVM_INFO axi4_lite_out_monitor.sv(28) @ 28615: uvm_test_top.env.pa.out_mon [OUTPUT MONITOR] BRESP = 3 RRESP = 0 RDATA = 00000000
UVM_INFO axi4_lite_driver.sv(34) @ 28615: uvm_test_top.env.aa.drv [DRV] awaddr = 2ca9a274 wdata = b4563a27 wstrb = d araddr = e848d61c
UVM_INFO axi4_lite_scoreboard.sv(52) @ 28615: uvm_test_top.env.scb [BRESP] Matched : exp_bresp= 3 actual_bresp=3 write = 1 read = 0
UVM_INFO axi4_lite_subscriber.sv(40) @ 28665: uvm_test_top.env.sb [sb] INPUT COVERAGE = 100.00 %
UVM_INFO axi4_lite_inp_monitor.sv(44) @ 28665: uvm_test_top.env.aa.inp_mon [INPUT MONITOR]  WRITE awaddr=4970d878 wdata=c1f35480 wstrb=1001 
UVM_INFO axi4_lite_out_monitor.sv(28) @ 28685: uvm_test_top.env.pa.out_mon [OUTPUT MONITOR] BRESP = 3 RRESP = 0 RDATA = 00000000
UVM_INFO axi4_lite_driver.sv(34) @ 28685: uvm_test_top.env.aa.drv [DRV] awaddr = 4970d878 wdata = c1f35480 wstrb = 9 araddr = e6a0c0a0
UVM_INFO axi4_lite_scoreboard.sv(52) @ 28685: uvm_test_top.env.scb [BRESP] Matched : exp_bresp= 3 actual_bresp=3 write = 1 read = 0
UVM_INFO axi4_lite_subscriber.sv(40) @ 28725: uvm_test_top.env.sb [sb] INPUT COVERAGE = 100.00 %
UVM_INFO axi4_lite_inp_monitor.sv(44) @ 28725: uvm_test_top.env.aa.inp_mon [INPUT MONITOR]  WRITE awaddr=5bae5630 wdata=0c3ddbc7 wstrb=1110 
UVM_INFO axi4_lite_out_monitor.sv(28) @ 28745: uvm_test_top.env.pa.out_mon [OUTPUT MONITOR] BRESP = 3 RRESP = 0 RDATA = 00000000
UVM_INFO axi4_lite_driver.sv(34) @ 28745: uvm_test_top.env.aa.drv [DRV] awaddr = 5bae5630 wdata = 0c3ddbc7 wstrb = e araddr = b6ce6358
UVM_INFO axi4_lite_scoreboard.sv(52) @ 28745: uvm_test_top.env.scb [BRESP] Matched : exp_bresp= 3 actual_bresp=3 write = 1 read = 0
UVM_INFO axi4_lite_subscriber.sv(40) @ 28795: uvm_test_top.env.sb [sb] INPUT COVERAGE = 100.00 %
UVM_INFO axi4_lite_inp_monitor.sv(44) @ 28795: uvm_test_top.env.aa.inp_mon [INPUT MONITOR]  WRITE awaddr=11cfc118 wdata=b4ea8bfd wstrb=1001 
UVM_INFO axi4_lite_out_monitor.sv(28) @ 28815: uvm_test_top.env.pa.out_mon [OUTPUT MONITOR] BRESP = 3 RRESP = 0 RDATA = 00000000
UVM_INFO axi4_lite_driver.sv(34) @ 28815: uvm_test_top.env.aa.drv [DRV] awaddr = 11cfc118 wdata = b4ea8bfd wstrb = 9 araddr = dc4570b0
UVM_INFO axi4_lite_scoreboard.sv(52) @ 28815: uvm_test_top.env.scb [BRESP] Matched : exp_bresp= 3 actual_bresp=3 write = 1 read = 0
UVM_INFO axi4_lite_subscriber.sv(40) @ 28835: uvm_test_top.env.sb [sb] INPUT COVERAGE = 100.00 %
UVM_INFO axi4_lite_inp_monitor.sv(44) @ 28835: uvm_test_top.env.aa.inp_mon [INPUT MONITOR]  WRITE awaddr=3b473e40 wdata=94b7ff08 wstrb=1011 
UVM_INFO axi4_lite_out_monitor.sv(28) @ 28855: uvm_test_top.env.pa.out_mon [OUTPUT MONITOR] BRESP = 3 RRESP = 0 RDATA = 00000000
UVM_INFO axi4_lite_driver.sv(34) @ 28855: uvm_test_top.env.aa.drv [DRV] awaddr = 3b473e40 wdata = 94b7ff08 wstrb = b araddr = dc0cf170
UVM_INFO axi4_lite_scoreboard.sv(52) @ 28855: uvm_test_top.env.scb [BRESP] Matched : exp_bresp= 3 actual_bresp=3 write = 1 read = 0
UVM_INFO axi4_lite_subscriber.sv(40) @ 28895: uvm_test_top.env.sb [sb] INPUT COVERAGE = 100.00 %
UVM_INFO axi4_lite_inp_monitor.sv(44) @ 28895: uvm_test_top.env.aa.inp_mon [INPUT MONITOR]  WRITE awaddr=f1945ef8 wdata=26558f3e wstrb=0010 
UVM_INFO axi4_lite_out_monitor.sv(28) @ 28915: uvm_test_top.env.pa.out_mon [OUTPUT MONITOR] BRESP = 3 RRESP = 0 RDATA = 00000000
UVM_INFO axi4_lite_driver.sv(34) @ 28915: uvm_test_top.env.aa.drv [DRV] awaddr = f1945ef8 wdata = 26558f3e wstrb = 2 araddr = 9356d828
UVM_INFO axi4_lite_scoreboard.sv(52) @ 28915: uvm_test_top.env.scb [BRESP] Matched : exp_bresp= 3 actual_bresp=3 write = 1 read = 0
UVM_INFO axi4_lite_subscriber.sv(40) @ 28935: uvm_test_top.env.sb [sb] INPUT COVERAGE = 100.00 %
UVM_INFO axi4_lite_inp_monitor.sv(44) @ 28935: uvm_test_top.env.aa.inp_mon [INPUT MONITOR]  WRITE awaddr=7f21a9b0 wdata=25742c49 wstrb=1100 
UVM_INFO axi4_lite_out_monitor.sv(28) @ 28955: uvm_test_top.env.pa.out_mon [OUTPUT MONITOR] BRESP = 3 RRESP = 0 RDATA = 00000000
UVM_INFO axi4_lite_driver.sv(34) @ 28955: uvm_test_top.env.aa.drv [DRV] awaddr = 7f21a9b0 wdata = 25742c49 wstrb = c araddr = db3bd174
UVM_INFO axi4_lite_scoreboard.sv(52) @ 28955: uvm_test_top.env.scb [BRESP] Matched : exp_bresp= 3 actual_bresp=3 write = 1 read = 0
UVM_INFO axi4_lite_subscriber.sv(40) @ 29005: uvm_test_top.env.sb [sb] INPUT COVERAGE = 100.00 %
UVM_INFO axi4_lite_inp_monitor.sv(44) @ 29005: uvm_test_top.env.aa.inp_mon [INPUT MONITOR]  WRITE awaddr=b826dc84 wdata=7727f455 wstrb=1011 
UVM_INFO axi4_lite_out_monitor.sv(28) @ 29025: uvm_test_top.env.pa.out_mon [OUTPUT MONITOR] BRESP = 3 RRESP = 0 RDATA = 00000000
UVM_INFO axi4_lite_driver.sv(34) @ 29025: uvm_test_top.env.aa.drv [DRV] awaddr = b826dc84 wdata = 7727f455 wstrb = b araddr = 52772440
UVM_INFO axi4_lite_scoreboard.sv(52) @ 29025: uvm_test_top.env.scb [BRESP] Matched : exp_bresp= 3 actual_bresp=3 write = 1 read = 0
UVM_INFO axi4_lite_subscriber.sv(40) @ 29065: uvm_test_top.env.sb [sb] INPUT COVERAGE = 100.00 %
UVM_INFO axi4_lite_inp_monitor.sv(44) @ 29065: uvm_test_top.env.aa.inp_mon [INPUT MONITOR]  WRITE awaddr=cda3a178 wdata=dd53de2e wstrb=1110 
UVM_INFO axi4_lite_out_monitor.sv(28) @ 29085: uvm_test_top.env.pa.out_mon [OUTPUT MONITOR] BRESP = 3 RRESP = 0 RDATA = 00000000
UVM_INFO axi4_lite_driver.sv(34) @ 29085: uvm_test_top.env.aa.drv [DRV] awaddr = cda3a178 wdata = dd53de2e wstrb = e araddr = 1630601c
UVM_INFO axi4_lite_scoreboard.sv(52) @ 29085: uvm_test_top.env.scb [BRESP] Matched : exp_bresp= 3 actual_bresp=3 write = 1 read = 0
UVM_INFO axi4_lite_subscriber.sv(40) @ 29125: uvm_test_top.env.sb [sb] INPUT COVERAGE = 100.00 %
UVM_INFO axi4_lite_inp_monitor.sv(44) @ 29125: uvm_test_top.env.aa.inp_mon [INPUT MONITOR]  WRITE awaddr=7d6d4ffc wdata=f913d609 wstrb=0100 
UVM_INFO axi4_lite_out_monitor.sv(28) @ 29145: uvm_test_top.env.pa.out_mon [OUTPUT MONITOR] BRESP = 3 RRESP = 0 RDATA = 00000000
UVM_INFO axi4_lite_driver.sv(34) @ 29145: uvm_test_top.env.aa.drv [DRV] awaddr = 7d6d4ffc wdata = f913d609 wstrb = 4 araddr = 515191cc
UVM_INFO axi4_lite_scoreboard.sv(52) @ 29145: uvm_test_top.env.scb [BRESP] Matched : exp_bresp= 3 actual_bresp=3 write = 1 read = 0
UVM_INFO axi4_lite_subscriber.sv(40) @ 29195: uvm_test_top.env.sb [sb] INPUT COVERAGE = 100.00 %
UVM_INFO axi4_lite_inp_monitor.sv(44) @ 29195: uvm_test_top.env.aa.inp_mon [INPUT MONITOR]  WRITE awaddr=d4f14b0c wdata=fd690751 wstrb=0111 
UVM_INFO axi4_lite_out_monitor.sv(28) @ 29215: uvm_test_top.env.pa.out_mon [OUTPUT MONITOR] BRESP = 3 RRESP = 0 RDATA = 00000000
UVM_INFO axi4_lite_driver.sv(34) @ 29215: uvm_test_top.env.aa.drv [DRV] awaddr = d4f14b0c wdata = fd690751 wstrb = 7 araddr = cc5bb0c4
UVM_INFO axi4_lite_scoreboard.sv(52) @ 29215: uvm_test_top.env.scb [BRESP] Matched : exp_bresp= 3 actual_bresp=3 write = 1 read = 0
UVM_INFO axi4_lite_subscriber.sv(40) @ 29235: uvm_test_top.env.sb [sb] INPUT COVERAGE = 100.00 %
UVM_INFO axi4_lite_inp_monitor.sv(44) @ 29235: uvm_test_top.env.aa.inp_mon [INPUT MONITOR]  WRITE awaddr=9f9f5148 wdata=f63b1ca1 wstrb=0101 
UVM_INFO axi4_lite_out_monitor.sv(28) @ 29255: uvm_test_top.env.pa.out_mon [OUTPUT MONITOR] BRESP = 3 RRESP = 0 RDATA = 00000000
UVM_INFO axi4_lite_driver.sv(34) @ 29255: uvm_test_top.env.aa.drv [DRV] awaddr = 9f9f5148 wdata = f63b1ca1 wstrb = 5 araddr = f475a938
UVM_INFO axi4_lite_scoreboard.sv(52) @ 29255: uvm_test_top.env.scb [BRESP] Matched : exp_bresp= 3 actual_bresp=3 write = 1 read = 0
UVM_INFO axi4_lite_subscriber.sv(40) @ 29285: uvm_test_top.env.sb [sb] INPUT COVERAGE = 100.00 %
UVM_INFO axi4_lite_inp_monitor.sv(44) @ 29285: uvm_test_top.env.aa.inp_mon [INPUT MONITOR]  WRITE awaddr=ba5bea1c wdata=3696ad3b wstrb=0100 
UVM_INFO axi4_lite_out_monitor.sv(28) @ 29305: uvm_test_top.env.pa.out_mon [OUTPUT MONITOR] BRESP = 3 RRESP = 0 RDATA = 00000000
UVM_INFO axi4_lite_driver.sv(34) @ 29305: uvm_test_top.env.aa.drv [DRV] awaddr = ba5bea1c wdata = 3696ad3b wstrb = 4 araddr = 82a3db9c
UVM_INFO axi4_lite_scoreboard.sv(52) @ 29305: uvm_test_top.env.scb [BRESP] Matched : exp_bresp= 3 actual_bresp=3 write = 1 read = 0
UVM_INFO axi4_lite_subscriber.sv(40) @ 29345: uvm_test_top.env.sb [sb] INPUT COVERAGE = 100.00 %
UVM_INFO axi4_lite_inp_monitor.sv(44) @ 29345: uvm_test_top.env.aa.inp_mon [INPUT MONITOR]  WRITE awaddr=748a0104 wdata=fad77426 wstrb=1101 
UVM_INFO axi4_lite_out_monitor.sv(28) @ 29365: uvm_test_top.env.pa.out_mon [OUTPUT MONITOR] BRESP = 3 RRESP = 0 RDATA = 00000000
UVM_INFO axi4_lite_driver.sv(34) @ 29365: uvm_test_top.env.aa.drv [DRV] awaddr = 748a0104 wdata = fad77426 wstrb = d araddr = bb1c9050
UVM_INFO axi4_lite_scoreboard.sv(52) @ 29365: uvm_test_top.env.scb [BRESP] Matched : exp_bresp= 3 actual_bresp=3 write = 1 read = 0
UVM_INFO axi4_lite_subscriber.sv(40) @ 29415: uvm_test_top.env.sb [sb] INPUT COVERAGE = 100.00 %
UVM_INFO axi4_lite_inp_monitor.sv(44) @ 29415: uvm_test_top.env.aa.inp_mon [INPUT MONITOR]  WRITE awaddr=9264225c wdata=c259c76d wstrb=0001 
UVM_INFO axi4_lite_out_monitor.sv(28) @ 29435: uvm_test_top.env.pa.out_mon [OUTPUT MONITOR] BRESP = 3 RRESP = 0 RDATA = 00000000
UVM_INFO axi4_lite_driver.sv(34) @ 29435: uvm_test_top.env.aa.drv [DRV] awaddr = 9264225c wdata = c259c76d wstrb = 1 araddr = 2a20c32c
UVM_INFO axi4_lite_scoreboard.sv(52) @ 29435: uvm_test_top.env.scb [BRESP] Matched : exp_bresp= 3 actual_bresp=3 write = 1 read = 0
UVM_INFO axi4_lite_subscriber.sv(40) @ 29475: uvm_test_top.env.sb [sb] INPUT COVERAGE = 100.00 %
UVM_INFO axi4_lite_inp_monitor.sv(44) @ 29475: uvm_test_top.env.aa.inp_mon [INPUT MONITOR]  WRITE awaddr=21d7a83c wdata=22d86438 wstrb=0000 
UVM_INFO axi4_lite_out_monitor.sv(28) @ 29495: uvm_test_top.env.pa.out_mon [OUTPUT MONITOR] BRESP = 3 RRESP = 0 RDATA = 00000000
UVM_INFO axi4_lite_driver.sv(34) @ 29495: uvm_test_top.env.aa.drv [DRV] awaddr = 21d7a83c wdata = 22d86438 wstrb = 0 araddr = 82a619ec
UVM_INFO axi4_lite_scoreboard.sv(52) @ 29495: uvm_test_top.env.scb [BRESP] Matched : exp_bresp= 3 actual_bresp=3 write = 1 read = 0
UVM_INFO axi4_lite_subscriber.sv(40) @ 29545: uvm_test_top.env.sb [sb] INPUT COVERAGE = 100.00 %
UVM_INFO axi4_lite_inp_monitor.sv(44) @ 29545: uvm_test_top.env.aa.inp_mon [INPUT MONITOR]  WRITE awaddr=d6233178 wdata=ad1279d9 wstrb=1110 
UVM_INFO axi4_lite_out_monitor.sv(28) @ 29565: uvm_test_top.env.pa.out_mon [OUTPUT MONITOR] BRESP = 3 RRESP = 0 RDATA = 00000000
UVM_INFO axi4_lite_driver.sv(34) @ 29565: uvm_test_top.env.aa.drv [DRV] awaddr = d6233178 wdata = ad1279d9 wstrb = e araddr = 4e17aa34
UVM_INFO axi4_lite_scoreboard.sv(52) @ 29565: uvm_test_top.env.scb [BRESP] Matched : exp_bresp= 3 actual_bresp=3 write = 1 read = 0
UVM_INFO axi4_lite_subscriber.sv(40) @ 29595: uvm_test_top.env.sb [sb] INPUT COVERAGE = 100.00 %
UVM_INFO axi4_lite_inp_monitor.sv(44) @ 29595: uvm_test_top.env.aa.inp_mon [INPUT MONITOR]  WRITE awaddr=656caa40 wdata=a365ca91 wstrb=0110 
UVM_INFO axi4_lite_out_monitor.sv(28) @ 29615: uvm_test_top.env.pa.out_mon [OUTPUT MONITOR] BRESP = 3 RRESP = 0 RDATA = 00000000
UVM_INFO axi4_lite_driver.sv(34) @ 29615: uvm_test_top.env.aa.drv [DRV] awaddr = 656caa40 wdata = a365ca91 wstrb = 6 araddr = 53c6c780
UVM_INFO axi4_lite_scoreboard.sv(52) @ 29615: uvm_test_top.env.scb [BRESP] Matched : exp_bresp= 3 actual_bresp=3 write = 1 read = 0
UVM_INFO axi4_lite_subscriber.sv(40) @ 29635: uvm_test_top.env.sb [sb] INPUT COVERAGE = 100.00 %
UVM_INFO axi4_lite_inp_monitor.sv(44) @ 29635: uvm_test_top.env.aa.inp_mon [INPUT MONITOR]  WRITE awaddr=a47d67e8 wdata=e1e68edd wstrb=0010 
UVM_INFO axi4_lite_out_monitor.sv(28) @ 29655: uvm_test_top.env.pa.out_mon [OUTPUT MONITOR] BRESP = 3 RRESP = 0 RDATA = 00000000
UVM_INFO axi4_lite_driver.sv(34) @ 29655: uvm_test_top.env.aa.drv [DRV] awaddr = a47d67e8 wdata = e1e68edd wstrb = 2 araddr = 3f3a6108
UVM_INFO axi4_lite_scoreboard.sv(52) @ 29655: uvm_test_top.env.scb [BRESP] Matched : exp_bresp= 3 actual_bresp=3 write = 1 read = 0
UVM_INFO axi4_lite_subscriber.sv(40) @ 29695: uvm_test_top.env.sb [sb] INPUT COVERAGE = 100.00 %
UVM_INFO axi4_lite_inp_monitor.sv(44) @ 29695: uvm_test_top.env.aa.inp_mon [INPUT MONITOR]  WRITE awaddr=2ea7e728 wdata=8783a907 wstrb=0101 
UVM_INFO axi4_lite_out_monitor.sv(28) @ 29715: uvm_test_top.env.pa.out_mon [OUTPUT MONITOR] BRESP = 3 RRESP = 0 RDATA = 00000000
UVM_INFO axi4_lite_driver.sv(34) @ 29715: uvm_test_top.env.aa.drv [DRV] awaddr = 2ea7e728 wdata = 8783a907 wstrb = 5 araddr = d0f2aa14
UVM_INFO axi4_lite_scoreboard.sv(52) @ 29715: uvm_test_top.env.scb [BRESP] Matched : exp_bresp= 3 actual_bresp=3 write = 1 read = 0
UVM_INFO axi4_lite_subscriber.sv(40) @ 29745: uvm_test_top.env.sb [sb] INPUT COVERAGE = 100.00 %
UVM_INFO axi4_lite_inp_monitor.sv(44) @ 29745: uvm_test_top.env.aa.inp_mon [INPUT MONITOR]  WRITE awaddr=e0b2d76c wdata=3c8e0ff4 wstrb=0100 
UVM_INFO axi4_lite_out_monitor.sv(28) @ 29765: uvm_test_top.env.pa.out_mon [OUTPUT MONITOR] BRESP = 3 RRESP = 0 RDATA = 00000000
UVM_INFO axi4_lite_driver.sv(34) @ 29765: uvm_test_top.env.aa.drv [DRV] awaddr = e0b2d76c wdata = 3c8e0ff4 wstrb = 4 araddr = 16cfb540
UVM_INFO axi4_lite_scoreboard.sv(52) @ 29765: uvm_test_top.env.scb [BRESP] Matched : exp_bresp= 3 actual_bresp=3 write = 1 read = 0
UVM_INFO axi4_lite_subscriber.sv(40) @ 29795: uvm_test_top.env.sb [sb] INPUT COVERAGE = 100.00 %
UVM_INFO axi4_lite_inp_monitor.sv(44) @ 29795: uvm_test_top.env.aa.inp_mon [INPUT MONITOR]  WRITE awaddr=f174cbd8 wdata=0f835d24 wstrb=0001 
UVM_INFO axi4_lite_out_monitor.sv(28) @ 29815: uvm_test_top.env.pa.out_mon [OUTPUT MONITOR] BRESP = 3 RRESP = 0 RDATA = 00000000
UVM_INFO axi4_lite_driver.sv(34) @ 29815: uvm_test_top.env.aa.drv [DRV] awaddr = f174cbd8 wdata = 0f835d24 wstrb = 1 araddr = b3f9df48
UVM_INFO axi4_lite_scoreboard.sv(52) @ 29815: uvm_test_top.env.scb [BRESP] Matched : exp_bresp= 3 actual_bresp=3 write = 1 read = 0
UVM_INFO axi4_lite_subscriber.sv(40) @ 29865: uvm_test_top.env.sb [sb] INPUT COVERAGE = 100.00 %
UVM_INFO axi4_lite_inp_monitor.sv(44) @ 29865: uvm_test_top.env.aa.inp_mon [INPUT MONITOR]  WRITE awaddr=343faf00 wdata=c018ef12 wstrb=1101 
UVM_INFO axi4_lite_out_monitor.sv(28) @ 29885: uvm_test_top.env.pa.out_mon [OUTPUT MONITOR] BRESP = 3 RRESP = 0 RDATA = 00000000
UVM_INFO axi4_lite_driver.sv(34) @ 29885: uvm_test_top.env.aa.drv [DRV] awaddr = 343faf00 wdata = c018ef12 wstrb = d araddr = 9c087158
UVM_INFO axi4_lite_scoreboard.sv(52) @ 29885: uvm_test_top.env.scb [BRESP] Matched : exp_bresp= 3 actual_bresp=3 write = 1 read = 0
UVM_INFO axi4_lite_subscriber.sv(40) @ 29935: uvm_test_top.env.sb [sb] INPUT COVERAGE = 100.00 %
UVM_INFO axi4_lite_inp_monitor.sv(44) @ 29935: uvm_test_top.env.aa.inp_mon [INPUT MONITOR]  WRITE awaddr=4e549ebc wdata=ad34bb2f wstrb=0101 
UVM_INFO axi4_lite_out_monitor.sv(28) @ 29955: uvm_test_top.env.pa.out_mon [OUTPUT MONITOR] BRESP = 3 RRESP = 0 RDATA = 00000000
UVM_INFO axi4_lite_driver.sv(34) @ 29955: uvm_test_top.env.aa.drv [DRV] awaddr = 4e549ebc wdata = ad34bb2f wstrb = 5 araddr = febd68e4
UVM_INFO axi4_lite_scoreboard.sv(52) @ 29955: uvm_test_top.env.scb [BRESP] Matched : exp_bresp= 3 actual_bresp=3 write = 1 read = 0
UVM_INFO axi4_lite_subscriber.sv(40) @ 29975: uvm_test_top.env.sb [sb] INPUT COVERAGE = 100.00 %
UVM_INFO axi4_lite_inp_monitor.sv(44) @ 29975: uvm_test_top.env.aa.inp_mon [INPUT MONITOR]  WRITE awaddr=6a089598 wdata=59546d25 wstrb=1011 
UVM_INFO axi4_lite_out_monitor.sv(28) @ 29995: uvm_test_top.env.pa.out_mon [OUTPUT MONITOR] BRESP = 3 RRESP = 0 RDATA = 00000000
UVM_INFO axi4_lite_driver.sv(34) @ 29995: uvm_test_top.env.aa.drv [DRV] awaddr = 6a089598 wdata = 59546d25 wstrb = b araddr = b266fdcc
UVM_INFO axi4_lite_scoreboard.sv(52) @ 29995: uvm_test_top.env.scb [BRESP] Matched : exp_bresp= 3 actual_bresp=3 write = 1 read = 0
UVM_INFO axi4_lite_subscriber.sv(40) @ 30035: uvm_test_top.env.sb [sb] INPUT COVERAGE = 100.00 %
UVM_INFO axi4_lite_inp_monitor.sv(44) @ 30035: uvm_test_top.env.aa.inp_mon [INPUT MONITOR]  WRITE awaddr=d4619a10 wdata=6559a1dc wstrb=0110 
UVM_INFO axi4_lite_out_monitor.sv(28) @ 30055: uvm_test_top.env.pa.out_mon [OUTPUT MONITOR] BRESP = 3 RRESP = 0 RDATA = 00000000
UVM_INFO axi4_lite_driver.sv(34) @ 30055: uvm_test_top.env.aa.drv [DRV] awaddr = d4619a10 wdata = 6559a1dc wstrb = 6 araddr = b7b75994
UVM_INFO axi4_lite_scoreboard.sv(52) @ 30055: uvm_test_top.env.scb [BRESP] Matched : exp_bresp= 3 actual_bresp=3 write = 1 read = 0
UVM_INFO axi4_lite_subscriber.sv(40) @ 30085: uvm_test_top.env.sb [sb] INPUT COVERAGE = 100.00 %
UVM_INFO axi4_lite_inp_monitor.sv(44) @ 30085: uvm_test_top.env.aa.inp_mon [INPUT MONITOR]  WRITE awaddr=965716bc wdata=41032da5 wstrb=1001 
UVM_INFO axi4_lite_out_monitor.sv(28) @ 30105: uvm_test_top.env.pa.out_mon [OUTPUT MONITOR] BRESP = 3 RRESP = 0 RDATA = 00000000
UVM_INFO axi4_lite_driver.sv(34) @ 30105: uvm_test_top.env.aa.drv [DRV] awaddr = 965716bc wdata = 41032da5 wstrb = 9 araddr = bc299484
UVM_INFO axi4_lite_scoreboard.sv(52) @ 30105: uvm_test_top.env.scb [BRESP] Matched : exp_bresp= 3 actual_bresp=3 write = 1 read = 0
UVM_INFO axi4_lite_subscriber.sv(40) @ 30155: uvm_test_top.env.sb [sb] INPUT COVERAGE = 100.00 %
UVM_INFO axi4_lite_inp_monitor.sv(44) @ 30155: uvm_test_top.env.aa.inp_mon [INPUT MONITOR]  WRITE awaddr=eaed4fc4 wdata=a9dc0ce5 wstrb=0011 
UVM_INFO axi4_lite_out_monitor.sv(28) @ 30175: uvm_test_top.env.pa.out_mon [OUTPUT MONITOR] BRESP = 3 RRESP = 0 RDATA = 00000000
UVM_INFO axi4_lite_driver.sv(34) @ 30175: uvm_test_top.env.aa.drv [DRV] awaddr = eaed4fc4 wdata = a9dc0ce5 wstrb = 3 araddr = 5d97e5e0
UVM_INFO axi4_lite_scoreboard.sv(52) @ 30175: uvm_test_top.env.scb [BRESP] Matched : exp_bresp= 3 actual_bresp=3 write = 1 read = 0
UVM_INFO axi4_lite_subscriber.sv(40) @ 30225: uvm_test_top.env.sb [sb] INPUT COVERAGE = 100.00 %
UVM_INFO axi4_lite_inp_monitor.sv(44) @ 30225: uvm_test_top.env.aa.inp_mon [INPUT MONITOR]  WRITE awaddr=7be67a4c wdata=883252ba wstrb=1110 
UVM_INFO axi4_lite_out_monitor.sv(28) @ 30245: uvm_test_top.env.pa.out_mon [OUTPUT MONITOR] BRESP = 3 RRESP = 0 RDATA = 00000000
UVM_INFO axi4_lite_driver.sv(34) @ 30245: uvm_test_top.env.aa.drv [DRV] awaddr = 7be67a4c wdata = 883252ba wstrb = e araddr = 799a3ed8
UVM_INFO axi4_lite_scoreboard.sv(52) @ 30245: uvm_test_top.env.scb [BRESP] Matched : exp_bresp= 3 actual_bresp=3 write = 1 read = 0
UVM_INFO axi4_lite_subscriber.sv(40) @ 30285: uvm_test_top.env.sb [sb] INPUT COVERAGE = 100.00 %
UVM_INFO axi4_lite_inp_monitor.sv(44) @ 30285: uvm_test_top.env.aa.inp_mon [INPUT MONITOR]  WRITE awaddr=7830ffa0 wdata=aa95727f wstrb=0001 
UVM_INFO axi4_lite_out_monitor.sv(28) @ 30305: uvm_test_top.env.pa.out_mon [OUTPUT MONITOR] BRESP = 3 RRESP = 0 RDATA = 00000000
UVM_INFO axi4_lite_driver.sv(34) @ 30305: uvm_test_top.env.aa.drv [DRV] awaddr = 7830ffa0 wdata = aa95727f wstrb = 1 araddr = f6abeb04
UVM_INFO axi4_lite_scoreboard.sv(52) @ 30305: uvm_test_top.env.scb [BRESP] Matched : exp_bresp= 3 actual_bresp=3 write = 1 read = 0
UVM_INFO axi4_lite_subscriber.sv(40) @ 30345: uvm_test_top.env.sb [sb] INPUT COVERAGE = 100.00 %
UVM_INFO axi4_lite_inp_monitor.sv(44) @ 30345: uvm_test_top.env.aa.inp_mon [INPUT MONITOR]  WRITE awaddr=2507c488 wdata=428bd2d7 wstrb=1100 
UVM_INFO axi4_lite_out_monitor.sv(28) @ 30365: uvm_test_top.env.pa.out_mon [OUTPUT MONITOR] BRESP = 3 RRESP = 0 RDATA = 00000000
UVM_INFO axi4_lite_driver.sv(34) @ 30365: uvm_test_top.env.aa.drv [DRV] awaddr = 2507c488 wdata = 428bd2d7 wstrb = c araddr = 0b787af0
UVM_INFO axi4_lite_scoreboard.sv(52) @ 30365: uvm_test_top.env.scb [BRESP] Matched : exp_bresp= 3 actual_bresp=3 write = 1 read = 0
UVM_INFO axi4_lite_subscriber.sv(40) @ 30395: uvm_test_top.env.sb [sb] INPUT COVERAGE = 100.00 %
UVM_INFO axi4_lite_inp_monitor.sv(44) @ 30395: uvm_test_top.env.aa.inp_mon [INPUT MONITOR]  WRITE awaddr=44d55fe0 wdata=6acb1197 wstrb=1101 
UVM_INFO axi4_lite_out_monitor.sv(28) @ 30415: uvm_test_top.env.pa.out_mon [OUTPUT MONITOR] BRESP = 3 RRESP = 0 RDATA = 00000000
UVM_INFO axi4_lite_driver.sv(34) @ 30415: uvm_test_top.env.aa.drv [DRV] awaddr = 44d55fe0 wdata = 6acb1197 wstrb = d araddr = 3e1c5ae8
UVM_INFO axi4_lite_scoreboard.sv(52) @ 30415: uvm_test_top.env.scb [BRESP] Matched : exp_bresp= 3 actual_bresp=3 write = 1 read = 0
UVM_INFO axi4_lite_subscriber.sv(40) @ 30465: uvm_test_top.env.sb [sb] INPUT COVERAGE = 100.00 %
UVM_INFO axi4_lite_inp_monitor.sv(44) @ 30465: uvm_test_top.env.aa.inp_mon [INPUT MONITOR]  WRITE awaddr=8fd1f9a4 wdata=f9ecd84c wstrb=1000 
UVM_INFO axi4_lite_out_monitor.sv(28) @ 30485: uvm_test_top.env.pa.out_mon [OUTPUT MONITOR] BRESP = 3 RRESP = 0 RDATA = 00000000
UVM_INFO axi4_lite_driver.sv(34) @ 30485: uvm_test_top.env.aa.drv [DRV] awaddr = 8fd1f9a4 wdata = f9ecd84c wstrb = 8 araddr = ce3a0e50
UVM_INFO axi4_lite_scoreboard.sv(52) @ 30485: uvm_test_top.env.scb [BRESP] Matched : exp_bresp= 3 actual_bresp=3 write = 1 read = 0
UVM_INFO axi4_lite_subscriber.sv(40) @ 30515: uvm_test_top.env.sb [sb] INPUT COVERAGE = 100.00 %
UVM_INFO axi4_lite_inp_monitor.sv(44) @ 30515: uvm_test_top.env.aa.inp_mon [INPUT MONITOR]  WRITE awaddr=8a6bdf3c wdata=481a2b27 wstrb=0011 
UVM_INFO axi4_lite_out_monitor.sv(28) @ 30535: uvm_test_top.env.pa.out_mon [OUTPUT MONITOR] BRESP = 3 RRESP = 0 RDATA = 00000000
UVM_INFO axi4_lite_driver.sv(34) @ 30535: uvm_test_top.env.aa.drv [DRV] awaddr = 8a6bdf3c wdata = 481a2b27 wstrb = 3 araddr = 15c37c88
UVM_INFO axi4_lite_scoreboard.sv(52) @ 30535: uvm_test_top.env.scb [BRESP] Matched : exp_bresp= 3 actual_bresp=3 write = 1 read = 0
UVM_INFO axi4_lite_subscriber.sv(40) @ 30575: uvm_test_top.env.sb [sb] INPUT COVERAGE = 100.00 %
UVM_INFO axi4_lite_inp_monitor.sv(44) @ 30575: uvm_test_top.env.aa.inp_mon [INPUT MONITOR]  WRITE awaddr=7b4a0de8 wdata=df0bed1c wstrb=0000 
UVM_INFO axi4_lite_out_monitor.sv(28) @ 30595: uvm_test_top.env.pa.out_mon [OUTPUT MONITOR] BRESP = 3 RRESP = 0 RDATA = 00000000
UVM_INFO axi4_lite_driver.sv(34) @ 30595: uvm_test_top.env.aa.drv [DRV] awaddr = 7b4a0de8 wdata = df0bed1c wstrb = 0 araddr = 3b078478
UVM_INFO axi4_lite_scoreboard.sv(52) @ 30595: uvm_test_top.env.scb [BRESP] Matched : exp_bresp= 3 actual_bresp=3 write = 1 read = 0
UVM_INFO axi4_lite_subscriber.sv(40) @ 30615: uvm_test_top.env.sb [sb] INPUT COVERAGE = 100.00 %
UVM_INFO axi4_lite_inp_monitor.sv(44) @ 30615: uvm_test_top.env.aa.inp_mon [INPUT MONITOR]  WRITE awaddr=77fb8820 wdata=5f788672 wstrb=0100 
UVM_INFO axi4_lite_out_monitor.sv(28) @ 30635: uvm_test_top.env.pa.out_mon [OUTPUT MONITOR] BRESP = 3 RRESP = 0 RDATA = 00000000
UVM_INFO axi4_lite_driver.sv(34) @ 30635: uvm_test_top.env.aa.drv [DRV] awaddr = 77fb8820 wdata = 5f788672 wstrb = 4 araddr = 8701d6a4
UVM_INFO axi4_lite_scoreboard.sv(52) @ 30635: uvm_test_top.env.scb [BRESP] Matched : exp_bresp= 3 actual_bresp=3 write = 1 read = 0
UVM_INFO axi4_lite_subscriber.sv(40) @ 30665: uvm_test_top.env.sb [sb] INPUT COVERAGE = 100.00 %
UVM_INFO axi4_lite_inp_monitor.sv(44) @ 30665: uvm_test_top.env.aa.inp_mon [INPUT MONITOR]  WRITE awaddr=53b11e08 wdata=bec4857e wstrb=0000 
UVM_INFO axi4_lite_out_monitor.sv(28) @ 30685: uvm_test_top.env.pa.out_mon [OUTPUT MONITOR] BRESP = 3 RRESP = 0 RDATA = 00000000
UVM_INFO axi4_lite_driver.sv(34) @ 30685: uvm_test_top.env.aa.drv [DRV] awaddr = 53b11e08 wdata = bec4857e wstrb = 0 araddr = 145d7074
UVM_INFO axi4_lite_scoreboard.sv(52) @ 30685: uvm_test_top.env.scb [BRESP] Matched : exp_bresp= 3 actual_bresp=3 write = 1 read = 0
UVM_INFO axi4_lite_subscriber.sv(40) @ 30725: uvm_test_top.env.sb [sb] INPUT COVERAGE = 100.00 %
UVM_INFO axi4_lite_inp_monitor.sv(44) @ 30725: uvm_test_top.env.aa.inp_mon [INPUT MONITOR]  WRITE awaddr=d8cb3254 wdata=06266a6e wstrb=0011 
UVM_INFO axi4_lite_out_monitor.sv(28) @ 30745: uvm_test_top.env.pa.out_mon [OUTPUT MONITOR] BRESP = 3 RRESP = 0 RDATA = 00000000
UVM_INFO axi4_lite_driver.sv(34) @ 30745: uvm_test_top.env.aa.drv [DRV] awaddr = d8cb3254 wdata = 06266a6e wstrb = 3 araddr = cd0dced8
UVM_INFO axi4_lite_scoreboard.sv(52) @ 30745: uvm_test_top.env.scb [BRESP] Matched : exp_bresp= 3 actual_bresp=3 write = 1 read = 0
UVM_INFO axi4_lite_subscriber.sv(40) @ 30795: uvm_test_top.env.sb [sb] INPUT COVERAGE = 100.00 %
UVM_INFO axi4_lite_inp_monitor.sv(44) @ 30795: uvm_test_top.env.aa.inp_mon [INPUT MONITOR]  WRITE awaddr=3ceec9a0 wdata=7184b822 wstrb=1010 
UVM_INFO axi4_lite_out_monitor.sv(28) @ 30815: uvm_test_top.env.pa.out_mon [OUTPUT MONITOR] BRESP = 3 RRESP = 0 RDATA = 00000000
UVM_INFO axi4_lite_driver.sv(34) @ 30815: uvm_test_top.env.aa.drv [DRV] awaddr = 3ceec9a0 wdata = 7184b822 wstrb = a araddr = 877ec074
UVM_INFO axi4_lite_scoreboard.sv(52) @ 30815: uvm_test_top.env.scb [BRESP] Matched : exp_bresp= 3 actual_bresp=3 write = 1 read = 0
UVM_INFO axi4_lite_subscriber.sv(40) @ 30865: uvm_test_top.env.sb [sb] INPUT COVERAGE = 100.00 %
UVM_INFO axi4_lite_inp_monitor.sv(44) @ 30865: uvm_test_top.env.aa.inp_mon [INPUT MONITOR]  WRITE awaddr=808db4b8 wdata=3b1ea57b wstrb=1111 
UVM_INFO axi4_lite_out_monitor.sv(28) @ 30885: uvm_test_top.env.pa.out_mon [OUTPUT MONITOR] BRESP = 3 RRESP = 0 RDATA = 00000000
UVM_INFO axi4_lite_driver.sv(34) @ 30885: uvm_test_top.env.aa.drv [DRV] awaddr = 808db4b8 wdata = 3b1ea57b wstrb = f araddr = 90ef4dac
UVM_INFO axi4_lite_scoreboard.sv(52) @ 30885: uvm_test_top.env.scb [BRESP] Matched : exp_bresp= 3 actual_bresp=3 write = 1 read = 0
UVM_INFO axi4_lite_subscriber.sv(40) @ 30925: uvm_test_top.env.sb [sb] INPUT COVERAGE = 100.00 %
UVM_INFO axi4_lite_inp_monitor.sv(44) @ 30925: uvm_test_top.env.aa.inp_mon [INPUT MONITOR]  WRITE awaddr=91cb3d98 wdata=5eb1e47e wstrb=1100 
UVM_INFO axi4_lite_out_monitor.sv(28) @ 30945: uvm_test_top.env.pa.out_mon [OUTPUT MONITOR] BRESP = 3 RRESP = 0 RDATA = 00000000
UVM_INFO axi4_lite_driver.sv(34) @ 30945: uvm_test_top.env.aa.drv [DRV] awaddr = 91cb3d98 wdata = 5eb1e47e wstrb = c araddr = cb013f8c
UVM_INFO axi4_lite_scoreboard.sv(52) @ 30945: uvm_test_top.env.scb [BRESP] Matched : exp_bresp= 3 actual_bresp=3 write = 1 read = 0
UVM_INFO axi4_lite_subscriber.sv(40) @ 30985: uvm_test_top.env.sb [sb] INPUT COVERAGE = 100.00 %
UVM_INFO axi4_lite_inp_monitor.sv(44) @ 30985: uvm_test_top.env.aa.inp_mon [INPUT MONITOR]  WRITE awaddr=1db36a54 wdata=9a9e6517 wstrb=1100 
UVM_INFO axi4_lite_out_monitor.sv(28) @ 31005: uvm_test_top.env.pa.out_mon [OUTPUT MONITOR] BRESP = 3 RRESP = 0 RDATA = 00000000
UVM_INFO axi4_lite_driver.sv(34) @ 31005: uvm_test_top.env.aa.drv [DRV] awaddr = 1db36a54 wdata = 9a9e6517 wstrb = c araddr = c2f55828
UVM_INFO axi4_lite_scoreboard.sv(52) @ 31005: uvm_test_top.env.scb [BRESP] Matched : exp_bresp= 3 actual_bresp=3 write = 1 read = 0
UVM_INFO axi4_lite_subscriber.sv(40) @ 31045: uvm_test_top.env.sb [sb] INPUT COVERAGE = 100.00 %
UVM_INFO axi4_lite_inp_monitor.sv(44) @ 31045: uvm_test_top.env.aa.inp_mon [INPUT MONITOR]  WRITE awaddr=8c973328 wdata=8c92059b wstrb=1001 
UVM_INFO axi4_lite_out_monitor.sv(28) @ 31065: uvm_test_top.env.pa.out_mon [OUTPUT MONITOR] BRESP = 3 RRESP = 0 RDATA = 00000000
UVM_INFO axi4_lite_driver.sv(34) @ 31065: uvm_test_top.env.aa.drv [DRV] awaddr = 8c973328 wdata = 8c92059b wstrb = 9 araddr = 350ec100
UVM_INFO axi4_lite_scoreboard.sv(52) @ 31065: uvm_test_top.env.scb [BRESP] Matched : exp_bresp= 3 actual_bresp=3 write = 1 read = 0
UVM_INFO axi4_lite_subscriber.sv(40) @ 31095: uvm_test_top.env.sb [sb] INPUT COVERAGE = 100.00 %
UVM_INFO axi4_lite_inp_monitor.sv(44) @ 31095: uvm_test_top.env.aa.inp_mon [INPUT MONITOR]  WRITE awaddr=9113193c wdata=f28a3f51 wstrb=0110 
UVM_INFO axi4_lite_out_monitor.sv(28) @ 31115: uvm_test_top.env.pa.out_mon [OUTPUT MONITOR] BRESP = 3 RRESP = 0 RDATA = 00000000
UVM_INFO axi4_lite_driver.sv(34) @ 31115: uvm_test_top.env.aa.drv [DRV] awaddr = 9113193c wdata = f28a3f51 wstrb = 6 araddr = 3db21adc
UVM_INFO axi4_lite_scoreboard.sv(52) @ 31115: uvm_test_top.env.scb [BRESP] Matched : exp_bresp= 3 actual_bresp=3 write = 1 read = 0
UVM_INFO axi4_lite_subscriber.sv(40) @ 31155: uvm_test_top.env.sb [sb] INPUT COVERAGE = 100.00 %
UVM_INFO axi4_lite_inp_monitor.sv(44) @ 31155: uvm_test_top.env.aa.inp_mon [INPUT MONITOR]  WRITE awaddr=24f63504 wdata=9eff9724 wstrb=0000 
UVM_INFO axi4_lite_out_monitor.sv(28) @ 31175: uvm_test_top.env.pa.out_mon [OUTPUT MONITOR] BRESP = 3 RRESP = 0 RDATA = 00000000
UVM_INFO axi4_lite_driver.sv(34) @ 31175: uvm_test_top.env.aa.drv [DRV] awaddr = 24f63504 wdata = 9eff9724 wstrb = 0 araddr = 1dc9a76c
UVM_INFO axi4_lite_scoreboard.sv(52) @ 31175: uvm_test_top.env.scb [BRESP] Matched : exp_bresp= 3 actual_bresp=3 write = 1 read = 0
UVM_INFO axi4_lite_subscriber.sv(40) @ 31195: uvm_test_top.env.sb [sb] INPUT COVERAGE = 100.00 %
UVM_INFO axi4_lite_inp_monitor.sv(44) @ 31195: uvm_test_top.env.aa.inp_mon [INPUT MONITOR]  WRITE awaddr=a1398850 wdata=73c42289 wstrb=0111 
UVM_INFO axi4_lite_out_monitor.sv(28) @ 31215: uvm_test_top.env.pa.out_mon [OUTPUT MONITOR] BRESP = 3 RRESP = 0 RDATA = 00000000
UVM_INFO axi4_lite_driver.sv(34) @ 31215: uvm_test_top.env.aa.drv [DRV] awaddr = a1398850 wdata = 73c42289 wstrb = 7 araddr = 12ae7e1c
UVM_INFO axi4_lite_scoreboard.sv(52) @ 31215: uvm_test_top.env.scb [BRESP] Matched : exp_bresp= 3 actual_bresp=3 write = 1 read = 0
UVM_INFO axi4_lite_subscriber.sv(40) @ 31255: uvm_test_top.env.sb [sb] INPUT COVERAGE = 100.00 %
UVM_INFO axi4_lite_inp_monitor.sv(44) @ 31255: uvm_test_top.env.aa.inp_mon [INPUT MONITOR]  WRITE awaddr=6a7ef628 wdata=7cfe4d92 wstrb=1010 
UVM_INFO axi4_lite_out_monitor.sv(28) @ 31275: uvm_test_top.env.pa.out_mon [OUTPUT MONITOR] BRESP = 3 RRESP = 0 RDATA = 00000000
UVM_INFO axi4_lite_driver.sv(34) @ 31275: uvm_test_top.env.aa.drv [DRV] awaddr = 6a7ef628 wdata = 7cfe4d92 wstrb = a araddr = f88f4e6c
UVM_INFO axi4_lite_scoreboard.sv(52) @ 31275: uvm_test_top.env.scb [BRESP] Matched : exp_bresp= 3 actual_bresp=3 write = 1 read = 0
UVM_INFO axi4_lite_subscriber.sv(40) @ 31315: uvm_test_top.env.sb [sb] INPUT COVERAGE = 100.00 %
UVM_INFO axi4_lite_inp_monitor.sv(44) @ 31315: uvm_test_top.env.aa.inp_mon [INPUT MONITOR]  WRITE awaddr=74b5889c wdata=0f9fa175 wstrb=0011 
UVM_INFO axi4_lite_out_monitor.sv(28) @ 31335: uvm_test_top.env.pa.out_mon [OUTPUT MONITOR] BRESP = 3 RRESP = 0 RDATA = 00000000
UVM_INFO axi4_lite_driver.sv(34) @ 31335: uvm_test_top.env.aa.drv [DRV] awaddr = 74b5889c wdata = 0f9fa175 wstrb = 3 araddr = aa9fd6b8
UVM_INFO axi4_lite_scoreboard.sv(52) @ 31335: uvm_test_top.env.scb [BRESP] Matched : exp_bresp= 3 actual_bresp=3 write = 1 read = 0
UVM_INFO axi4_lite_subscriber.sv(40) @ 31375: uvm_test_top.env.sb [sb] INPUT COVERAGE = 100.00 %
UVM_INFO axi4_lite_inp_monitor.sv(44) @ 31375: uvm_test_top.env.aa.inp_mon [INPUT MONITOR]  WRITE awaddr=fefbf620 wdata=ad6e5cbe wstrb=0000 
UVM_INFO axi4_lite_out_monitor.sv(28) @ 31395: uvm_test_top.env.pa.out_mon [OUTPUT MONITOR] BRESP = 3 RRESP = 0 RDATA = 00000000
UVM_INFO axi4_lite_driver.sv(34) @ 31395: uvm_test_top.env.aa.drv [DRV] awaddr = fefbf620 wdata = ad6e5cbe wstrb = 0 araddr = 6aa023c4
UVM_INFO axi4_lite_scoreboard.sv(52) @ 31395: uvm_test_top.env.scb [BRESP] Matched : exp_bresp= 3 actual_bresp=3 write = 1 read = 0
UVM_INFO axi4_lite_subscriber.sv(40) @ 31445: uvm_test_top.env.sb [sb] INPUT COVERAGE = 100.00 %
UVM_INFO axi4_lite_inp_monitor.sv(44) @ 31445: uvm_test_top.env.aa.inp_mon [INPUT MONITOR]  WRITE awaddr=0d908a3c wdata=f9f4e0bb wstrb=1111 
UVM_INFO axi4_lite_out_monitor.sv(28) @ 31465: uvm_test_top.env.pa.out_mon [OUTPUT MONITOR] BRESP = 3 RRESP = 0 RDATA = 00000000
UVM_INFO axi4_lite_driver.sv(34) @ 31465: uvm_test_top.env.aa.drv [DRV] awaddr = 0d908a3c wdata = f9f4e0bb wstrb = f araddr = 09d49b48
UVM_INFO axi4_lite_scoreboard.sv(52) @ 31465: uvm_test_top.env.scb [BRESP] Matched : exp_bresp= 3 actual_bresp=3 write = 1 read = 0
UVM_INFO axi4_lite_subscriber.sv(40) @ 31515: uvm_test_top.env.sb [sb] INPUT COVERAGE = 100.00 %
UVM_INFO axi4_lite_inp_monitor.sv(44) @ 31515: uvm_test_top.env.aa.inp_mon [INPUT MONITOR]  WRITE awaddr=a5d578bc wdata=8cb49d1e wstrb=1001 
UVM_INFO axi4_lite_out_monitor.sv(28) @ 31535: uvm_test_top.env.pa.out_mon [OUTPUT MONITOR] BRESP = 3 RRESP = 0 RDATA = 00000000
UVM_INFO axi4_lite_driver.sv(34) @ 31535: uvm_test_top.env.aa.drv [DRV] awaddr = a5d578bc wdata = 8cb49d1e wstrb = 9 araddr = 13111994
UVM_INFO axi4_lite_scoreboard.sv(52) @ 31535: uvm_test_top.env.scb [BRESP] Matched : exp_bresp= 3 actual_bresp=3 write = 1 read = 0
UVM_INFO axi4_lite_subscriber.sv(40) @ 31575: uvm_test_top.env.sb [sb] INPUT COVERAGE = 100.00 %
UVM_INFO axi4_lite_inp_monitor.sv(44) @ 31575: uvm_test_top.env.aa.inp_mon [INPUT MONITOR]  WRITE awaddr=43c7b12c wdata=5f66c4ed wstrb=1110 
UVM_INFO axi4_lite_out_monitor.sv(28) @ 31595: uvm_test_top.env.pa.out_mon [OUTPUT MONITOR] BRESP = 3 RRESP = 0 RDATA = 00000000
UVM_INFO axi4_lite_driver.sv(34) @ 31595: uvm_test_top.env.aa.drv [DRV] awaddr = 43c7b12c wdata = 5f66c4ed wstrb = e araddr = e8ec5a8c
UVM_INFO axi4_lite_scoreboard.sv(52) @ 31595: uvm_test_top.env.scb [BRESP] Matched : exp_bresp= 3 actual_bresp=3 write = 1 read = 0
UVM_INFO axi4_lite_subscriber.sv(40) @ 31645: uvm_test_top.env.sb [sb] INPUT COVERAGE = 100.00 %
UVM_INFO axi4_lite_inp_monitor.sv(44) @ 31645: uvm_test_top.env.aa.inp_mon [INPUT MONITOR]  WRITE awaddr=38a4d020 wdata=61e01253 wstrb=1010 
UVM_INFO axi4_lite_out_monitor.sv(28) @ 31665: uvm_test_top.env.pa.out_mon [OUTPUT MONITOR] BRESP = 3 RRESP = 0 RDATA = 00000000
UVM_INFO axi4_lite_driver.sv(34) @ 31665: uvm_test_top.env.aa.drv [DRV] awaddr = 38a4d020 wdata = 61e01253 wstrb = a araddr = 4dd709a0
UVM_INFO axi4_lite_scoreboard.sv(52) @ 31665: uvm_test_top.env.scb [BRESP] Matched : exp_bresp= 3 actual_bresp=3 write = 1 read = 0
UVM_INFO axi4_lite_subscriber.sv(40) @ 31695: uvm_test_top.env.sb [sb] INPUT COVERAGE = 100.00 %
UVM_INFO axi4_lite_inp_monitor.sv(44) @ 31695: uvm_test_top.env.aa.inp_mon [INPUT MONITOR]  WRITE awaddr=a9964b44 wdata=61046c94 wstrb=0110 
UVM_INFO axi4_lite_out_monitor.sv(28) @ 31715: uvm_test_top.env.pa.out_mon [OUTPUT MONITOR] BRESP = 3 RRESP = 0 RDATA = 00000000
UVM_INFO axi4_lite_driver.sv(34) @ 31715: uvm_test_top.env.aa.drv [DRV] awaddr = a9964b44 wdata = 61046c94 wstrb = 6 araddr = 0b715404
UVM_INFO axi4_lite_scoreboard.sv(52) @ 31715: uvm_test_top.env.scb [BRESP] Matched : exp_bresp= 3 actual_bresp=3 write = 1 read = 0
Write decerr completed
UVM_INFO axi4_lite_subscriber.sv(40) @ 31725: uvm_test_top.env.sb [sb] INPUT COVERAGE = 100.00 %
UVM_INFO axi4_lite_inp_monitor.sv(38) @ 31725: uvm_test_top.env.aa.inp_mon [INPUT MONITOR] READ araddr=95857d58
UVM_INFO axi4_lite_out_monitor.sv(28) @ 31735: uvm_test_top.env.pa.out_mon [OUTPUT MONITOR] BRESP = 0 RRESP = 3 RDATA = 00000000
UVM_INFO axi4_lite_driver.sv(34) @ 31735: uvm_test_top.env.aa.drv [DRV] awaddr = 2e7f833c wdata = 238c8da5 wstrb = 5 araddr = 95857d58
UVM_INFO axi4_lite_scoreboard.sv(68) @ 31735: uvm_test_top.env.scb [RRESP] Matched : exp_rresp=3 actual_rresp =3 write = 0 read = 1
UVM_INFO axi4_lite_scoreboard.sv(72) @ 31735: uvm_test_top.env.scb [RDATA] Matched : exp_rdata=00000000 actual_rdata =00000000
UVM_INFO axi4_lite_subscriber.sv(40) @ 31755: uvm_test_top.env.sb [sb] INPUT COVERAGE = 100.00 %
UVM_INFO axi4_lite_inp_monitor.sv(38) @ 31755: uvm_test_top.env.aa.inp_mon [INPUT MONITOR] READ araddr=ec2f37f8
UVM_INFO axi4_lite_out_monitor.sv(28) @ 31765: uvm_test_top.env.pa.out_mon [OUTPUT MONITOR] BRESP = 0 RRESP = 3 RDATA = 00000000
UVM_INFO axi4_lite_driver.sv(34) @ 31765: uvm_test_top.env.aa.drv [DRV] awaddr = c299205c wdata = 28d4955e wstrb = c araddr = ec2f37f8
UVM_INFO axi4_lite_scoreboard.sv(68) @ 31765: uvm_test_top.env.scb [RRESP] Matched : exp_rresp=3 actual_rresp =3 write = 0 read = 1
UVM_INFO axi4_lite_scoreboard.sv(72) @ 31765: uvm_test_top.env.scb [RDATA] Matched : exp_rdata=00000000 actual_rdata =00000000
UVM_INFO axi4_lite_subscriber.sv(40) @ 31785: uvm_test_top.env.sb [sb] INPUT COVERAGE = 100.00 %
UVM_INFO axi4_lite_inp_monitor.sv(38) @ 31785: uvm_test_top.env.aa.inp_mon [INPUT MONITOR] READ araddr=30e23a10
UVM_INFO axi4_lite_out_monitor.sv(28) @ 31795: uvm_test_top.env.pa.out_mon [OUTPUT MONITOR] BRESP = 0 RRESP = 3 RDATA = 00000000
UVM_INFO axi4_lite_driver.sv(34) @ 31795: uvm_test_top.env.aa.drv [DRV] awaddr = 9f8028d8 wdata = 1b415681 wstrb = 8 araddr = 30e23a10
UVM_INFO axi4_lite_scoreboard.sv(68) @ 31795: uvm_test_top.env.scb [RRESP] Matched : exp_rresp=3 actual_rresp =3 write = 0 read = 1
UVM_INFO axi4_lite_scoreboard.sv(72) @ 31795: uvm_test_top.env.scb [RDATA] Matched : exp_rdata=00000000 actual_rdata =00000000
UVM_INFO axi4_lite_subscriber.sv(40) @ 31815: uvm_test_top.env.sb [sb] INPUT COVERAGE = 100.00 %
UVM_INFO axi4_lite_inp_monitor.sv(38) @ 31815: uvm_test_top.env.aa.inp_mon [INPUT MONITOR] READ araddr=9b77dc74
UVM_INFO axi4_lite_out_monitor.sv(28) @ 31825: uvm_test_top.env.pa.out_mon [OUTPUT MONITOR] BRESP = 0 RRESP = 3 RDATA = 00000000
UVM_INFO axi4_lite_driver.sv(34) @ 31825: uvm_test_top.env.aa.drv [DRV] awaddr = b40ad858 wdata = f9616b2e wstrb = b araddr = 9b77dc74
UVM_INFO axi4_lite_scoreboard.sv(68) @ 31825: uvm_test_top.env.scb [RRESP] Matched : exp_rresp=3 actual_rresp =3 write = 0 read = 1
UVM_INFO axi4_lite_scoreboard.sv(72) @ 31825: uvm_test_top.env.scb [RDATA] Matched : exp_rdata=00000000 actual_rdata =00000000
UVM_INFO axi4_lite_subscriber.sv(40) @ 31845: uvm_test_top.env.sb [sb] INPUT COVERAGE = 100.00 %
UVM_INFO axi4_lite_inp_monitor.sv(38) @ 31845: uvm_test_top.env.aa.inp_mon [INPUT MONITOR] READ araddr=3c87545c
UVM_INFO axi4_lite_out_monitor.sv(28) @ 31855: uvm_test_top.env.pa.out_mon [OUTPUT MONITOR] BRESP = 0 RRESP = 3 RDATA = 00000000
UVM_INFO axi4_lite_driver.sv(34) @ 31855: uvm_test_top.env.aa.drv [DRV] awaddr = 060c26a4 wdata = 9d574b5e wstrb = d araddr = 3c87545c
UVM_INFO axi4_lite_scoreboard.sv(68) @ 31855: uvm_test_top.env.scb [RRESP] Matched : exp_rresp=3 actual_rresp =3 write = 0 read = 1
UVM_INFO axi4_lite_scoreboard.sv(72) @ 31855: uvm_test_top.env.scb [RDATA] Matched : exp_rdata=00000000 actual_rdata =00000000
UVM_INFO axi4_lite_subscriber.sv(40) @ 31875: uvm_test_top.env.sb [sb] INPUT COVERAGE = 100.00 %
UVM_INFO axi4_lite_inp_monitor.sv(38) @ 31875: uvm_test_top.env.aa.inp_mon [INPUT MONITOR] READ araddr=39eec19c
UVM_INFO axi4_lite_out_monitor.sv(28) @ 31885: uvm_test_top.env.pa.out_mon [OUTPUT MONITOR] BRESP = 0 RRESP = 3 RDATA = 00000000
UVM_INFO axi4_lite_driver.sv(34) @ 31885: uvm_test_top.env.aa.drv [DRV] awaddr = 959e3e84 wdata = 94154022 wstrb = e araddr = 39eec19c
UVM_INFO axi4_lite_scoreboard.sv(68) @ 31885: uvm_test_top.env.scb [RRESP] Matched : exp_rresp=3 actual_rresp =3 write = 0 read = 1
UVM_INFO axi4_lite_scoreboard.sv(72) @ 31885: uvm_test_top.env.scb [RDATA] Matched : exp_rdata=00000000 actual_rdata =00000000
UVM_INFO axi4_lite_subscriber.sv(40) @ 31905: uvm_test_top.env.sb [sb] INPUT COVERAGE = 100.00 %
UVM_INFO axi4_lite_inp_monitor.sv(38) @ 31905: uvm_test_top.env.aa.inp_mon [INPUT MONITOR] READ araddr=5dc1a9d4
UVM_INFO axi4_lite_out_monitor.sv(28) @ 31915: uvm_test_top.env.pa.out_mon [OUTPUT MONITOR] BRESP = 0 RRESP = 3 RDATA = 00000000
UVM_INFO axi4_lite_driver.sv(34) @ 31915: uvm_test_top.env.aa.drv [DRV] awaddr = 0b414af8 wdata = 2ae91e4d wstrb = 0 araddr = 5dc1a9d4
UVM_INFO axi4_lite_scoreboard.sv(68) @ 31915: uvm_test_top.env.scb [RRESP] Matched : exp_rresp=3 actual_rresp =3 write = 0 read = 1
UVM_INFO axi4_lite_scoreboard.sv(72) @ 31915: uvm_test_top.env.scb [RDATA] Matched : exp_rdata=00000000 actual_rdata =00000000
UVM_INFO axi4_lite_subscriber.sv(40) @ 31935: uvm_test_top.env.sb [sb] INPUT COVERAGE = 100.00 %
UVM_INFO axi4_lite_inp_monitor.sv(38) @ 31935: uvm_test_top.env.aa.inp_mon [INPUT MONITOR] READ araddr=2ecf9d78
UVM_INFO axi4_lite_out_monitor.sv(28) @ 31945: uvm_test_top.env.pa.out_mon [OUTPUT MONITOR] BRESP = 0 RRESP = 3 RDATA = 00000000
UVM_INFO axi4_lite_driver.sv(34) @ 31945: uvm_test_top.env.aa.drv [DRV] awaddr = c4f23818 wdata = 991908e9 wstrb = 6 araddr = 2ecf9d78
UVM_INFO axi4_lite_scoreboard.sv(68) @ 31945: uvm_test_top.env.scb [RRESP] Matched : exp_rresp=3 actual_rresp =3 write = 0 read = 1
UVM_INFO axi4_lite_scoreboard.sv(72) @ 31945: uvm_test_top.env.scb [RDATA] Matched : exp_rdata=00000000 actual_rdata =00000000
UVM_INFO axi4_lite_subscriber.sv(40) @ 31965: uvm_test_top.env.sb [sb] INPUT COVERAGE = 100.00 %
UVM_INFO axi4_lite_inp_monitor.sv(38) @ 31965: uvm_test_top.env.aa.inp_mon [INPUT MONITOR] READ araddr=12834ec4
UVM_INFO axi4_lite_out_monitor.sv(28) @ 31975: uvm_test_top.env.pa.out_mon [OUTPUT MONITOR] BRESP = 0 RRESP = 3 RDATA = 00000000
UVM_INFO axi4_lite_driver.sv(34) @ 31975: uvm_test_top.env.aa.drv [DRV] awaddr = 6c2fc89c wdata = 2536677d wstrb = 1 araddr = 12834ec4
UVM_INFO axi4_lite_scoreboard.sv(68) @ 31975: uvm_test_top.env.scb [RRESP] Matched : exp_rresp=3 actual_rresp =3 write = 0 read = 1
UVM_INFO axi4_lite_scoreboard.sv(72) @ 31975: uvm_test_top.env.scb [RDATA] Matched : exp_rdata=00000000 actual_rdata =00000000
UVM_INFO axi4_lite_subscriber.sv(40) @ 31995: uvm_test_top.env.sb [sb] INPUT COVERAGE = 100.00 %
UVM_INFO axi4_lite_inp_monitor.sv(38) @ 31995: uvm_test_top.env.aa.inp_mon [INPUT MONITOR] READ araddr=013b7850
UVM_INFO axi4_lite_out_monitor.sv(28) @ 32005: uvm_test_top.env.pa.out_mon [OUTPUT MONITOR] BRESP = 0 RRESP = 3 RDATA = 00000000
UVM_INFO axi4_lite_driver.sv(34) @ 32005: uvm_test_top.env.aa.drv [DRV] awaddr = 432760c8 wdata = 2b1c45f4 wstrb = 6 araddr = 013b7850
UVM_INFO axi4_lite_scoreboard.sv(68) @ 32005: uvm_test_top.env.scb [RRESP] Matched : exp_rresp=3 actual_rresp =3 write = 0 read = 1
UVM_INFO axi4_lite_scoreboard.sv(72) @ 32005: uvm_test_top.env.scb [RDATA] Matched : exp_rdata=00000000 actual_rdata =00000000
UVM_INFO axi4_lite_subscriber.sv(40) @ 32025: uvm_test_top.env.sb [sb] INPUT COVERAGE = 100.00 %
UVM_INFO axi4_lite_inp_monitor.sv(38) @ 32025: uvm_test_top.env.aa.inp_mon [INPUT MONITOR] READ araddr=5aa093bc
UVM_INFO axi4_lite_out_monitor.sv(28) @ 32035: uvm_test_top.env.pa.out_mon [OUTPUT MONITOR] BRESP = 0 RRESP = 3 RDATA = 00000000
UVM_INFO axi4_lite_driver.sv(34) @ 32035: uvm_test_top.env.aa.drv [DRV] awaddr = 2edd6ba0 wdata = ccb49616 wstrb = a araddr = 5aa093bc
UVM_INFO axi4_lite_scoreboard.sv(68) @ 32035: uvm_test_top.env.scb [RRESP] Matched : exp_rresp=3 actual_rresp =3 write = 0 read = 1
UVM_INFO axi4_lite_scoreboard.sv(72) @ 32035: uvm_test_top.env.scb [RDATA] Matched : exp_rdata=00000000 actual_rdata =00000000
UVM_INFO axi4_lite_subscriber.sv(40) @ 32055: uvm_test_top.env.sb [sb] INPUT COVERAGE = 100.00 %
UVM_INFO axi4_lite_inp_monitor.sv(38) @ 32055: uvm_test_top.env.aa.inp_mon [INPUT MONITOR] READ araddr=423a1ddc
UVM_INFO axi4_lite_out_monitor.sv(28) @ 32065: uvm_test_top.env.pa.out_mon [OUTPUT MONITOR] BRESP = 0 RRESP = 3 RDATA = 00000000
UVM_INFO axi4_lite_driver.sv(34) @ 32065: uvm_test_top.env.aa.drv [DRV] awaddr = 710d0f08 wdata = e64cbbd3 wstrb = 0 araddr = 423a1ddc
UVM_INFO axi4_lite_scoreboard.sv(68) @ 32065: uvm_test_top.env.scb [RRESP] Matched : exp_rresp=3 actual_rresp =3 write = 0 read = 1
UVM_INFO axi4_lite_scoreboard.sv(72) @ 32065: uvm_test_top.env.scb [RDATA] Matched : exp_rdata=00000000 actual_rdata =00000000
UVM_INFO axi4_lite_subscriber.sv(40) @ 32085: uvm_test_top.env.sb [sb] INPUT COVERAGE = 100.00 %
UVM_INFO axi4_lite_inp_monitor.sv(38) @ 32085: uvm_test_top.env.aa.inp_mon [INPUT MONITOR] READ araddr=c8fdd044
UVM_INFO axi4_lite_out_monitor.sv(28) @ 32095: uvm_test_top.env.pa.out_mon [OUTPUT MONITOR] BRESP = 0 RRESP = 3 RDATA = 00000000
UVM_INFO axi4_lite_driver.sv(34) @ 32095: uvm_test_top.env.aa.drv [DRV] awaddr = 6560b764 wdata = 2a5cc5ae wstrb = 5 araddr = c8fdd044
UVM_INFO axi4_lite_scoreboard.sv(68) @ 32095: uvm_test_top.env.scb [RRESP] Matched : exp_rresp=3 actual_rresp =3 write = 0 read = 1
UVM_INFO axi4_lite_scoreboard.sv(72) @ 32095: uvm_test_top.env.scb [RDATA] Matched : exp_rdata=00000000 actual_rdata =00000000
UVM_INFO axi4_lite_subscriber.sv(40) @ 32115: uvm_test_top.env.sb [sb] INPUT COVERAGE = 100.00 %
UVM_INFO axi4_lite_inp_monitor.sv(38) @ 32115: uvm_test_top.env.aa.inp_mon [INPUT MONITOR] READ araddr=69125304
UVM_INFO axi4_lite_out_monitor.sv(28) @ 32125: uvm_test_top.env.pa.out_mon [OUTPUT MONITOR] BRESP = 0 RRESP = 3 RDATA = 00000000
UVM_INFO axi4_lite_driver.sv(34) @ 32125: uvm_test_top.env.aa.drv [DRV] awaddr = 6eeb1f5c wdata = 3b35e5c9 wstrb = a araddr = 69125304
UVM_INFO axi4_lite_scoreboard.sv(68) @ 32125: uvm_test_top.env.scb [RRESP] Matched : exp_rresp=3 actual_rresp =3 write = 0 read = 1
UVM_INFO axi4_lite_scoreboard.sv(72) @ 32125: uvm_test_top.env.scb [RDATA] Matched : exp_rdata=00000000 actual_rdata =00000000
UVM_INFO axi4_lite_subscriber.sv(40) @ 32145: uvm_test_top.env.sb [sb] INPUT COVERAGE = 100.00 %
UVM_INFO axi4_lite_inp_monitor.sv(38) @ 32145: uvm_test_top.env.aa.inp_mon [INPUT MONITOR] READ araddr=8e6904d8
UVM_INFO axi4_lite_out_monitor.sv(28) @ 32155: uvm_test_top.env.pa.out_mon [OUTPUT MONITOR] BRESP = 0 RRESP = 3 RDATA = 00000000
UVM_INFO axi4_lite_driver.sv(34) @ 32155: uvm_test_top.env.aa.drv [DRV] awaddr = 024c71c4 wdata = 1db6a51a wstrb = 9 araddr = 8e6904d8
UVM_INFO axi4_lite_scoreboard.sv(68) @ 32155: uvm_test_top.env.scb [RRESP] Matched : exp_rresp=3 actual_rresp =3 write = 0 read = 1
UVM_INFO axi4_lite_scoreboard.sv(72) @ 32155: uvm_test_top.env.scb [RDATA] Matched : exp_rdata=00000000 actual_rdata =00000000
UVM_INFO axi4_lite_subscriber.sv(40) @ 32175: uvm_test_top.env.sb [sb] INPUT COVERAGE = 100.00 %
UVM_INFO axi4_lite_inp_monitor.sv(38) @ 32175: uvm_test_top.env.aa.inp_mon [INPUT MONITOR] READ araddr=9663b4a4
UVM_INFO axi4_lite_out_monitor.sv(28) @ 32185: uvm_test_top.env.pa.out_mon [OUTPUT MONITOR] BRESP = 0 RRESP = 3 RDATA = 00000000
UVM_INFO axi4_lite_driver.sv(34) @ 32185: uvm_test_top.env.aa.drv [DRV] awaddr = 64cf8d48 wdata = 7c241ad1 wstrb = b araddr = 9663b4a4
UVM_INFO axi4_lite_scoreboard.sv(68) @ 32185: uvm_test_top.env.scb [RRESP] Matched : exp_rresp=3 actual_rresp =3 write = 0 read = 1
UVM_INFO axi4_lite_scoreboard.sv(72) @ 32185: uvm_test_top.env.scb [RDATA] Matched : exp_rdata=00000000 actual_rdata =00000000
UVM_INFO axi4_lite_subscriber.sv(40) @ 32205: uvm_test_top.env.sb [sb] INPUT COVERAGE = 100.00 %
UVM_INFO axi4_lite_inp_monitor.sv(38) @ 32205: uvm_test_top.env.aa.inp_mon [INPUT MONITOR] READ araddr=3f007ed0
UVM_INFO axi4_lite_out_monitor.sv(28) @ 32215: uvm_test_top.env.pa.out_mon [OUTPUT MONITOR] BRESP = 0 RRESP = 3 RDATA = 00000000
UVM_INFO axi4_lite_driver.sv(34) @ 32215: uvm_test_top.env.aa.drv [DRV] awaddr = 3a0a29f4 wdata = fb04732a wstrb = 3 araddr = 3f007ed0
UVM_INFO axi4_lite_scoreboard.sv(68) @ 32215: uvm_test_top.env.scb [RRESP] Matched : exp_rresp=3 actual_rresp =3 write = 0 read = 1
UVM_INFO axi4_lite_scoreboard.sv(72) @ 32215: uvm_test_top.env.scb [RDATA] Matched : exp_rdata=00000000 actual_rdata =00000000
UVM_INFO axi4_lite_subscriber.sv(40) @ 32235: uvm_test_top.env.sb [sb] INPUT COVERAGE = 100.00 %
UVM_INFO axi4_lite_inp_monitor.sv(38) @ 32235: uvm_test_top.env.aa.inp_mon [INPUT MONITOR] READ araddr=fb7ca724
UVM_INFO axi4_lite_out_monitor.sv(28) @ 32245: uvm_test_top.env.pa.out_mon [OUTPUT MONITOR] BRESP = 0 RRESP = 3 RDATA = 00000000
UVM_INFO axi4_lite_driver.sv(34) @ 32245: uvm_test_top.env.aa.drv [DRV] awaddr = 8968d0f4 wdata = 82ecc593 wstrb = c araddr = fb7ca724
UVM_INFO axi4_lite_scoreboard.sv(68) @ 32245: uvm_test_top.env.scb [RRESP] Matched : exp_rresp=3 actual_rresp =3 write = 0 read = 1
UVM_INFO axi4_lite_scoreboard.sv(72) @ 32245: uvm_test_top.env.scb [RDATA] Matched : exp_rdata=00000000 actual_rdata =00000000
UVM_INFO axi4_lite_subscriber.sv(40) @ 32265: uvm_test_top.env.sb [sb] INPUT COVERAGE = 100.00 %
UVM_INFO axi4_lite_inp_monitor.sv(38) @ 32265: uvm_test_top.env.aa.inp_mon [INPUT MONITOR] READ araddr=a6619644
UVM_INFO axi4_lite_out_monitor.sv(28) @ 32275: uvm_test_top.env.pa.out_mon [OUTPUT MONITOR] BRESP = 0 RRESP = 3 RDATA = 00000000
UVM_INFO axi4_lite_driver.sv(34) @ 32275: uvm_test_top.env.aa.drv [DRV] awaddr = 43197c6c wdata = 5716cdd2 wstrb = 9 araddr = a6619644
UVM_INFO axi4_lite_scoreboard.sv(68) @ 32275: uvm_test_top.env.scb [RRESP] Matched : exp_rresp=3 actual_rresp =3 write = 0 read = 1
UVM_INFO axi4_lite_scoreboard.sv(72) @ 32275: uvm_test_top.env.scb [RDATA] Matched : exp_rdata=00000000 actual_rdata =00000000
UVM_INFO axi4_lite_subscriber.sv(40) @ 32295: uvm_test_top.env.sb [sb] INPUT COVERAGE = 100.00 %
UVM_INFO axi4_lite_inp_monitor.sv(38) @ 32295: uvm_test_top.env.aa.inp_mon [INPUT MONITOR] READ araddr=20da4650
UVM_INFO axi4_lite_out_monitor.sv(28) @ 32305: uvm_test_top.env.pa.out_mon [OUTPUT MONITOR] BRESP = 0 RRESP = 3 RDATA = 00000000
UVM_INFO axi4_lite_driver.sv(34) @ 32305: uvm_test_top.env.aa.drv [DRV] awaddr = e592c6a4 wdata = 1c4cba71 wstrb = a araddr = 20da4650
UVM_INFO axi4_lite_scoreboard.sv(68) @ 32305: uvm_test_top.env.scb [RRESP] Matched : exp_rresp=3 actual_rresp =3 write = 0 read = 1
UVM_INFO axi4_lite_scoreboard.sv(72) @ 32305: uvm_test_top.env.scb [RDATA] Matched : exp_rdata=00000000 actual_rdata =00000000
UVM_INFO axi4_lite_subscriber.sv(40) @ 32325: uvm_test_top.env.sb [sb] INPUT COVERAGE = 100.00 %
UVM_INFO axi4_lite_inp_monitor.sv(38) @ 32325: uvm_test_top.env.aa.inp_mon [INPUT MONITOR] READ araddr=ab891cb4
UVM_INFO axi4_lite_out_monitor.sv(28) @ 32335: uvm_test_top.env.pa.out_mon [OUTPUT MONITOR] BRESP = 0 RRESP = 3 RDATA = 00000000
UVM_INFO axi4_lite_driver.sv(34) @ 32335: uvm_test_top.env.aa.drv [DRV] awaddr = d07adf34 wdata = fa1ec3c0 wstrb = 3 araddr = ab891cb4
UVM_INFO axi4_lite_scoreboard.sv(68) @ 32335: uvm_test_top.env.scb [RRESP] Matched : exp_rresp=3 actual_rresp =3 write = 0 read = 1
UVM_INFO axi4_lite_scoreboard.sv(72) @ 32335: uvm_test_top.env.scb [RDATA] Matched : exp_rdata=00000000 actual_rdata =00000000
UVM_INFO axi4_lite_subscriber.sv(40) @ 32355: uvm_test_top.env.sb [sb] INPUT COVERAGE = 100.00 %
UVM_INFO axi4_lite_inp_monitor.sv(38) @ 32355: uvm_test_top.env.aa.inp_mon [INPUT MONITOR] READ araddr=4c352d68
UVM_INFO axi4_lite_out_monitor.sv(28) @ 32365: uvm_test_top.env.pa.out_mon [OUTPUT MONITOR] BRESP = 0 RRESP = 3 RDATA = 00000000
UVM_INFO axi4_lite_driver.sv(34) @ 32365: uvm_test_top.env.aa.drv [DRV] awaddr = cbf8f7e8 wdata = 6e3cd54a wstrb = a araddr = 4c352d68
UVM_INFO axi4_lite_scoreboard.sv(68) @ 32365: uvm_test_top.env.scb [RRESP] Matched : exp_rresp=3 actual_rresp =3 write = 0 read = 1
UVM_INFO axi4_lite_scoreboard.sv(72) @ 32365: uvm_test_top.env.scb [RDATA] Matched : exp_rdata=00000000 actual_rdata =00000000
UVM_INFO axi4_lite_subscriber.sv(40) @ 32385: uvm_test_top.env.sb [sb] INPUT COVERAGE = 100.00 %
UVM_INFO axi4_lite_inp_monitor.sv(38) @ 32385: uvm_test_top.env.aa.inp_mon [INPUT MONITOR] READ araddr=599c9190
UVM_INFO axi4_lite_out_monitor.sv(28) @ 32395: uvm_test_top.env.pa.out_mon [OUTPUT MONITOR] BRESP = 0 RRESP = 3 RDATA = 00000000
UVM_INFO axi4_lite_driver.sv(34) @ 32395: uvm_test_top.env.aa.drv [DRV] awaddr = 0f124dc8 wdata = ef1d3657 wstrb = 5 araddr = 599c9190
UVM_INFO axi4_lite_scoreboard.sv(68) @ 32395: uvm_test_top.env.scb [RRESP] Matched : exp_rresp=3 actual_rresp =3 write = 0 read = 1
UVM_INFO axi4_lite_scoreboard.sv(72) @ 32395: uvm_test_top.env.scb [RDATA] Matched : exp_rdata=00000000 actual_rdata =00000000
UVM_INFO axi4_lite_subscriber.sv(40) @ 32415: uvm_test_top.env.sb [sb] INPUT COVERAGE = 100.00 %
UVM_INFO axi4_lite_inp_monitor.sv(38) @ 32415: uvm_test_top.env.aa.inp_mon [INPUT MONITOR] READ araddr=636bc794
UVM_INFO axi4_lite_out_monitor.sv(28) @ 32425: uvm_test_top.env.pa.out_mon [OUTPUT MONITOR] BRESP = 0 RRESP = 3 RDATA = 00000000
UVM_INFO axi4_lite_driver.sv(34) @ 32425: uvm_test_top.env.aa.drv [DRV] awaddr = baf12c08 wdata = 55fa434a wstrb = 1 araddr = 636bc794
UVM_INFO axi4_lite_scoreboard.sv(68) @ 32425: uvm_test_top.env.scb [RRESP] Matched : exp_rresp=3 actual_rresp =3 write = 0 read = 1
UVM_INFO axi4_lite_scoreboard.sv(72) @ 32425: uvm_test_top.env.scb [RDATA] Matched : exp_rdata=00000000 actual_rdata =00000000
UVM_INFO axi4_lite_subscriber.sv(40) @ 32445: uvm_test_top.env.sb [sb] INPUT COVERAGE = 100.00 %
UVM_INFO axi4_lite_inp_monitor.sv(38) @ 32445: uvm_test_top.env.aa.inp_mon [INPUT MONITOR] READ araddr=e6b08908
UVM_INFO axi4_lite_out_monitor.sv(28) @ 32455: uvm_test_top.env.pa.out_mon [OUTPUT MONITOR] BRESP = 0 RRESP = 3 RDATA = 00000000
UVM_INFO axi4_lite_driver.sv(34) @ 32455: uvm_test_top.env.aa.drv [DRV] awaddr = b8f7c180 wdata = c34e8cd1 wstrb = e araddr = e6b08908
UVM_INFO axi4_lite_scoreboard.sv(68) @ 32455: uvm_test_top.env.scb [RRESP] Matched : exp_rresp=3 actual_rresp =3 write = 0 read = 1
UVM_INFO axi4_lite_scoreboard.sv(72) @ 32455: uvm_test_top.env.scb [RDATA] Matched : exp_rdata=00000000 actual_rdata =00000000
UVM_INFO axi4_lite_subscriber.sv(40) @ 32475: uvm_test_top.env.sb [sb] INPUT COVERAGE = 100.00 %
UVM_INFO axi4_lite_inp_monitor.sv(38) @ 32475: uvm_test_top.env.aa.inp_mon [INPUT MONITOR] READ araddr=26cc73c8
UVM_INFO axi4_lite_out_monitor.sv(28) @ 32485: uvm_test_top.env.pa.out_mon [OUTPUT MONITOR] BRESP = 0 RRESP = 3 RDATA = 00000000
UVM_INFO axi4_lite_driver.sv(34) @ 32485: uvm_test_top.env.aa.drv [DRV] awaddr = fd6191cc wdata = 7ce381bd wstrb = 3 araddr = 26cc73c8
UVM_INFO axi4_lite_scoreboard.sv(68) @ 32485: uvm_test_top.env.scb [RRESP] Matched : exp_rresp=3 actual_rresp =3 write = 0 read = 1
UVM_INFO axi4_lite_scoreboard.sv(72) @ 32485: uvm_test_top.env.scb [RDATA] Matched : exp_rdata=00000000 actual_rdata =00000000
UVM_INFO axi4_lite_subscriber.sv(40) @ 32505: uvm_test_top.env.sb [sb] INPUT COVERAGE = 100.00 %
UVM_INFO axi4_lite_inp_monitor.sv(38) @ 32505: uvm_test_top.env.aa.inp_mon [INPUT MONITOR] READ araddr=141e0e2c
UVM_INFO axi4_lite_out_monitor.sv(28) @ 32515: uvm_test_top.env.pa.out_mon [OUTPUT MONITOR] BRESP = 0 RRESP = 3 RDATA = 00000000
UVM_INFO axi4_lite_driver.sv(34) @ 32515: uvm_test_top.env.aa.drv [DRV] awaddr = d95fe788 wdata = 6b240f99 wstrb = b araddr = 141e0e2c
UVM_INFO axi4_lite_scoreboard.sv(68) @ 32515: uvm_test_top.env.scb [RRESP] Matched : exp_rresp=3 actual_rresp =3 write = 0 read = 1
UVM_INFO axi4_lite_scoreboard.sv(72) @ 32515: uvm_test_top.env.scb [RDATA] Matched : exp_rdata=00000000 actual_rdata =00000000
UVM_INFO axi4_lite_subscriber.sv(40) @ 32535: uvm_test_top.env.sb [sb] INPUT COVERAGE = 100.00 %
UVM_INFO axi4_lite_inp_monitor.sv(38) @ 32535: uvm_test_top.env.aa.inp_mon [INPUT MONITOR] READ araddr=bd825728
UVM_INFO axi4_lite_out_monitor.sv(28) @ 32545: uvm_test_top.env.pa.out_mon [OUTPUT MONITOR] BRESP = 0 RRESP = 3 RDATA = 00000000
UVM_INFO axi4_lite_driver.sv(34) @ 32545: uvm_test_top.env.aa.drv [DRV] awaddr = 773f0a84 wdata = 7c5d80e2 wstrb = f araddr = bd825728
UVM_INFO axi4_lite_scoreboard.sv(68) @ 32545: uvm_test_top.env.scb [RRESP] Matched : exp_rresp=3 actual_rresp =3 write = 0 read = 1
UVM_INFO axi4_lite_scoreboard.sv(72) @ 32545: uvm_test_top.env.scb [RDATA] Matched : exp_rdata=00000000 actual_rdata =00000000
UVM_INFO axi4_lite_subscriber.sv(40) @ 32565: uvm_test_top.env.sb [sb] INPUT COVERAGE = 100.00 %
UVM_INFO axi4_lite_inp_monitor.sv(38) @ 32565: uvm_test_top.env.aa.inp_mon [INPUT MONITOR] READ araddr=5e27853c
UVM_INFO axi4_lite_out_monitor.sv(28) @ 32575: uvm_test_top.env.pa.out_mon [OUTPUT MONITOR] BRESP = 0 RRESP = 3 RDATA = 00000000
UVM_INFO axi4_lite_driver.sv(34) @ 32575: uvm_test_top.env.aa.drv [DRV] awaddr = 545d20a4 wdata = 24a646a1 wstrb = 4 araddr = 5e27853c
UVM_INFO axi4_lite_scoreboard.sv(68) @ 32575: uvm_test_top.env.scb [RRESP] Matched : exp_rresp=3 actual_rresp =3 write = 0 read = 1
UVM_INFO axi4_lite_scoreboard.sv(72) @ 32575: uvm_test_top.env.scb [RDATA] Matched : exp_rdata=00000000 actual_rdata =00000000
UVM_INFO axi4_lite_subscriber.sv(40) @ 32595: uvm_test_top.env.sb [sb] INPUT COVERAGE = 100.00 %
UVM_INFO axi4_lite_inp_monitor.sv(38) @ 32595: uvm_test_top.env.aa.inp_mon [INPUT MONITOR] READ araddr=304c550c
UVM_INFO axi4_lite_out_monitor.sv(28) @ 32605: uvm_test_top.env.pa.out_mon [OUTPUT MONITOR] BRESP = 0 RRESP = 3 RDATA = 00000000
UVM_INFO axi4_lite_driver.sv(34) @ 32605: uvm_test_top.env.aa.drv [DRV] awaddr = 0bda3ff8 wdata = dc807799 wstrb = 0 araddr = 304c550c
UVM_INFO axi4_lite_scoreboard.sv(68) @ 32605: uvm_test_top.env.scb [RRESP] Matched : exp_rresp=3 actual_rresp =3 write = 0 read = 1
UVM_INFO axi4_lite_scoreboard.sv(72) @ 32605: uvm_test_top.env.scb [RDATA] Matched : exp_rdata=00000000 actual_rdata =00000000
UVM_INFO axi4_lite_subscriber.sv(40) @ 32625: uvm_test_top.env.sb [sb] INPUT COVERAGE = 100.00 %
UVM_INFO axi4_lite_inp_monitor.sv(38) @ 32625: uvm_test_top.env.aa.inp_mon [INPUT MONITOR] READ araddr=b9e48130
UVM_INFO axi4_lite_out_monitor.sv(28) @ 32635: uvm_test_top.env.pa.out_mon [OUTPUT MONITOR] BRESP = 0 RRESP = 3 RDATA = 00000000
UVM_INFO axi4_lite_driver.sv(34) @ 32635: uvm_test_top.env.aa.drv [DRV] awaddr = 11d274c8 wdata = 9e6b0e26 wstrb = 5 araddr = b9e48130
UVM_INFO axi4_lite_scoreboard.sv(68) @ 32635: uvm_test_top.env.scb [RRESP] Matched : exp_rresp=3 actual_rresp =3 write = 0 read = 1
UVM_INFO axi4_lite_scoreboard.sv(72) @ 32635: uvm_test_top.env.scb [RDATA] Matched : exp_rdata=00000000 actual_rdata =00000000
UVM_INFO axi4_lite_subscriber.sv(40) @ 32655: uvm_test_top.env.sb [sb] INPUT COVERAGE = 100.00 %
UVM_INFO axi4_lite_inp_monitor.sv(38) @ 32655: uvm_test_top.env.aa.inp_mon [INPUT MONITOR] READ araddr=4851722c
UVM_INFO axi4_lite_out_monitor.sv(28) @ 32665: uvm_test_top.env.pa.out_mon [OUTPUT MONITOR] BRESP = 0 RRESP = 3 RDATA = 00000000
UVM_INFO axi4_lite_driver.sv(34) @ 32665: uvm_test_top.env.aa.drv [DRV] awaddr = 68a22a00 wdata = 113b19ba wstrb = 3 araddr = 4851722c
UVM_INFO axi4_lite_scoreboard.sv(68) @ 32665: uvm_test_top.env.scb [RRESP] Matched : exp_rresp=3 actual_rresp =3 write = 0 read = 1
UVM_INFO axi4_lite_scoreboard.sv(72) @ 32665: uvm_test_top.env.scb [RDATA] Matched : exp_rdata=00000000 actual_rdata =00000000
UVM_INFO axi4_lite_subscriber.sv(40) @ 32685: uvm_test_top.env.sb [sb] INPUT COVERAGE = 100.00 %
UVM_INFO axi4_lite_inp_monitor.sv(38) @ 32685: uvm_test_top.env.aa.inp_mon [INPUT MONITOR] READ araddr=c8727ac4
UVM_INFO axi4_lite_out_monitor.sv(28) @ 32695: uvm_test_top.env.pa.out_mon [OUTPUT MONITOR] BRESP = 0 RRESP = 3 RDATA = 00000000
UVM_INFO axi4_lite_driver.sv(34) @ 32695: uvm_test_top.env.aa.drv [DRV] awaddr = 5959a5c8 wdata = 0372d709 wstrb = 9 araddr = c8727ac4
UVM_INFO axi4_lite_scoreboard.sv(68) @ 32695: uvm_test_top.env.scb [RRESP] Matched : exp_rresp=3 actual_rresp =3 write = 0 read = 1
UVM_INFO axi4_lite_scoreboard.sv(72) @ 32695: uvm_test_top.env.scb [RDATA] Matched : exp_rdata=00000000 actual_rdata =00000000
UVM_INFO axi4_lite_subscriber.sv(40) @ 32715: uvm_test_top.env.sb [sb] INPUT COVERAGE = 100.00 %
UVM_INFO axi4_lite_inp_monitor.sv(38) @ 32715: uvm_test_top.env.aa.inp_mon [INPUT MONITOR] READ araddr=fa4e62c4
UVM_INFO axi4_lite_out_monitor.sv(28) @ 32725: uvm_test_top.env.pa.out_mon [OUTPUT MONITOR] BRESP = 0 RRESP = 3 RDATA = 00000000
UVM_INFO axi4_lite_driver.sv(34) @ 32725: uvm_test_top.env.aa.drv [DRV] awaddr = 282e3540 wdata = 039eee97 wstrb = 8 araddr = fa4e62c4
UVM_INFO axi4_lite_scoreboard.sv(68) @ 32725: uvm_test_top.env.scb [RRESP] Matched : exp_rresp=3 actual_rresp =3 write = 0 read = 1
UVM_INFO axi4_lite_scoreboard.sv(72) @ 32725: uvm_test_top.env.scb [RDATA] Matched : exp_rdata=00000000 actual_rdata =00000000
UVM_INFO axi4_lite_subscriber.sv(40) @ 32745: uvm_test_top.env.sb [sb] INPUT COVERAGE = 100.00 %
UVM_INFO axi4_lite_inp_monitor.sv(38) @ 32745: uvm_test_top.env.aa.inp_mon [INPUT MONITOR] READ araddr=bb938ee0
UVM_INFO axi4_lite_out_monitor.sv(28) @ 32755: uvm_test_top.env.pa.out_mon [OUTPUT MONITOR] BRESP = 0 RRESP = 3 RDATA = 00000000
UVM_INFO axi4_lite_driver.sv(34) @ 32755: uvm_test_top.env.aa.drv [DRV] awaddr = 060eb1bc wdata = c65edba2 wstrb = 4 araddr = bb938ee0
UVM_INFO axi4_lite_scoreboard.sv(68) @ 32755: uvm_test_top.env.scb [RRESP] Matched : exp_rresp=3 actual_rresp =3 write = 0 read = 1
UVM_INFO axi4_lite_scoreboard.sv(72) @ 32755: uvm_test_top.env.scb [RDATA] Matched : exp_rdata=00000000 actual_rdata =00000000
UVM_INFO axi4_lite_subscriber.sv(40) @ 32775: uvm_test_top.env.sb [sb] INPUT COVERAGE = 100.00 %
UVM_INFO axi4_lite_inp_monitor.sv(38) @ 32775: uvm_test_top.env.aa.inp_mon [INPUT MONITOR] READ araddr=4cc93730
UVM_INFO axi4_lite_out_monitor.sv(28) @ 32785: uvm_test_top.env.pa.out_mon [OUTPUT MONITOR] BRESP = 0 RRESP = 3 RDATA = 00000000
UVM_INFO axi4_lite_driver.sv(34) @ 32785: uvm_test_top.env.aa.drv [DRV] awaddr = 2168a908 wdata = 7ae786da wstrb = e araddr = 4cc93730
UVM_INFO axi4_lite_scoreboard.sv(68) @ 32785: uvm_test_top.env.scb [RRESP] Matched : exp_rresp=3 actual_rresp =3 write = 0 read = 1
UVM_INFO axi4_lite_scoreboard.sv(72) @ 32785: uvm_test_top.env.scb [RDATA] Matched : exp_rdata=00000000 actual_rdata =00000000
UVM_INFO axi4_lite_subscriber.sv(40) @ 32805: uvm_test_top.env.sb [sb] INPUT COVERAGE = 100.00 %
UVM_INFO axi4_lite_inp_monitor.sv(38) @ 32805: uvm_test_top.env.aa.inp_mon [INPUT MONITOR] READ araddr=58675028
UVM_INFO axi4_lite_out_monitor.sv(28) @ 32815: uvm_test_top.env.pa.out_mon [OUTPUT MONITOR] BRESP = 0 RRESP = 3 RDATA = 00000000
UVM_INFO axi4_lite_driver.sv(34) @ 32815: uvm_test_top.env.aa.drv [DRV] awaddr = 25d7d230 wdata = 6eded319 wstrb = 9 araddr = 58675028
UVM_INFO axi4_lite_scoreboard.sv(68) @ 32815: uvm_test_top.env.scb [RRESP] Matched : exp_rresp=3 actual_rresp =3 write = 0 read = 1
UVM_INFO axi4_lite_scoreboard.sv(72) @ 32815: uvm_test_top.env.scb [RDATA] Matched : exp_rdata=00000000 actual_rdata =00000000
UVM_INFO axi4_lite_subscriber.sv(40) @ 32835: uvm_test_top.env.sb [sb] INPUT COVERAGE = 100.00 %
UVM_INFO axi4_lite_inp_monitor.sv(38) @ 32835: uvm_test_top.env.aa.inp_mon [INPUT MONITOR] READ araddr=fd90fc30
UVM_INFO axi4_lite_out_monitor.sv(28) @ 32845: uvm_test_top.env.pa.out_mon [OUTPUT MONITOR] BRESP = 0 RRESP = 3 RDATA = 00000000
UVM_INFO axi4_lite_driver.sv(34) @ 32845: uvm_test_top.env.aa.drv [DRV] awaddr = 51c28db8 wdata = 00d6291b wstrb = 5 araddr = fd90fc30
UVM_INFO axi4_lite_scoreboard.sv(68) @ 32845: uvm_test_top.env.scb [RRESP] Matched : exp_rresp=3 actual_rresp =3 write = 0 read = 1
UVM_INFO axi4_lite_scoreboard.sv(72) @ 32845: uvm_test_top.env.scb [RDATA] Matched : exp_rdata=00000000 actual_rdata =00000000
UVM_INFO axi4_lite_subscriber.sv(40) @ 32865: uvm_test_top.env.sb [sb] INPUT COVERAGE = 100.00 %
UVM_INFO axi4_lite_inp_monitor.sv(38) @ 32865: uvm_test_top.env.aa.inp_mon [INPUT MONITOR] READ araddr=83e3b398
UVM_INFO axi4_lite_out_monitor.sv(28) @ 32875: uvm_test_top.env.pa.out_mon [OUTPUT MONITOR] BRESP = 0 RRESP = 3 RDATA = 00000000
UVM_INFO axi4_lite_driver.sv(34) @ 32875: uvm_test_top.env.aa.drv [DRV] awaddr = 103caf2c wdata = 067253b7 wstrb = a araddr = 83e3b398
UVM_INFO axi4_lite_scoreboard.sv(68) @ 32875: uvm_test_top.env.scb [RRESP] Matched : exp_rresp=3 actual_rresp =3 write = 0 read = 1
UVM_INFO axi4_lite_scoreboard.sv(72) @ 32875: uvm_test_top.env.scb [RDATA] Matched : exp_rdata=00000000 actual_rdata =00000000
UVM_INFO axi4_lite_subscriber.sv(40) @ 32895: uvm_test_top.env.sb [sb] INPUT COVERAGE = 100.00 %
UVM_INFO axi4_lite_inp_monitor.sv(38) @ 32895: uvm_test_top.env.aa.inp_mon [INPUT MONITOR] READ araddr=23dd7480
UVM_INFO axi4_lite_out_monitor.sv(28) @ 32905: uvm_test_top.env.pa.out_mon [OUTPUT MONITOR] BRESP = 0 RRESP = 3 RDATA = 00000000
UVM_INFO axi4_lite_driver.sv(34) @ 32905: uvm_test_top.env.aa.drv [DRV] awaddr = 198f69a4 wdata = 0c5d4607 wstrb = 6 araddr = 23dd7480
UVM_INFO axi4_lite_scoreboard.sv(68) @ 32905: uvm_test_top.env.scb [RRESP] Matched : exp_rresp=3 actual_rresp =3 write = 0 read = 1
UVM_INFO axi4_lite_scoreboard.sv(72) @ 32905: uvm_test_top.env.scb [RDATA] Matched : exp_rdata=00000000 actual_rdata =00000000
UVM_INFO axi4_lite_subscriber.sv(40) @ 32925: uvm_test_top.env.sb [sb] INPUT COVERAGE = 100.00 %
UVM_INFO axi4_lite_inp_monitor.sv(38) @ 32925: uvm_test_top.env.aa.inp_mon [INPUT MONITOR] READ araddr=07040ee0
UVM_INFO axi4_lite_out_monitor.sv(28) @ 32935: uvm_test_top.env.pa.out_mon [OUTPUT MONITOR] BRESP = 0 RRESP = 3 RDATA = 00000000
UVM_INFO axi4_lite_driver.sv(34) @ 32935: uvm_test_top.env.aa.drv [DRV] awaddr = f76fdcc0 wdata = f3e6a39e wstrb = b araddr = 07040ee0
UVM_INFO axi4_lite_scoreboard.sv(68) @ 32935: uvm_test_top.env.scb [RRESP] Matched : exp_rresp=3 actual_rresp =3 write = 0 read = 1
UVM_INFO axi4_lite_scoreboard.sv(72) @ 32935: uvm_test_top.env.scb [RDATA] Matched : exp_rdata=00000000 actual_rdata =00000000
UVM_INFO axi4_lite_subscriber.sv(40) @ 32955: uvm_test_top.env.sb [sb] INPUT COVERAGE = 100.00 %
UVM_INFO axi4_lite_inp_monitor.sv(38) @ 32955: uvm_test_top.env.aa.inp_mon [INPUT MONITOR] READ araddr=695e3f60
UVM_INFO axi4_lite_out_monitor.sv(28) @ 32965: uvm_test_top.env.pa.out_mon [OUTPUT MONITOR] BRESP = 0 RRESP = 3 RDATA = 00000000
UVM_INFO axi4_lite_driver.sv(34) @ 32965: uvm_test_top.env.aa.drv [DRV] awaddr = 218e64e4 wdata = dd30d796 wstrb = 5 araddr = 695e3f60
UVM_INFO axi4_lite_scoreboard.sv(68) @ 32965: uvm_test_top.env.scb [RRESP] Matched : exp_rresp=3 actual_rresp =3 write = 0 read = 1
UVM_INFO axi4_lite_scoreboard.sv(72) @ 32965: uvm_test_top.env.scb [RDATA] Matched : exp_rdata=00000000 actual_rdata =00000000
UVM_INFO axi4_lite_subscriber.sv(40) @ 32985: uvm_test_top.env.sb [sb] INPUT COVERAGE = 100.00 %
UVM_INFO axi4_lite_inp_monitor.sv(38) @ 32985: uvm_test_top.env.aa.inp_mon [INPUT MONITOR] READ araddr=f3175224
UVM_INFO axi4_lite_out_monitor.sv(28) @ 32995: uvm_test_top.env.pa.out_mon [OUTPUT MONITOR] BRESP = 0 RRESP = 3 RDATA = 00000000
UVM_INFO axi4_lite_driver.sv(34) @ 32995: uvm_test_top.env.aa.drv [DRV] awaddr = f46f12fc wdata = e479869a wstrb = 7 araddr = f3175224
UVM_INFO axi4_lite_scoreboard.sv(68) @ 32995: uvm_test_top.env.scb [RRESP] Matched : exp_rresp=3 actual_rresp =3 write = 0 read = 1
UVM_INFO axi4_lite_scoreboard.sv(72) @ 32995: uvm_test_top.env.scb [RDATA] Matched : exp_rdata=00000000 actual_rdata =00000000
UVM_INFO axi4_lite_subscriber.sv(40) @ 33015: uvm_test_top.env.sb [sb] INPUT COVERAGE = 100.00 %
UVM_INFO axi4_lite_inp_monitor.sv(38) @ 33015: uvm_test_top.env.aa.inp_mon [INPUT MONITOR] READ araddr=94bfd800
UVM_INFO axi4_lite_out_monitor.sv(28) @ 33025: uvm_test_top.env.pa.out_mon [OUTPUT MONITOR] BRESP = 0 RRESP = 3 RDATA = 00000000
UVM_INFO axi4_lite_driver.sv(34) @ 33025: uvm_test_top.env.aa.drv [DRV] awaddr = c57b8f70 wdata = 5918579f wstrb = 8 araddr = 94bfd800
UVM_INFO axi4_lite_scoreboard.sv(68) @ 33025: uvm_test_top.env.scb [RRESP] Matched : exp_rresp=3 actual_rresp =3 write = 0 read = 1
UVM_INFO axi4_lite_scoreboard.sv(72) @ 33025: uvm_test_top.env.scb [RDATA] Matched : exp_rdata=00000000 actual_rdata =00000000
UVM_INFO axi4_lite_subscriber.sv(40) @ 33045: uvm_test_top.env.sb [sb] INPUT COVERAGE = 100.00 %
UVM_INFO axi4_lite_inp_monitor.sv(38) @ 33045: uvm_test_top.env.aa.inp_mon [INPUT MONITOR] READ araddr=f6ec5494
UVM_INFO axi4_lite_out_monitor.sv(28) @ 33055: uvm_test_top.env.pa.out_mon [OUTPUT MONITOR] BRESP = 0 RRESP = 3 RDATA = 00000000
UVM_INFO axi4_lite_driver.sv(34) @ 33055: uvm_test_top.env.aa.drv [DRV] awaddr = f20d144c wdata = ce84e5d7 wstrb = f araddr = f6ec5494
UVM_INFO axi4_lite_scoreboard.sv(68) @ 33055: uvm_test_top.env.scb [RRESP] Matched : exp_rresp=3 actual_rresp =3 write = 0 read = 1
UVM_INFO axi4_lite_scoreboard.sv(72) @ 33055: uvm_test_top.env.scb [RDATA] Matched : exp_rdata=00000000 actual_rdata =00000000
UVM_INFO axi4_lite_subscriber.sv(40) @ 33075: uvm_test_top.env.sb [sb] INPUT COVERAGE = 100.00 %
UVM_INFO axi4_lite_inp_monitor.sv(38) @ 33075: uvm_test_top.env.aa.inp_mon [INPUT MONITOR] READ araddr=42198e58
UVM_INFO axi4_lite_out_monitor.sv(28) @ 33085: uvm_test_top.env.pa.out_mon [OUTPUT MONITOR] BRESP = 0 RRESP = 3 RDATA = 00000000
UVM_INFO axi4_lite_driver.sv(34) @ 33085: uvm_test_top.env.aa.drv [DRV] awaddr = 1b21b974 wdata = e5a157e9 wstrb = 5 araddr = 42198e58
UVM_INFO axi4_lite_scoreboard.sv(68) @ 33085: uvm_test_top.env.scb [RRESP] Matched : exp_rresp=3 actual_rresp =3 write = 0 read = 1
UVM_INFO axi4_lite_scoreboard.sv(72) @ 33085: uvm_test_top.env.scb [RDATA] Matched : exp_rdata=00000000 actual_rdata =00000000
UVM_INFO axi4_lite_subscriber.sv(40) @ 33105: uvm_test_top.env.sb [sb] INPUT COVERAGE = 100.00 %
UVM_INFO axi4_lite_inp_monitor.sv(38) @ 33105: uvm_test_top.env.aa.inp_mon [INPUT MONITOR] READ araddr=ebe3167c
UVM_INFO axi4_lite_out_monitor.sv(28) @ 33115: uvm_test_top.env.pa.out_mon [OUTPUT MONITOR] BRESP = 0 RRESP = 3 RDATA = 00000000
UVM_INFO axi4_lite_driver.sv(34) @ 33115: uvm_test_top.env.aa.drv [DRV] awaddr = a425f620 wdata = c214428c wstrb = 1 araddr = ebe3167c
UVM_INFO axi4_lite_scoreboard.sv(68) @ 33115: uvm_test_top.env.scb [RRESP] Matched : exp_rresp=3 actual_rresp =3 write = 0 read = 1
UVM_INFO axi4_lite_scoreboard.sv(72) @ 33115: uvm_test_top.env.scb [RDATA] Matched : exp_rdata=00000000 actual_rdata =00000000
UVM_INFO axi4_lite_subscriber.sv(40) @ 33135: uvm_test_top.env.sb [sb] INPUT COVERAGE = 100.00 %
UVM_INFO axi4_lite_inp_monitor.sv(38) @ 33135: uvm_test_top.env.aa.inp_mon [INPUT MONITOR] READ araddr=281b1c84
UVM_INFO axi4_lite_out_monitor.sv(28) @ 33145: uvm_test_top.env.pa.out_mon [OUTPUT MONITOR] BRESP = 0 RRESP = 3 RDATA = 00000000
UVM_INFO axi4_lite_driver.sv(34) @ 33145: uvm_test_top.env.aa.drv [DRV] awaddr = 2fec1e44 wdata = 2bdb864c wstrb = f araddr = 281b1c84
UVM_INFO axi4_lite_scoreboard.sv(68) @ 33145: uvm_test_top.env.scb [RRESP] Matched : exp_rresp=3 actual_rresp =3 write = 0 read = 1
UVM_INFO axi4_lite_scoreboard.sv(72) @ 33145: uvm_test_top.env.scb [RDATA] Matched : exp_rdata=00000000 actual_rdata =00000000
UVM_INFO axi4_lite_subscriber.sv(40) @ 33165: uvm_test_top.env.sb [sb] INPUT COVERAGE = 100.00 %
UVM_INFO axi4_lite_inp_monitor.sv(38) @ 33165: uvm_test_top.env.aa.inp_mon [INPUT MONITOR] READ araddr=07b41244
UVM_INFO axi4_lite_out_monitor.sv(28) @ 33175: uvm_test_top.env.pa.out_mon [OUTPUT MONITOR] BRESP = 0 RRESP = 3 RDATA = 00000000
UVM_INFO axi4_lite_driver.sv(34) @ 33175: uvm_test_top.env.aa.drv [DRV] awaddr = 5767b4c4 wdata = 6a90c7a8 wstrb = 1 araddr = 07b41244
UVM_INFO axi4_lite_scoreboard.sv(68) @ 33175: uvm_test_top.env.scb [RRESP] Matched : exp_rresp=3 actual_rresp =3 write = 0 read = 1
UVM_INFO axi4_lite_scoreboard.sv(72) @ 33175: uvm_test_top.env.scb [RDATA] Matched : exp_rdata=00000000 actual_rdata =00000000
UVM_INFO axi4_lite_subscriber.sv(40) @ 33195: uvm_test_top.env.sb [sb] INPUT COVERAGE = 100.00 %
UVM_INFO axi4_lite_inp_monitor.sv(38) @ 33195: uvm_test_top.env.aa.inp_mon [INPUT MONITOR] READ araddr=b0b3976c
UVM_INFO axi4_lite_out_monitor.sv(28) @ 33205: uvm_test_top.env.pa.out_mon [OUTPUT MONITOR] BRESP = 0 RRESP = 3 RDATA = 00000000
UVM_INFO axi4_lite_driver.sv(34) @ 33205: uvm_test_top.env.aa.drv [DRV] awaddr = a75cd6fc wdata = bf240c8f wstrb = 9 araddr = b0b3976c
UVM_INFO axi4_lite_scoreboard.sv(68) @ 33205: uvm_test_top.env.scb [RRESP] Matched : exp_rresp=3 actual_rresp =3 write = 0 read = 1
UVM_INFO axi4_lite_scoreboard.sv(72) @ 33205: uvm_test_top.env.scb [RDATA] Matched : exp_rdata=00000000 actual_rdata =00000000
UVM_INFO axi4_lite_subscriber.sv(40) @ 33225: uvm_test_top.env.sb [sb] INPUT COVERAGE = 100.00 %
UVM_INFO axi4_lite_inp_monitor.sv(38) @ 33225: uvm_test_top.env.aa.inp_mon [INPUT MONITOR] READ araddr=4c486654
UVM_INFO axi4_lite_out_monitor.sv(28) @ 33235: uvm_test_top.env.pa.out_mon [OUTPUT MONITOR] BRESP = 0 RRESP = 3 RDATA = 00000000
UVM_INFO axi4_lite_driver.sv(34) @ 33235: uvm_test_top.env.aa.drv [DRV] awaddr = e0f141c0 wdata = db9f96e1 wstrb = 8 araddr = 4c486654
UVM_INFO axi4_lite_scoreboard.sv(68) @ 33235: uvm_test_top.env.scb [RRESP] Matched : exp_rresp=3 actual_rresp =3 write = 0 read = 1
UVM_INFO axi4_lite_scoreboard.sv(72) @ 33235: uvm_test_top.env.scb [RDATA] Matched : exp_rdata=00000000 actual_rdata =00000000
UVM_INFO axi4_lite_subscriber.sv(40) @ 33255: uvm_test_top.env.sb [sb] INPUT COVERAGE = 100.00 %
UVM_INFO axi4_lite_inp_monitor.sv(38) @ 33255: uvm_test_top.env.aa.inp_mon [INPUT MONITOR] READ araddr=3b2bf538
UVM_INFO axi4_lite_out_monitor.sv(28) @ 33265: uvm_test_top.env.pa.out_mon [OUTPUT MONITOR] BRESP = 0 RRESP = 3 RDATA = 00000000
UVM_INFO axi4_lite_driver.sv(34) @ 33265: uvm_test_top.env.aa.drv [DRV] awaddr = 0c8d4240 wdata = 71167e4b wstrb = 3 araddr = 3b2bf538
UVM_INFO axi4_lite_scoreboard.sv(68) @ 33265: uvm_test_top.env.scb [RRESP] Matched : exp_rresp=3 actual_rresp =3 write = 0 read = 1
UVM_INFO axi4_lite_scoreboard.sv(72) @ 33265: uvm_test_top.env.scb [RDATA] Matched : exp_rdata=00000000 actual_rdata =00000000
UVM_INFO axi4_lite_subscriber.sv(40) @ 33285: uvm_test_top.env.sb [sb] INPUT COVERAGE = 100.00 %
UVM_INFO axi4_lite_inp_monitor.sv(38) @ 33285: uvm_test_top.env.aa.inp_mon [INPUT MONITOR] READ araddr=9bfc76a0
UVM_INFO axi4_lite_out_monitor.sv(28) @ 33295: uvm_test_top.env.pa.out_mon [OUTPUT MONITOR] BRESP = 0 RRESP = 3 RDATA = 00000000
UVM_INFO axi4_lite_driver.sv(34) @ 33295: uvm_test_top.env.aa.drv [DRV] awaddr = f7ee9390 wdata = 96f7344b wstrb = a araddr = 9bfc76a0
UVM_INFO axi4_lite_scoreboard.sv(68) @ 33295: uvm_test_top.env.scb [RRESP] Matched : exp_rresp=3 actual_rresp =3 write = 0 read = 1
UVM_INFO axi4_lite_scoreboard.sv(72) @ 33295: uvm_test_top.env.scb [RDATA] Matched : exp_rdata=00000000 actual_rdata =00000000
UVM_INFO axi4_lite_subscriber.sv(40) @ 33315: uvm_test_top.env.sb [sb] INPUT COVERAGE = 100.00 %
UVM_INFO axi4_lite_inp_monitor.sv(38) @ 33315: uvm_test_top.env.aa.inp_mon [INPUT MONITOR] READ araddr=7709b528
UVM_INFO axi4_lite_out_monitor.sv(28) @ 33325: uvm_test_top.env.pa.out_mon [OUTPUT MONITOR] BRESP = 0 RRESP = 3 RDATA = 00000000
UVM_INFO axi4_lite_driver.sv(34) @ 33325: uvm_test_top.env.aa.drv [DRV] awaddr = 5eac3910 wdata = a91a860a wstrb = f araddr = 7709b528
UVM_INFO axi4_lite_scoreboard.sv(68) @ 33325: uvm_test_top.env.scb [RRESP] Matched : exp_rresp=3 actual_rresp =3 write = 0 read = 1
UVM_INFO axi4_lite_scoreboard.sv(72) @ 33325: uvm_test_top.env.scb [RDATA] Matched : exp_rdata=00000000 actual_rdata =00000000
UVM_INFO axi4_lite_subscriber.sv(40) @ 33345: uvm_test_top.env.sb [sb] INPUT COVERAGE = 100.00 %
UVM_INFO axi4_lite_inp_monitor.sv(38) @ 33345: uvm_test_top.env.aa.inp_mon [INPUT MONITOR] READ araddr=4026243c
UVM_INFO axi4_lite_out_monitor.sv(28) @ 33355: uvm_test_top.env.pa.out_mon [OUTPUT MONITOR] BRESP = 0 RRESP = 3 RDATA = 00000000
UVM_INFO axi4_lite_driver.sv(34) @ 33355: uvm_test_top.env.aa.drv [DRV] awaddr = 665d8d64 wdata = 8485f34f wstrb = 1 araddr = 4026243c
UVM_INFO axi4_lite_scoreboard.sv(68) @ 33355: uvm_test_top.env.scb [RRESP] Matched : exp_rresp=3 actual_rresp =3 write = 0 read = 1
UVM_INFO axi4_lite_scoreboard.sv(72) @ 33355: uvm_test_top.env.scb [RDATA] Matched : exp_rdata=00000000 actual_rdata =00000000
UVM_INFO axi4_lite_subscriber.sv(40) @ 33375: uvm_test_top.env.sb [sb] INPUT COVERAGE = 100.00 %
UVM_INFO axi4_lite_inp_monitor.sv(38) @ 33375: uvm_test_top.env.aa.inp_mon [INPUT MONITOR] READ araddr=2c9e8020
UVM_INFO axi4_lite_out_monitor.sv(28) @ 33385: uvm_test_top.env.pa.out_mon [OUTPUT MONITOR] BRESP = 0 RRESP = 3 RDATA = 00000000
UVM_INFO axi4_lite_driver.sv(34) @ 33385: uvm_test_top.env.aa.drv [DRV] awaddr = 57758024 wdata = d41537b3 wstrb = 5 araddr = 2c9e8020
UVM_INFO axi4_lite_scoreboard.sv(68) @ 33385: uvm_test_top.env.scb [RRESP] Matched : exp_rresp=3 actual_rresp =3 write = 0 read = 1
UVM_INFO axi4_lite_scoreboard.sv(72) @ 33385: uvm_test_top.env.scb [RDATA] Matched : exp_rdata=00000000 actual_rdata =00000000
UVM_INFO axi4_lite_subscriber.sv(40) @ 33405: uvm_test_top.env.sb [sb] INPUT COVERAGE = 100.00 %
UVM_INFO axi4_lite_inp_monitor.sv(38) @ 33405: uvm_test_top.env.aa.inp_mon [INPUT MONITOR] READ araddr=da1d9b20
UVM_INFO axi4_lite_out_monitor.sv(28) @ 33415: uvm_test_top.env.pa.out_mon [OUTPUT MONITOR] BRESP = 0 RRESP = 3 RDATA = 00000000
UVM_INFO axi4_lite_driver.sv(34) @ 33415: uvm_test_top.env.aa.drv [DRV] awaddr = e1971974 wdata = 4321df4b wstrb = 0 araddr = da1d9b20
UVM_INFO axi4_lite_scoreboard.sv(68) @ 33415: uvm_test_top.env.scb [RRESP] Matched : exp_rresp=3 actual_rresp =3 write = 0 read = 1
UVM_INFO axi4_lite_scoreboard.sv(72) @ 33415: uvm_test_top.env.scb [RDATA] Matched : exp_rdata=00000000 actual_rdata =00000000
UVM_INFO axi4_lite_subscriber.sv(40) @ 33435: uvm_test_top.env.sb [sb] INPUT COVERAGE = 100.00 %
UVM_INFO axi4_lite_inp_monitor.sv(38) @ 33435: uvm_test_top.env.aa.inp_mon [INPUT MONITOR] READ araddr=fc7e1ea8
UVM_INFO axi4_lite_out_monitor.sv(28) @ 33445: uvm_test_top.env.pa.out_mon [OUTPUT MONITOR] BRESP = 0 RRESP = 3 RDATA = 00000000
UVM_INFO axi4_lite_driver.sv(34) @ 33445: uvm_test_top.env.aa.drv [DRV] awaddr = fe49bfe8 wdata = 80d6ce1a wstrb = 4 araddr = fc7e1ea8
UVM_INFO axi4_lite_scoreboard.sv(68) @ 33445: uvm_test_top.env.scb [RRESP] Matched : exp_rresp=3 actual_rresp =3 write = 0 read = 1
UVM_INFO axi4_lite_scoreboard.sv(72) @ 33445: uvm_test_top.env.scb [RDATA] Matched : exp_rdata=00000000 actual_rdata =00000000
UVM_INFO axi4_lite_subscriber.sv(40) @ 33465: uvm_test_top.env.sb [sb] INPUT COVERAGE = 100.00 %
UVM_INFO axi4_lite_inp_monitor.sv(38) @ 33465: uvm_test_top.env.aa.inp_mon [INPUT MONITOR] READ araddr=92beef54
UVM_INFO axi4_lite_out_monitor.sv(28) @ 33475: uvm_test_top.env.pa.out_mon [OUTPUT MONITOR] BRESP = 0 RRESP = 3 RDATA = 00000000
UVM_INFO axi4_lite_driver.sv(34) @ 33475: uvm_test_top.env.aa.drv [DRV] awaddr = 67bce814 wdata = 272ef6d1 wstrb = c araddr = 92beef54
UVM_INFO axi4_lite_scoreboard.sv(68) @ 33475: uvm_test_top.env.scb [RRESP] Matched : exp_rresp=3 actual_rresp =3 write = 0 read = 1
UVM_INFO axi4_lite_scoreboard.sv(72) @ 33475: uvm_test_top.env.scb [RDATA] Matched : exp_rdata=00000000 actual_rdata =00000000
UVM_INFO axi4_lite_subscriber.sv(40) @ 33495: uvm_test_top.env.sb [sb] INPUT COVERAGE = 100.00 %
UVM_INFO axi4_lite_inp_monitor.sv(38) @ 33495: uvm_test_top.env.aa.inp_mon [INPUT MONITOR] READ araddr=5b4a8f28
UVM_INFO axi4_lite_out_monitor.sv(28) @ 33505: uvm_test_top.env.pa.out_mon [OUTPUT MONITOR] BRESP = 0 RRESP = 3 RDATA = 00000000
UVM_INFO axi4_lite_driver.sv(34) @ 33505: uvm_test_top.env.aa.drv [DRV] awaddr = 168c0bdc wdata = eb3b81b8 wstrb = 1 araddr = 5b4a8f28
UVM_INFO axi4_lite_scoreboard.sv(68) @ 33505: uvm_test_top.env.scb [RRESP] Matched : exp_rresp=3 actual_rresp =3 write = 0 read = 1
UVM_INFO axi4_lite_scoreboard.sv(72) @ 33505: uvm_test_top.env.scb [RDATA] Matched : exp_rdata=00000000 actual_rdata =00000000
UVM_INFO axi4_lite_subscriber.sv(40) @ 33525: uvm_test_top.env.sb [sb] INPUT COVERAGE = 100.00 %
UVM_INFO axi4_lite_inp_monitor.sv(38) @ 33525: uvm_test_top.env.aa.inp_mon [INPUT MONITOR] READ araddr=57901b98
UVM_INFO axi4_lite_out_monitor.sv(28) @ 33535: uvm_test_top.env.pa.out_mon [OUTPUT MONITOR] BRESP = 0 RRESP = 3 RDATA = 00000000
UVM_INFO axi4_lite_driver.sv(34) @ 33535: uvm_test_top.env.aa.drv [DRV] awaddr = 5e5c4004 wdata = 5e801950 wstrb = 9 araddr = 57901b98
UVM_INFO axi4_lite_scoreboard.sv(68) @ 33535: uvm_test_top.env.scb [RRESP] Matched : exp_rresp=3 actual_rresp =3 write = 0 read = 1
UVM_INFO axi4_lite_scoreboard.sv(72) @ 33535: uvm_test_top.env.scb [RDATA] Matched : exp_rdata=00000000 actual_rdata =00000000
UVM_INFO axi4_lite_subscriber.sv(40) @ 33555: uvm_test_top.env.sb [sb] INPUT COVERAGE = 100.00 %
UVM_INFO axi4_lite_inp_monitor.sv(38) @ 33555: uvm_test_top.env.aa.inp_mon [INPUT MONITOR] READ araddr=3bd23240
UVM_INFO axi4_lite_out_monitor.sv(28) @ 33565: uvm_test_top.env.pa.out_mon [OUTPUT MONITOR] BRESP = 0 RRESP = 3 RDATA = 00000000
UVM_INFO axi4_lite_driver.sv(34) @ 33565: uvm_test_top.env.aa.drv [DRV] awaddr = edf4afa4 wdata = 52718743 wstrb = 7 araddr = 3bd23240
UVM_INFO axi4_lite_scoreboard.sv(68) @ 33565: uvm_test_top.env.scb [RRESP] Matched : exp_rresp=3 actual_rresp =3 write = 0 read = 1
UVM_INFO axi4_lite_scoreboard.sv(72) @ 33565: uvm_test_top.env.scb [RDATA] Matched : exp_rdata=00000000 actual_rdata =00000000
UVM_INFO axi4_lite_subscriber.sv(40) @ 33585: uvm_test_top.env.sb [sb] INPUT COVERAGE = 100.00 %
UVM_INFO axi4_lite_inp_monitor.sv(38) @ 33585: uvm_test_top.env.aa.inp_mon [INPUT MONITOR] READ araddr=34819a08
UVM_INFO axi4_lite_out_monitor.sv(28) @ 33595: uvm_test_top.env.pa.out_mon [OUTPUT MONITOR] BRESP = 0 RRESP = 3 RDATA = 00000000
UVM_INFO axi4_lite_driver.sv(34) @ 33595: uvm_test_top.env.aa.drv [DRV] awaddr = bedc4a44 wdata = 78e773ac wstrb = f araddr = 34819a08
UVM_INFO axi4_lite_scoreboard.sv(68) @ 33595: uvm_test_top.env.scb [RRESP] Matched : exp_rresp=3 actual_rresp =3 write = 0 read = 1
UVM_INFO axi4_lite_scoreboard.sv(72) @ 33595: uvm_test_top.env.scb [RDATA] Matched : exp_rdata=00000000 actual_rdata =00000000
UVM_INFO axi4_lite_subscriber.sv(40) @ 33615: uvm_test_top.env.sb [sb] INPUT COVERAGE = 100.00 %
UVM_INFO axi4_lite_inp_monitor.sv(38) @ 33615: uvm_test_top.env.aa.inp_mon [INPUT MONITOR] READ araddr=acec0af4
UVM_INFO axi4_lite_out_monitor.sv(28) @ 33625: uvm_test_top.env.pa.out_mon [OUTPUT MONITOR] BRESP = 0 RRESP = 3 RDATA = 00000000
UVM_INFO axi4_lite_driver.sv(34) @ 33625: uvm_test_top.env.aa.drv [DRV] awaddr = f15e9bd4 wdata = 73409115 wstrb = a araddr = acec0af4
UVM_INFO axi4_lite_scoreboard.sv(68) @ 33625: uvm_test_top.env.scb [RRESP] Matched : exp_rresp=3 actual_rresp =3 write = 0 read = 1
UVM_INFO axi4_lite_scoreboard.sv(72) @ 33625: uvm_test_top.env.scb [RDATA] Matched : exp_rdata=00000000 actual_rdata =00000000
UVM_INFO axi4_lite_subscriber.sv(40) @ 33645: uvm_test_top.env.sb [sb] INPUT COVERAGE = 100.00 %
UVM_INFO axi4_lite_inp_monitor.sv(38) @ 33645: uvm_test_top.env.aa.inp_mon [INPUT MONITOR] READ araddr=926bf344
UVM_INFO axi4_lite_out_monitor.sv(28) @ 33655: uvm_test_top.env.pa.out_mon [OUTPUT MONITOR] BRESP = 0 RRESP = 3 RDATA = 00000000
UVM_INFO axi4_lite_driver.sv(34) @ 33655: uvm_test_top.env.aa.drv [DRV] awaddr = bae4d850 wdata = 9fbc4108 wstrb = 4 araddr = 926bf344
UVM_INFO axi4_lite_scoreboard.sv(68) @ 33655: uvm_test_top.env.scb [RRESP] Matched : exp_rresp=3 actual_rresp =3 write = 0 read = 1
UVM_INFO axi4_lite_scoreboard.sv(72) @ 33655: uvm_test_top.env.scb [RDATA] Matched : exp_rdata=00000000 actual_rdata =00000000
UVM_INFO axi4_lite_subscriber.sv(40) @ 33675: uvm_test_top.env.sb [sb] INPUT COVERAGE = 100.00 %
UVM_INFO axi4_lite_inp_monitor.sv(38) @ 33675: uvm_test_top.env.aa.inp_mon [INPUT MONITOR] READ araddr=1dfa7e64
UVM_INFO axi4_lite_out_monitor.sv(28) @ 33685: uvm_test_top.env.pa.out_mon [OUTPUT MONITOR] BRESP = 0 RRESP = 3 RDATA = 00000000
UVM_INFO axi4_lite_driver.sv(34) @ 33685: uvm_test_top.env.aa.drv [DRV] awaddr = 43bcfe8c wdata = 1213e616 wstrb = 1 araddr = 1dfa7e64
UVM_INFO axi4_lite_scoreboard.sv(68) @ 33685: uvm_test_top.env.scb [RRESP] Matched : exp_rresp=3 actual_rresp =3 write = 0 read = 1
UVM_INFO axi4_lite_scoreboard.sv(72) @ 33685: uvm_test_top.env.scb [RDATA] Matched : exp_rdata=00000000 actual_rdata =00000000
UVM_INFO axi4_lite_subscriber.sv(40) @ 33705: uvm_test_top.env.sb [sb] INPUT COVERAGE = 100.00 %
UVM_INFO axi4_lite_inp_monitor.sv(38) @ 33705: uvm_test_top.env.aa.inp_mon [INPUT MONITOR] READ araddr=a5f1a438
UVM_INFO axi4_lite_out_monitor.sv(28) @ 33715: uvm_test_top.env.pa.out_mon [OUTPUT MONITOR] BRESP = 0 RRESP = 3 RDATA = 00000000
UVM_INFO axi4_lite_driver.sv(34) @ 33715: uvm_test_top.env.aa.drv [DRV] awaddr = 025950dc wdata = 88498f79 wstrb = 1 araddr = a5f1a438
UVM_INFO axi4_lite_scoreboard.sv(68) @ 33715: uvm_test_top.env.scb [RRESP] Matched : exp_rresp=3 actual_rresp =3 write = 0 read = 1
UVM_INFO axi4_lite_scoreboard.sv(72) @ 33715: uvm_test_top.env.scb [RDATA] Matched : exp_rdata=00000000 actual_rdata =00000000
UVM_INFO axi4_lite_subscriber.sv(40) @ 33735: uvm_test_top.env.sb [sb] INPUT COVERAGE = 100.00 %
UVM_INFO axi4_lite_inp_monitor.sv(38) @ 33735: uvm_test_top.env.aa.inp_mon [INPUT MONITOR] READ araddr=fa9be5b8
UVM_INFO axi4_lite_out_monitor.sv(28) @ 33745: uvm_test_top.env.pa.out_mon [OUTPUT MONITOR] BRESP = 0 RRESP = 3 RDATA = 00000000
UVM_INFO axi4_lite_driver.sv(34) @ 33745: uvm_test_top.env.aa.drv [DRV] awaddr = 7d1c9028 wdata = c5230acc wstrb = c araddr = fa9be5b8
UVM_INFO axi4_lite_scoreboard.sv(68) @ 33745: uvm_test_top.env.scb [RRESP] Matched : exp_rresp=3 actual_rresp =3 write = 0 read = 1
UVM_INFO axi4_lite_scoreboard.sv(72) @ 33745: uvm_test_top.env.scb [RDATA] Matched : exp_rdata=00000000 actual_rdata =00000000
UVM_INFO axi4_lite_subscriber.sv(40) @ 33765: uvm_test_top.env.sb [sb] INPUT COVERAGE = 100.00 %
UVM_INFO axi4_lite_inp_monitor.sv(38) @ 33765: uvm_test_top.env.aa.inp_mon [INPUT MONITOR] READ araddr=3b80340c
UVM_INFO axi4_lite_out_monitor.sv(28) @ 33775: uvm_test_top.env.pa.out_mon [OUTPUT MONITOR] BRESP = 0 RRESP = 3 RDATA = 00000000
UVM_INFO axi4_lite_driver.sv(34) @ 33775: uvm_test_top.env.aa.drv [DRV] awaddr = 7f7e9e20 wdata = 47c76d42 wstrb = 6 araddr = 3b80340c
UVM_INFO axi4_lite_scoreboard.sv(68) @ 33775: uvm_test_top.env.scb [RRESP] Matched : exp_rresp=3 actual_rresp =3 write = 0 read = 1
UVM_INFO axi4_lite_scoreboard.sv(72) @ 33775: uvm_test_top.env.scb [RDATA] Matched : exp_rdata=00000000 actual_rdata =00000000
UVM_INFO axi4_lite_subscriber.sv(40) @ 33795: uvm_test_top.env.sb [sb] INPUT COVERAGE = 100.00 %
UVM_INFO axi4_lite_inp_monitor.sv(38) @ 33795: uvm_test_top.env.aa.inp_mon [INPUT MONITOR] READ araddr=d0885934
UVM_INFO axi4_lite_out_monitor.sv(28) @ 33805: uvm_test_top.env.pa.out_mon [OUTPUT MONITOR] BRESP = 0 RRESP = 3 RDATA = 00000000
UVM_INFO axi4_lite_driver.sv(34) @ 33805: uvm_test_top.env.aa.drv [DRV] awaddr = 013d40b8 wdata = 11401c6f wstrb = 6 araddr = d0885934
UVM_INFO axi4_lite_scoreboard.sv(68) @ 33805: uvm_test_top.env.scb [RRESP] Matched : exp_rresp=3 actual_rresp =3 write = 0 read = 1
UVM_INFO axi4_lite_scoreboard.sv(72) @ 33805: uvm_test_top.env.scb [RDATA] Matched : exp_rdata=00000000 actual_rdata =00000000
UVM_INFO axi4_lite_subscriber.sv(40) @ 33825: uvm_test_top.env.sb [sb] INPUT COVERAGE = 100.00 %
UVM_INFO axi4_lite_inp_monitor.sv(38) @ 33825: uvm_test_top.env.aa.inp_mon [INPUT MONITOR] READ araddr=ea302960
UVM_INFO axi4_lite_out_monitor.sv(28) @ 33835: uvm_test_top.env.pa.out_mon [OUTPUT MONITOR] BRESP = 0 RRESP = 3 RDATA = 00000000
UVM_INFO axi4_lite_driver.sv(34) @ 33835: uvm_test_top.env.aa.drv [DRV] awaddr = eaf8ce30 wdata = e55275da wstrb = a araddr = ea302960
UVM_INFO axi4_lite_scoreboard.sv(68) @ 33835: uvm_test_top.env.scb [RRESP] Matched : exp_rresp=3 actual_rresp =3 write = 0 read = 1
UVM_INFO axi4_lite_scoreboard.sv(72) @ 33835: uvm_test_top.env.scb [RDATA] Matched : exp_rdata=00000000 actual_rdata =00000000
UVM_INFO axi4_lite_subscriber.sv(40) @ 33855: uvm_test_top.env.sb [sb] INPUT COVERAGE = 100.00 %
UVM_INFO axi4_lite_inp_monitor.sv(38) @ 33855: uvm_test_top.env.aa.inp_mon [INPUT MONITOR] READ araddr=a1e2baa4
UVM_INFO axi4_lite_out_monitor.sv(28) @ 33865: uvm_test_top.env.pa.out_mon [OUTPUT MONITOR] BRESP = 0 RRESP = 3 RDATA = 00000000
UVM_INFO axi4_lite_driver.sv(34) @ 33865: uvm_test_top.env.aa.drv [DRV] awaddr = 1dfff8fc wdata = 08d3e2c0 wstrb = 7 araddr = a1e2baa4
UVM_INFO axi4_lite_scoreboard.sv(68) @ 33865: uvm_test_top.env.scb [RRESP] Matched : exp_rresp=3 actual_rresp =3 write = 0 read = 1
UVM_INFO axi4_lite_scoreboard.sv(72) @ 33865: uvm_test_top.env.scb [RDATA] Matched : exp_rdata=00000000 actual_rdata =00000000
UVM_INFO axi4_lite_subscriber.sv(40) @ 33885: uvm_test_top.env.sb [sb] INPUT COVERAGE = 100.00 %
UVM_INFO axi4_lite_inp_monitor.sv(38) @ 33885: uvm_test_top.env.aa.inp_mon [INPUT MONITOR] READ araddr=ea53487c
UVM_INFO axi4_lite_out_monitor.sv(28) @ 33895: uvm_test_top.env.pa.out_mon [OUTPUT MONITOR] BRESP = 0 RRESP = 3 RDATA = 00000000
UVM_INFO axi4_lite_driver.sv(34) @ 33895: uvm_test_top.env.aa.drv [DRV] awaddr = 5eb81be0 wdata = e13d16ac wstrb = 5 araddr = ea53487c
UVM_INFO axi4_lite_scoreboard.sv(68) @ 33895: uvm_test_top.env.scb [RRESP] Matched : exp_rresp=3 actual_rresp =3 write = 0 read = 1
UVM_INFO axi4_lite_scoreboard.sv(72) @ 33895: uvm_test_top.env.scb [RDATA] Matched : exp_rdata=00000000 actual_rdata =00000000
UVM_INFO axi4_lite_subscriber.sv(40) @ 33915: uvm_test_top.env.sb [sb] INPUT COVERAGE = 100.00 %
UVM_INFO axi4_lite_inp_monitor.sv(38) @ 33915: uvm_test_top.env.aa.inp_mon [INPUT MONITOR] READ araddr=d30aba60
UVM_INFO axi4_lite_out_monitor.sv(28) @ 33925: uvm_test_top.env.pa.out_mon [OUTPUT MONITOR] BRESP = 0 RRESP = 3 RDATA = 00000000
UVM_INFO axi4_lite_driver.sv(34) @ 33925: uvm_test_top.env.aa.drv [DRV] awaddr = f9f5bc38 wdata = 2833571f wstrb = f araddr = d30aba60
UVM_INFO axi4_lite_scoreboard.sv(68) @ 33925: uvm_test_top.env.scb [RRESP] Matched : exp_rresp=3 actual_rresp =3 write = 0 read = 1
UVM_INFO axi4_lite_scoreboard.sv(72) @ 33925: uvm_test_top.env.scb [RDATA] Matched : exp_rdata=00000000 actual_rdata =00000000
UVM_INFO axi4_lite_subscriber.sv(40) @ 33945: uvm_test_top.env.sb [sb] INPUT COVERAGE = 100.00 %
UVM_INFO axi4_lite_inp_monitor.sv(38) @ 33945: uvm_test_top.env.aa.inp_mon [INPUT MONITOR] READ araddr=a7c461d4
UVM_INFO axi4_lite_out_monitor.sv(28) @ 33955: uvm_test_top.env.pa.out_mon [OUTPUT MONITOR] BRESP = 0 RRESP = 3 RDATA = 00000000
UVM_INFO axi4_lite_driver.sv(34) @ 33955: uvm_test_top.env.aa.drv [DRV] awaddr = 0edf06a0 wdata = 5f5b9ebf wstrb = 4 araddr = a7c461d4
UVM_INFO axi4_lite_scoreboard.sv(68) @ 33955: uvm_test_top.env.scb [RRESP] Matched : exp_rresp=3 actual_rresp =3 write = 0 read = 1
UVM_INFO axi4_lite_scoreboard.sv(72) @ 33955: uvm_test_top.env.scb [RDATA] Matched : exp_rdata=00000000 actual_rdata =00000000
UVM_INFO axi4_lite_subscriber.sv(40) @ 33975: uvm_test_top.env.sb [sb] INPUT COVERAGE = 100.00 %
UVM_INFO axi4_lite_inp_monitor.sv(38) @ 33975: uvm_test_top.env.aa.inp_mon [INPUT MONITOR] READ araddr=b638f388
UVM_INFO axi4_lite_out_monitor.sv(28) @ 33985: uvm_test_top.env.pa.out_mon [OUTPUT MONITOR] BRESP = 0 RRESP = 3 RDATA = 00000000
UVM_INFO axi4_lite_driver.sv(34) @ 33985: uvm_test_top.env.aa.drv [DRV] awaddr = b9480b64 wdata = 05e893e8 wstrb = f araddr = b638f388
UVM_INFO axi4_lite_scoreboard.sv(68) @ 33985: uvm_test_top.env.scb [RRESP] Matched : exp_rresp=3 actual_rresp =3 write = 0 read = 1
UVM_INFO axi4_lite_scoreboard.sv(72) @ 33985: uvm_test_top.env.scb [RDATA] Matched : exp_rdata=00000000 actual_rdata =00000000
UVM_INFO axi4_lite_subscriber.sv(40) @ 34005: uvm_test_top.env.sb [sb] INPUT COVERAGE = 100.00 %
UVM_INFO axi4_lite_inp_monitor.sv(38) @ 34005: uvm_test_top.env.aa.inp_mon [INPUT MONITOR] READ araddr=113ec638
UVM_INFO axi4_lite_out_monitor.sv(28) @ 34015: uvm_test_top.env.pa.out_mon [OUTPUT MONITOR] BRESP = 0 RRESP = 3 RDATA = 00000000
UVM_INFO axi4_lite_driver.sv(34) @ 34015: uvm_test_top.env.aa.drv [DRV] awaddr = 442ad438 wdata = 33ea114a wstrb = d araddr = 113ec638
UVM_INFO axi4_lite_scoreboard.sv(68) @ 34015: uvm_test_top.env.scb [RRESP] Matched : exp_rresp=3 actual_rresp =3 write = 0 read = 1
UVM_INFO axi4_lite_scoreboard.sv(72) @ 34015: uvm_test_top.env.scb [RDATA] Matched : exp_rdata=00000000 actual_rdata =00000000
UVM_INFO axi4_lite_subscriber.sv(40) @ 34035: uvm_test_top.env.sb [sb] INPUT COVERAGE = 100.00 %
UVM_INFO axi4_lite_inp_monitor.sv(38) @ 34035: uvm_test_top.env.aa.inp_mon [INPUT MONITOR] READ araddr=569cdb2c
UVM_INFO axi4_lite_out_monitor.sv(28) @ 34045: uvm_test_top.env.pa.out_mon [OUTPUT MONITOR] BRESP = 0 RRESP = 3 RDATA = 00000000
UVM_INFO axi4_lite_driver.sv(34) @ 34045: uvm_test_top.env.aa.drv [DRV] awaddr = 667461ac wdata = 1c6c35af wstrb = 6 araddr = 569cdb2c
UVM_INFO axi4_lite_scoreboard.sv(68) @ 34045: uvm_test_top.env.scb [RRESP] Matched : exp_rresp=3 actual_rresp =3 write = 0 read = 1
UVM_INFO axi4_lite_scoreboard.sv(72) @ 34045: uvm_test_top.env.scb [RDATA] Matched : exp_rdata=00000000 actual_rdata =00000000
UVM_INFO axi4_lite_subscriber.sv(40) @ 34065: uvm_test_top.env.sb [sb] INPUT COVERAGE = 100.00 %
UVM_INFO axi4_lite_inp_monitor.sv(38) @ 34065: uvm_test_top.env.aa.inp_mon [INPUT MONITOR] READ araddr=b7762968
UVM_INFO axi4_lite_out_monitor.sv(28) @ 34075: uvm_test_top.env.pa.out_mon [OUTPUT MONITOR] BRESP = 0 RRESP = 3 RDATA = 00000000
UVM_INFO axi4_lite_driver.sv(34) @ 34075: uvm_test_top.env.aa.drv [DRV] awaddr = 3cfe1404 wdata = 45d4483a wstrb = 8 araddr = b7762968
UVM_INFO axi4_lite_scoreboard.sv(68) @ 34075: uvm_test_top.env.scb [RRESP] Matched : exp_rresp=3 actual_rresp =3 write = 0 read = 1
UVM_INFO axi4_lite_scoreboard.sv(72) @ 34075: uvm_test_top.env.scb [RDATA] Matched : exp_rdata=00000000 actual_rdata =00000000
UVM_INFO axi4_lite_subscriber.sv(40) @ 34095: uvm_test_top.env.sb [sb] INPUT COVERAGE = 100.00 %
UVM_INFO axi4_lite_inp_monitor.sv(38) @ 34095: uvm_test_top.env.aa.inp_mon [INPUT MONITOR] READ araddr=7a128944
UVM_INFO axi4_lite_out_monitor.sv(28) @ 34105: uvm_test_top.env.pa.out_mon [OUTPUT MONITOR] BRESP = 0 RRESP = 3 RDATA = 00000000
UVM_INFO axi4_lite_driver.sv(34) @ 34105: uvm_test_top.env.aa.drv [DRV] awaddr = 156d9348 wdata = f31837cd wstrb = 7 araddr = 7a128944
UVM_INFO axi4_lite_scoreboard.sv(68) @ 34105: uvm_test_top.env.scb [RRESP] Matched : exp_rresp=3 actual_rresp =3 write = 0 read = 1
UVM_INFO axi4_lite_scoreboard.sv(72) @ 34105: uvm_test_top.env.scb [RDATA] Matched : exp_rdata=00000000 actual_rdata =00000000
UVM_INFO axi4_lite_subscriber.sv(40) @ 34125: uvm_test_top.env.sb [sb] INPUT COVERAGE = 100.00 %
UVM_INFO axi4_lite_inp_monitor.sv(38) @ 34125: uvm_test_top.env.aa.inp_mon [INPUT MONITOR] READ araddr=cd3d5cc4
UVM_INFO axi4_lite_out_monitor.sv(28) @ 34135: uvm_test_top.env.pa.out_mon [OUTPUT MONITOR] BRESP = 0 RRESP = 3 RDATA = 00000000
UVM_INFO axi4_lite_driver.sv(34) @ 34135: uvm_test_top.env.aa.drv [DRV] awaddr = 3b6f21b0 wdata = 8efbfaba wstrb = d araddr = cd3d5cc4
UVM_INFO axi4_lite_scoreboard.sv(68) @ 34135: uvm_test_top.env.scb [RRESP] Matched : exp_rresp=3 actual_rresp =3 write = 0 read = 1
UVM_INFO axi4_lite_scoreboard.sv(72) @ 34135: uvm_test_top.env.scb [RDATA] Matched : exp_rdata=00000000 actual_rdata =00000000
UVM_INFO axi4_lite_subscriber.sv(40) @ 34155: uvm_test_top.env.sb [sb] INPUT COVERAGE = 100.00 %
UVM_INFO axi4_lite_inp_monitor.sv(38) @ 34155: uvm_test_top.env.aa.inp_mon [INPUT MONITOR] READ araddr=a2cb9b08
UVM_INFO axi4_lite_out_monitor.sv(28) @ 34165: uvm_test_top.env.pa.out_mon [OUTPUT MONITOR] BRESP = 0 RRESP = 3 RDATA = 00000000
UVM_INFO axi4_lite_driver.sv(34) @ 34165: uvm_test_top.env.aa.drv [DRV] awaddr = 564c9d48 wdata = 18621f06 wstrb = 7 araddr = a2cb9b08
UVM_INFO axi4_lite_scoreboard.sv(68) @ 34165: uvm_test_top.env.scb [RRESP] Matched : exp_rresp=3 actual_rresp =3 write = 0 read = 1
UVM_INFO axi4_lite_scoreboard.sv(72) @ 34165: uvm_test_top.env.scb [RDATA] Matched : exp_rdata=00000000 actual_rdata =00000000
UVM_INFO axi4_lite_subscriber.sv(40) @ 34185: uvm_test_top.env.sb [sb] INPUT COVERAGE = 100.00 %
UVM_INFO axi4_lite_inp_monitor.sv(38) @ 34185: uvm_test_top.env.aa.inp_mon [INPUT MONITOR] READ araddr=bcfaf0a4
UVM_INFO axi4_lite_out_monitor.sv(28) @ 34195: uvm_test_top.env.pa.out_mon [OUTPUT MONITOR] BRESP = 0 RRESP = 3 RDATA = 00000000
UVM_INFO axi4_lite_driver.sv(34) @ 34195: uvm_test_top.env.aa.drv [DRV] awaddr = abf71354 wdata = a24a205f wstrb = d araddr = bcfaf0a4
UVM_INFO axi4_lite_scoreboard.sv(68) @ 34195: uvm_test_top.env.scb [RRESP] Matched : exp_rresp=3 actual_rresp =3 write = 0 read = 1
UVM_INFO axi4_lite_scoreboard.sv(72) @ 34195: uvm_test_top.env.scb [RDATA] Matched : exp_rdata=00000000 actual_rdata =00000000
UVM_INFO axi4_lite_subscriber.sv(40) @ 34215: uvm_test_top.env.sb [sb] INPUT COVERAGE = 100.00 %
UVM_INFO axi4_lite_inp_monitor.sv(38) @ 34215: uvm_test_top.env.aa.inp_mon [INPUT MONITOR] READ araddr=a72604fc
UVM_INFO axi4_lite_out_monitor.sv(28) @ 34225: uvm_test_top.env.pa.out_mon [OUTPUT MONITOR] BRESP = 0 RRESP = 3 RDATA = 00000000
UVM_INFO axi4_lite_driver.sv(34) @ 34225: uvm_test_top.env.aa.drv [DRV] awaddr = a687e314 wdata = 6f5b04ec wstrb = e araddr = a72604fc
UVM_INFO axi4_lite_scoreboard.sv(68) @ 34225: uvm_test_top.env.scb [RRESP] Matched : exp_rresp=3 actual_rresp =3 write = 0 read = 1
UVM_INFO axi4_lite_scoreboard.sv(72) @ 34225: uvm_test_top.env.scb [RDATA] Matched : exp_rdata=00000000 actual_rdata =00000000
UVM_INFO axi4_lite_subscriber.sv(40) @ 34245: uvm_test_top.env.sb [sb] INPUT COVERAGE = 100.00 %
UVM_INFO axi4_lite_inp_monitor.sv(38) @ 34245: uvm_test_top.env.aa.inp_mon [INPUT MONITOR] READ araddr=f2a821e8
UVM_INFO axi4_lite_out_monitor.sv(28) @ 34255: uvm_test_top.env.pa.out_mon [OUTPUT MONITOR] BRESP = 0 RRESP = 3 RDATA = 00000000
UVM_INFO axi4_lite_driver.sv(34) @ 34255: uvm_test_top.env.aa.drv [DRV] awaddr = 0c7d9a7c wdata = 869686ab wstrb = 7 araddr = f2a821e8
UVM_INFO axi4_lite_scoreboard.sv(68) @ 34255: uvm_test_top.env.scb [RRESP] Matched : exp_rresp=3 actual_rresp =3 write = 0 read = 1
UVM_INFO axi4_lite_scoreboard.sv(72) @ 34255: uvm_test_top.env.scb [RDATA] Matched : exp_rdata=00000000 actual_rdata =00000000
UVM_INFO axi4_lite_subscriber.sv(40) @ 34275: uvm_test_top.env.sb [sb] INPUT COVERAGE = 100.00 %
UVM_INFO axi4_lite_inp_monitor.sv(38) @ 34275: uvm_test_top.env.aa.inp_mon [INPUT MONITOR] READ araddr=1a07d42c
UVM_INFO axi4_lite_out_monitor.sv(28) @ 34285: uvm_test_top.env.pa.out_mon [OUTPUT MONITOR] BRESP = 0 RRESP = 3 RDATA = 00000000
UVM_INFO axi4_lite_driver.sv(34) @ 34285: uvm_test_top.env.aa.drv [DRV] awaddr = 77d07a44 wdata = c5be1025 wstrb = c araddr = 1a07d42c
UVM_INFO axi4_lite_scoreboard.sv(68) @ 34285: uvm_test_top.env.scb [RRESP] Matched : exp_rresp=3 actual_rresp =3 write = 0 read = 1
UVM_INFO axi4_lite_scoreboard.sv(72) @ 34285: uvm_test_top.env.scb [RDATA] Matched : exp_rdata=00000000 actual_rdata =00000000
UVM_INFO axi4_lite_subscriber.sv(40) @ 34305: uvm_test_top.env.sb [sb] INPUT COVERAGE = 100.00 %
UVM_INFO axi4_lite_inp_monitor.sv(38) @ 34305: uvm_test_top.env.aa.inp_mon [INPUT MONITOR] READ araddr=463f1f3c
UVM_INFO axi4_lite_out_monitor.sv(28) @ 34315: uvm_test_top.env.pa.out_mon [OUTPUT MONITOR] BRESP = 0 RRESP = 3 RDATA = 00000000
UVM_INFO axi4_lite_driver.sv(34) @ 34315: uvm_test_top.env.aa.drv [DRV] awaddr = 80a5c858 wdata = d1aa89b0 wstrb = 5 araddr = 463f1f3c
UVM_INFO axi4_lite_scoreboard.sv(68) @ 34315: uvm_test_top.env.scb [RRESP] Matched : exp_rresp=3 actual_rresp =3 write = 0 read = 1
UVM_INFO axi4_lite_scoreboard.sv(72) @ 34315: uvm_test_top.env.scb [RDATA] Matched : exp_rdata=00000000 actual_rdata =00000000
UVM_INFO axi4_lite_subscriber.sv(40) @ 34335: uvm_test_top.env.sb [sb] INPUT COVERAGE = 100.00 %
UVM_INFO axi4_lite_inp_monitor.sv(38) @ 34335: uvm_test_top.env.aa.inp_mon [INPUT MONITOR] READ araddr=bdf9c02c
UVM_INFO axi4_lite_out_monitor.sv(28) @ 34345: uvm_test_top.env.pa.out_mon [OUTPUT MONITOR] BRESP = 0 RRESP = 3 RDATA = 00000000
UVM_INFO axi4_lite_driver.sv(34) @ 34345: uvm_test_top.env.aa.drv [DRV] awaddr = 0448be34 wdata = 6126e883 wstrb = 3 araddr = bdf9c02c
UVM_INFO axi4_lite_scoreboard.sv(68) @ 34345: uvm_test_top.env.scb [RRESP] Matched : exp_rresp=3 actual_rresp =3 write = 0 read = 1
UVM_INFO axi4_lite_scoreboard.sv(72) @ 34345: uvm_test_top.env.scb [RDATA] Matched : exp_rdata=00000000 actual_rdata =00000000
UVM_INFO axi4_lite_subscriber.sv(40) @ 34365: uvm_test_top.env.sb [sb] INPUT COVERAGE = 100.00 %
UVM_INFO axi4_lite_inp_monitor.sv(38) @ 34365: uvm_test_top.env.aa.inp_mon [INPUT MONITOR] READ araddr=9b115cc4
UVM_INFO axi4_lite_out_monitor.sv(28) @ 34375: uvm_test_top.env.pa.out_mon [OUTPUT MONITOR] BRESP = 0 RRESP = 3 RDATA = 00000000
UVM_INFO axi4_lite_driver.sv(34) @ 34375: uvm_test_top.env.aa.drv [DRV] awaddr = 1ee180b8 wdata = 0139ec19 wstrb = c araddr = 9b115cc4
UVM_INFO axi4_lite_scoreboard.sv(68) @ 34375: uvm_test_top.env.scb [RRESP] Matched : exp_rresp=3 actual_rresp =3 write = 0 read = 1
UVM_INFO axi4_lite_scoreboard.sv(72) @ 34375: uvm_test_top.env.scb [RDATA] Matched : exp_rdata=00000000 actual_rdata =00000000
UVM_INFO axi4_lite_subscriber.sv(40) @ 34395: uvm_test_top.env.sb [sb] INPUT COVERAGE = 100.00 %
UVM_INFO axi4_lite_inp_monitor.sv(38) @ 34395: uvm_test_top.env.aa.inp_mon [INPUT MONITOR] READ araddr=ab804cf8
UVM_INFO axi4_lite_out_monitor.sv(28) @ 34405: uvm_test_top.env.pa.out_mon [OUTPUT MONITOR] BRESP = 0 RRESP = 3 RDATA = 00000000
UVM_INFO axi4_lite_driver.sv(34) @ 34405: uvm_test_top.env.aa.drv [DRV] awaddr = d9fadb68 wdata = 516210af wstrb = a araddr = ab804cf8
UVM_INFO axi4_lite_scoreboard.sv(68) @ 34405: uvm_test_top.env.scb [RRESP] Matched : exp_rresp=3 actual_rresp =3 write = 0 read = 1
UVM_INFO axi4_lite_scoreboard.sv(72) @ 34405: uvm_test_top.env.scb [RDATA] Matched : exp_rdata=00000000 actual_rdata =00000000
UVM_INFO axi4_lite_subscriber.sv(40) @ 34425: uvm_test_top.env.sb [sb] INPUT COVERAGE = 100.00 %
UVM_INFO axi4_lite_inp_monitor.sv(38) @ 34425: uvm_test_top.env.aa.inp_mon [INPUT MONITOR] READ araddr=6cf43744
UVM_INFO axi4_lite_out_monitor.sv(28) @ 34435: uvm_test_top.env.pa.out_mon [OUTPUT MONITOR] BRESP = 0 RRESP = 3 RDATA = 00000000
UVM_INFO axi4_lite_driver.sv(34) @ 34435: uvm_test_top.env.aa.drv [DRV] awaddr = 46bf1d24 wdata = a34e3b10 wstrb = 7 araddr = 6cf43744
UVM_INFO axi4_lite_scoreboard.sv(68) @ 34435: uvm_test_top.env.scb [RRESP] Matched : exp_rresp=3 actual_rresp =3 write = 0 read = 1
UVM_INFO axi4_lite_scoreboard.sv(72) @ 34435: uvm_test_top.env.scb [RDATA] Matched : exp_rdata=00000000 actual_rdata =00000000
UVM_INFO axi4_lite_subscriber.sv(40) @ 34455: uvm_test_top.env.sb [sb] INPUT COVERAGE = 100.00 %
UVM_INFO axi4_lite_inp_monitor.sv(38) @ 34455: uvm_test_top.env.aa.inp_mon [INPUT MONITOR] READ araddr=61b1f334
UVM_INFO axi4_lite_out_monitor.sv(28) @ 34465: uvm_test_top.env.pa.out_mon [OUTPUT MONITOR] BRESP = 0 RRESP = 3 RDATA = 00000000
UVM_INFO axi4_lite_driver.sv(34) @ 34465: uvm_test_top.env.aa.drv [DRV] awaddr = b1e2c210 wdata = cb8bf27d wstrb = 5 araddr = 61b1f334
UVM_INFO axi4_lite_scoreboard.sv(68) @ 34465: uvm_test_top.env.scb [RRESP] Matched : exp_rresp=3 actual_rresp =3 write = 0 read = 1
UVM_INFO axi4_lite_scoreboard.sv(72) @ 34465: uvm_test_top.env.scb [RDATA] Matched : exp_rdata=00000000 actual_rdata =00000000
UVM_INFO axi4_lite_subscriber.sv(40) @ 34485: uvm_test_top.env.sb [sb] INPUT COVERAGE = 100.00 %
UVM_INFO axi4_lite_inp_monitor.sv(38) @ 34485: uvm_test_top.env.aa.inp_mon [INPUT MONITOR] READ araddr=3e040678
UVM_INFO axi4_lite_out_monitor.sv(28) @ 34495: uvm_test_top.env.pa.out_mon [OUTPUT MONITOR] BRESP = 0 RRESP = 3 RDATA = 00000000
UVM_INFO axi4_lite_driver.sv(34) @ 34495: uvm_test_top.env.aa.drv [DRV] awaddr = bdb23700 wdata = 6f232df8 wstrb = c araddr = 3e040678
UVM_INFO axi4_lite_scoreboard.sv(68) @ 34495: uvm_test_top.env.scb [RRESP] Matched : exp_rresp=3 actual_rresp =3 write = 0 read = 1
UVM_INFO axi4_lite_scoreboard.sv(72) @ 34495: uvm_test_top.env.scb [RDATA] Matched : exp_rdata=00000000 actual_rdata =00000000
UVM_INFO axi4_lite_subscriber.sv(40) @ 34515: uvm_test_top.env.sb [sb] INPUT COVERAGE = 100.00 %
UVM_INFO axi4_lite_inp_monitor.sv(38) @ 34515: uvm_test_top.env.aa.inp_mon [INPUT MONITOR] READ araddr=0f14363c
UVM_INFO axi4_lite_out_monitor.sv(28) @ 34525: uvm_test_top.env.pa.out_mon [OUTPUT MONITOR] BRESP = 0 RRESP = 3 RDATA = 00000000
UVM_INFO axi4_lite_driver.sv(34) @ 34525: uvm_test_top.env.aa.drv [DRV] awaddr = 673eca24 wdata = 6f4a5b21 wstrb = f araddr = 0f14363c
UVM_INFO axi4_lite_scoreboard.sv(68) @ 34525: uvm_test_top.env.scb [RRESP] Matched : exp_rresp=3 actual_rresp =3 write = 0 read = 1
UVM_INFO axi4_lite_scoreboard.sv(72) @ 34525: uvm_test_top.env.scb [RDATA] Matched : exp_rdata=00000000 actual_rdata =00000000
UVM_INFO axi4_lite_subscriber.sv(40) @ 34545: uvm_test_top.env.sb [sb] INPUT COVERAGE = 100.00 %
UVM_INFO axi4_lite_inp_monitor.sv(38) @ 34545: uvm_test_top.env.aa.inp_mon [INPUT MONITOR] READ araddr=0f7759d4
UVM_INFO axi4_lite_out_monitor.sv(28) @ 34555: uvm_test_top.env.pa.out_mon [OUTPUT MONITOR] BRESP = 0 RRESP = 3 RDATA = 00000000
UVM_INFO axi4_lite_driver.sv(34) @ 34555: uvm_test_top.env.aa.drv [DRV] awaddr = 5d5851b0 wdata = 35b40ec2 wstrb = 4 araddr = 0f7759d4
UVM_INFO axi4_lite_scoreboard.sv(68) @ 34555: uvm_test_top.env.scb [RRESP] Matched : exp_rresp=3 actual_rresp =3 write = 0 read = 1
UVM_INFO axi4_lite_scoreboard.sv(72) @ 34555: uvm_test_top.env.scb [RDATA] Matched : exp_rdata=00000000 actual_rdata =00000000
UVM_INFO axi4_lite_subscriber.sv(40) @ 34575: uvm_test_top.env.sb [sb] INPUT COVERAGE = 100.00 %
UVM_INFO axi4_lite_inp_monitor.sv(38) @ 34575: uvm_test_top.env.aa.inp_mon [INPUT MONITOR] READ araddr=2ba8e6cc
UVM_INFO axi4_lite_out_monitor.sv(28) @ 34585: uvm_test_top.env.pa.out_mon [OUTPUT MONITOR] BRESP = 0 RRESP = 3 RDATA = 00000000
UVM_INFO axi4_lite_driver.sv(34) @ 34585: uvm_test_top.env.aa.drv [DRV] awaddr = c0bf1720 wdata = 0dc98f78 wstrb = 6 araddr = 2ba8e6cc
UVM_INFO axi4_lite_scoreboard.sv(68) @ 34585: uvm_test_top.env.scb [RRESP] Matched : exp_rresp=3 actual_rresp =3 write = 0 read = 1
UVM_INFO axi4_lite_scoreboard.sv(72) @ 34585: uvm_test_top.env.scb [RDATA] Matched : exp_rdata=00000000 actual_rdata =00000000
UVM_INFO axi4_lite_subscriber.sv(40) @ 34605: uvm_test_top.env.sb [sb] INPUT COVERAGE = 100.00 %
UVM_INFO axi4_lite_inp_monitor.sv(38) @ 34605: uvm_test_top.env.aa.inp_mon [INPUT MONITOR] READ araddr=6d0fb8f4
UVM_INFO axi4_lite_out_monitor.sv(28) @ 34615: uvm_test_top.env.pa.out_mon [OUTPUT MONITOR] BRESP = 0 RRESP = 3 RDATA = 00000000
UVM_INFO axi4_lite_driver.sv(34) @ 34615: uvm_test_top.env.aa.drv [DRV] awaddr = 8ac89208 wdata = 11344bed wstrb = 8 araddr = 6d0fb8f4
UVM_INFO axi4_lite_scoreboard.sv(68) @ 34615: uvm_test_top.env.scb [RRESP] Matched : exp_rresp=3 actual_rresp =3 write = 0 read = 1
UVM_INFO axi4_lite_scoreboard.sv(72) @ 34615: uvm_test_top.env.scb [RDATA] Matched : exp_rdata=00000000 actual_rdata =00000000
UVM_INFO axi4_lite_subscriber.sv(40) @ 34635: uvm_test_top.env.sb [sb] INPUT COVERAGE = 100.00 %
UVM_INFO axi4_lite_inp_monitor.sv(38) @ 34635: uvm_test_top.env.aa.inp_mon [INPUT MONITOR] READ araddr=6a56118c
UVM_INFO axi4_lite_out_monitor.sv(28) @ 34645: uvm_test_top.env.pa.out_mon [OUTPUT MONITOR] BRESP = 0 RRESP = 3 RDATA = 00000000
UVM_INFO axi4_lite_driver.sv(34) @ 34645: uvm_test_top.env.aa.drv [DRV] awaddr = f336fdc4 wdata = 7fabd029 wstrb = 0 araddr = 6a56118c
UVM_INFO axi4_lite_scoreboard.sv(68) @ 34645: uvm_test_top.env.scb [RRESP] Matched : exp_rresp=3 actual_rresp =3 write = 0 read = 1
UVM_INFO axi4_lite_scoreboard.sv(72) @ 34645: uvm_test_top.env.scb [RDATA] Matched : exp_rdata=00000000 actual_rdata =00000000
UVM_INFO axi4_lite_subscriber.sv(40) @ 34665: uvm_test_top.env.sb [sb] INPUT COVERAGE = 100.00 %
UVM_INFO axi4_lite_inp_monitor.sv(38) @ 34665: uvm_test_top.env.aa.inp_mon [INPUT MONITOR] READ araddr=f435cef0
UVM_INFO axi4_lite_out_monitor.sv(28) @ 34675: uvm_test_top.env.pa.out_mon [OUTPUT MONITOR] BRESP = 0 RRESP = 3 RDATA = 00000000
UVM_INFO axi4_lite_driver.sv(34) @ 34675: uvm_test_top.env.aa.drv [DRV] awaddr = 02a94d3c wdata = 9cfe9948 wstrb = c araddr = f435cef0
UVM_INFO axi4_lite_scoreboard.sv(68) @ 34675: uvm_test_top.env.scb [RRESP] Matched : exp_rresp=3 actual_rresp =3 write = 0 read = 1
UVM_INFO axi4_lite_scoreboard.sv(72) @ 34675: uvm_test_top.env.scb [RDATA] Matched : exp_rdata=00000000 actual_rdata =00000000
UVM_INFO axi4_lite_subscriber.sv(40) @ 34695: uvm_test_top.env.sb [sb] INPUT COVERAGE = 100.00 %
UVM_INFO axi4_lite_inp_monitor.sv(38) @ 34695: uvm_test_top.env.aa.inp_mon [INPUT MONITOR] READ araddr=68637088
UVM_INFO axi4_lite_out_monitor.sv(28) @ 34705: uvm_test_top.env.pa.out_mon [OUTPUT MONITOR] BRESP = 0 RRESP = 3 RDATA = 00000000
UVM_INFO axi4_lite_driver.sv(34) @ 34705: uvm_test_top.env.aa.drv [DRV] awaddr = 13e24d40 wdata = a946a091 wstrb = c araddr = 68637088
UVM_INFO axi4_lite_scoreboard.sv(68) @ 34705: uvm_test_top.env.scb [RRESP] Matched : exp_rresp=3 actual_rresp =3 write = 0 read = 1
UVM_INFO axi4_lite_scoreboard.sv(72) @ 34705: uvm_test_top.env.scb [RDATA] Matched : exp_rdata=00000000 actual_rdata =00000000
Read decerr completed
UVM_INFO axi4_lite_subscriber.sv(40) @ 34755: uvm_test_top.env.sb [sb] INPUT COVERAGE = 100.00 %
UVM_INFO axi4_lite_inp_monitor.sv(44) @ 34755: uvm_test_top.env.aa.inp_mon [INPUT MONITOR]  WRITE awaddr=c55a96f8 wdata=0c754280 wstrb=1100 
UVM_INFO axi4_lite_out_monitor.sv(28) @ 34775: uvm_test_top.env.pa.out_mon [OUTPUT MONITOR] BRESP = 3 RRESP = 0 RDATA = 00000000
UVM_INFO axi4_lite_scoreboard.sv(52) @ 34775: uvm_test_top.env.scb [BRESP] Matched : exp_bresp= 3 actual_bresp=3 write = 1 read = 0
UVM_INFO axi4_lite_subscriber.sv(40) @ 34785: uvm_test_top.env.sb [sb] INPUT COVERAGE = 100.00 %
UVM_INFO axi4_lite_inp_monitor.sv(38) @ 34785: uvm_test_top.env.aa.inp_mon [INPUT MONITOR] READ araddr=00000004
UVM_INFO axi4_lite_out_monitor.sv(28) @ 34795: uvm_test_top.env.pa.out_mon [OUTPUT MONITOR] BRESP = 0 RRESP = 0 RDATA = 00000000
UVM_INFO axi4_lite_driver.sv(34) @ 34795: uvm_test_top.env.aa.drv [DRV] awaddr = c55a96f8 wdata = 0c754280 wstrb = c araddr = 00000004
UVM_INFO axi4_lite_scoreboard.sv(68) @ 34795: uvm_test_top.env.scb [RRESP] Matched : exp_rresp=0 actual_rresp =0 write = 0 read = 1
UVM_ERROR axi4_lite_scoreboard.sv(74) @ 34795: uvm_test_top.env.scb [RDATA] Mismatched : exp_rdata= 45939a1b actual_rdata=00000000 
UVM_INFO axi4_lite_subscriber.sv(40) @ 34835: uvm_test_top.env.sb [sb] INPUT COVERAGE = 100.00 %
UVM_INFO axi4_lite_inp_monitor.sv(44) @ 34835: uvm_test_top.env.aa.inp_mon [INPUT MONITOR]  WRITE awaddr=fc22ce7c wdata=0af08b58 wstrb=1101 
UVM_INFO axi4_lite_out_monitor.sv(28) @ 34855: uvm_test_top.env.pa.out_mon [OUTPUT MONITOR] BRESP = 3 RRESP = 0 RDATA = 00000000
UVM_INFO axi4_lite_scoreboard.sv(52) @ 34855: uvm_test_top.env.scb [BRESP] Matched : exp_bresp= 3 actual_bresp=3 write = 1 read = 0
UVM_INFO axi4_lite_subscriber.sv(40) @ 34865: uvm_test_top.env.sb [sb] INPUT COVERAGE = 100.00 %
UVM_INFO axi4_lite_inp_monitor.sv(38) @ 34865: uvm_test_top.env.aa.inp_mon [INPUT MONITOR] READ araddr=00000028
UVM_INFO axi4_lite_out_monitor.sv(28) @ 34875: uvm_test_top.env.pa.out_mon [OUTPUT MONITOR] BRESP = 0 RRESP = 0 RDATA = 00000000
UVM_INFO axi4_lite_driver.sv(34) @ 34875: uvm_test_top.env.aa.drv [DRV] awaddr = fc22ce7c wdata = 0af08b58 wstrb = d araddr = 00000028
UVM_INFO axi4_lite_scoreboard.sv(68) @ 34875: uvm_test_top.env.scb [RRESP] Matched : exp_rresp=0 actual_rresp =0 write = 0 read = 1
UVM_INFO axi4_lite_scoreboard.sv(72) @ 34875: uvm_test_top.env.scb [RDATA] Matched : exp_rdata=00000000 actual_rdata =00000000
UVM_INFO axi4_lite_subscriber.sv(40) @ 34915: uvm_test_top.env.sb [sb] INPUT COVERAGE = 100.00 %
UVM_INFO axi4_lite_inp_monitor.sv(44) @ 34915: uvm_test_top.env.aa.inp_mon [INPUT MONITOR]  WRITE awaddr=b5b821b0 wdata=f1c2174a wstrb=0110 
UVM_INFO axi4_lite_out_monitor.sv(28) @ 34935: uvm_test_top.env.pa.out_mon [OUTPUT MONITOR] BRESP = 3 RRESP = 0 RDATA = 00000000
UVM_INFO axi4_lite_scoreboard.sv(52) @ 34935: uvm_test_top.env.scb [BRESP] Matched : exp_bresp= 3 actual_bresp=3 write = 1 read = 0
UVM_INFO axi4_lite_subscriber.sv(40) @ 34945: uvm_test_top.env.sb [sb] INPUT COVERAGE = 100.00 %
UVM_INFO axi4_lite_inp_monitor.sv(38) @ 34945: uvm_test_top.env.aa.inp_mon [INPUT MONITOR] READ araddr=00000034
UVM_INFO axi4_lite_out_monitor.sv(28) @ 34955: uvm_test_top.env.pa.out_mon [OUTPUT MONITOR] BRESP = 0 RRESP = 2 RDATA = 00000000
UVM_INFO axi4_lite_driver.sv(34) @ 34955: uvm_test_top.env.aa.drv [DRV] awaddr = b5b821b0 wdata = f1c2174a wstrb = 6 araddr = 00000034
UVM_INFO axi4_lite_scoreboard.sv(68) @ 34955: uvm_test_top.env.scb [RRESP] Matched : exp_rresp=2 actual_rresp =2 write = 0 read = 1
UVM_INFO axi4_lite_scoreboard.sv(72) @ 34955: uvm_test_top.env.scb [RDATA] Matched : exp_rdata=00000000 actual_rdata =00000000
UVM_INFO axi4_lite_subscriber.sv(40) @ 35005: uvm_test_top.env.sb [sb] INPUT COVERAGE = 100.00 %
UVM_INFO axi4_lite_inp_monitor.sv(44) @ 35005: uvm_test_top.env.aa.inp_mon [INPUT MONITOR]  WRITE awaddr=9b37d4dc wdata=6cda15b3 wstrb=0000 
UVM_INFO axi4_lite_out_monitor.sv(28) @ 35025: uvm_test_top.env.pa.out_mon [OUTPUT MONITOR] BRESP = 3 RRESP = 0 RDATA = 00000000
UVM_INFO axi4_lite_scoreboard.sv(52) @ 35025: uvm_test_top.env.scb [BRESP] Matched : exp_bresp= 3 actual_bresp=3 write = 1 read = 0
UVM_INFO axi4_lite_subscriber.sv(40) @ 35035: uvm_test_top.env.sb [sb] INPUT COVERAGE = 100.00 %
UVM_INFO axi4_lite_inp_monitor.sv(38) @ 35035: uvm_test_top.env.aa.inp_mon [INPUT MONITOR] READ araddr=0000001c
UVM_INFO axi4_lite_out_monitor.sv(28) @ 35045: uvm_test_top.env.pa.out_mon [OUTPUT MONITOR] BRESP = 0 RRESP = 0 RDATA = 00000000
UVM_INFO axi4_lite_driver.sv(34) @ 35045: uvm_test_top.env.aa.drv [DRV] awaddr = 9b37d4dc wdata = 6cda15b3 wstrb = 0 araddr = 0000001c
UVM_INFO axi4_lite_scoreboard.sv(68) @ 35045: uvm_test_top.env.scb [RRESP] Matched : exp_rresp=0 actual_rresp =0 write = 0 read = 1
UVM_ERROR axi4_lite_scoreboard.sv(74) @ 35045: uvm_test_top.env.scb [RDATA] Mismatched : exp_rdata= 1798c26e actual_rdata=00000000 
UVM_INFO axi4_lite_subscriber.sv(40) @ 35095: uvm_test_top.env.sb [sb] INPUT COVERAGE = 100.00 %
UVM_INFO axi4_lite_inp_monitor.sv(44) @ 35095: uvm_test_top.env.aa.inp_mon [INPUT MONITOR]  WRITE awaddr=821e3844 wdata=abe080d1 wstrb=1000 
UVM_INFO axi4_lite_out_monitor.sv(28) @ 35115: uvm_test_top.env.pa.out_mon [OUTPUT MONITOR] BRESP = 3 RRESP = 0 RDATA = 00000000
UVM_INFO axi4_lite_scoreboard.sv(52) @ 35115: uvm_test_top.env.scb [BRESP] Matched : exp_bresp= 3 actual_bresp=3 write = 1 read = 0
UVM_INFO axi4_lite_subscriber.sv(40) @ 35125: uvm_test_top.env.sb [sb] INPUT COVERAGE = 100.00 %
UVM_INFO axi4_lite_inp_monitor.sv(38) @ 35125: uvm_test_top.env.aa.inp_mon [INPUT MONITOR] READ araddr=0000001c
UVM_INFO axi4_lite_out_monitor.sv(28) @ 35135: uvm_test_top.env.pa.out_mon [OUTPUT MONITOR] BRESP = 0 RRESP = 0 RDATA = 00000000
UVM_INFO axi4_lite_driver.sv(34) @ 35135: uvm_test_top.env.aa.drv [DRV] awaddr = 821e3844 wdata = abe080d1 wstrb = 8 araddr = 0000001c
UVM_INFO axi4_lite_scoreboard.sv(68) @ 35135: uvm_test_top.env.scb [RRESP] Matched : exp_rresp=0 actual_rresp =0 write = 0 read = 1
UVM_ERROR axi4_lite_scoreboard.sv(74) @ 35135: uvm_test_top.env.scb [RDATA] Mismatched : exp_rdata= 1798c26e actual_rdata=00000000 
UVM_INFO axi4_lite_subscriber.sv(40) @ 35185: uvm_test_top.env.sb [sb] INPUT COVERAGE = 100.00 %
UVM_INFO axi4_lite_inp_monitor.sv(44) @ 35185: uvm_test_top.env.aa.inp_mon [INPUT MONITOR]  WRITE awaddr=a5077de8 wdata=affe8d8f wstrb=1000 
UVM_INFO axi4_lite_out_monitor.sv(28) @ 35205: uvm_test_top.env.pa.out_mon [OUTPUT MONITOR] BRESP = 3 RRESP = 0 RDATA = 00000000
UVM_INFO axi4_lite_scoreboard.sv(52) @ 35205: uvm_test_top.env.scb [BRESP] Matched : exp_bresp= 3 actual_bresp=3 write = 1 read = 0
UVM_INFO axi4_lite_subscriber.sv(40) @ 35215: uvm_test_top.env.sb [sb] INPUT COVERAGE = 100.00 %
UVM_INFO axi4_lite_inp_monitor.sv(38) @ 35215: uvm_test_top.env.aa.inp_mon [INPUT MONITOR] READ araddr=00000004
UVM_INFO axi4_lite_out_monitor.sv(28) @ 35225: uvm_test_top.env.pa.out_mon [OUTPUT MONITOR] BRESP = 0 RRESP = 0 RDATA = 00000000
UVM_INFO axi4_lite_driver.sv(34) @ 35225: uvm_test_top.env.aa.drv [DRV] awaddr = a5077de8 wdata = affe8d8f wstrb = 8 araddr = 00000004
UVM_INFO axi4_lite_scoreboard.sv(68) @ 35225: uvm_test_top.env.scb [RRESP] Matched : exp_rresp=0 actual_rresp =0 write = 0 read = 1
UVM_ERROR axi4_lite_scoreboard.sv(74) @ 35225: uvm_test_top.env.scb [RDATA] Mismatched : exp_rdata= 45939a1b actual_rdata=00000000 
UVM_INFO axi4_lite_subscriber.sv(40) @ 35265: uvm_test_top.env.sb [sb] INPUT COVERAGE = 100.00 %
UVM_INFO axi4_lite_inp_monitor.sv(44) @ 35265: uvm_test_top.env.aa.inp_mon [INPUT MONITOR]  WRITE awaddr=a37b7c00 wdata=440299a9 wstrb=1011 
UVM_INFO axi4_lite_out_monitor.sv(28) @ 35285: uvm_test_top.env.pa.out_mon [OUTPUT MONITOR] BRESP = 3 RRESP = 0 RDATA = 00000000
UVM_INFO axi4_lite_scoreboard.sv(52) @ 35285: uvm_test_top.env.scb [BRESP] Matched : exp_bresp= 3 actual_bresp=3 write = 1 read = 0
UVM_INFO axi4_lite_subscriber.sv(40) @ 35295: uvm_test_top.env.sb [sb] INPUT COVERAGE = 100.00 %
UVM_INFO axi4_lite_inp_monitor.sv(38) @ 35295: uvm_test_top.env.aa.inp_mon [INPUT MONITOR] READ araddr=00000024
UVM_INFO axi4_lite_out_monitor.sv(28) @ 35305: uvm_test_top.env.pa.out_mon [OUTPUT MONITOR] BRESP = 0 RRESP = 0 RDATA = 00000000
UVM_INFO axi4_lite_driver.sv(34) @ 35305: uvm_test_top.env.aa.drv [DRV] awaddr = a37b7c00 wdata = 440299a9 wstrb = b araddr = 00000024
UVM_INFO axi4_lite_scoreboard.sv(68) @ 35305: uvm_test_top.env.scb [RRESP] Matched : exp_rresp=0 actual_rresp =0 write = 0 read = 1
UVM_ERROR axi4_lite_scoreboard.sv(74) @ 35305: uvm_test_top.env.scb [RDATA] Mismatched : exp_rdata= 0e8cf549 actual_rdata=00000000 
UVM_INFO axi4_lite_subscriber.sv(40) @ 35355: uvm_test_top.env.sb [sb] INPUT COVERAGE = 100.00 %
UVM_INFO axi4_lite_inp_monitor.sv(44) @ 35355: uvm_test_top.env.aa.inp_mon [INPUT MONITOR]  WRITE awaddr=7a155b4c wdata=770f8b04 wstrb=1111 
UVM_INFO axi4_lite_out_monitor.sv(28) @ 35375: uvm_test_top.env.pa.out_mon [OUTPUT MONITOR] BRESP = 3 RRESP = 0 RDATA = 00000000
UVM_INFO axi4_lite_scoreboard.sv(52) @ 35375: uvm_test_top.env.scb [BRESP] Matched : exp_bresp= 3 actual_bresp=3 write = 1 read = 0
UVM_INFO axi4_lite_subscriber.sv(40) @ 35385: uvm_test_top.env.sb [sb] INPUT COVERAGE = 100.00 %
UVM_INFO axi4_lite_inp_monitor.sv(38) @ 35385: uvm_test_top.env.aa.inp_mon [INPUT MONITOR] READ araddr=00000034
UVM_INFO axi4_lite_out_monitor.sv(28) @ 35395: uvm_test_top.env.pa.out_mon [OUTPUT MONITOR] BRESP = 0 RRESP = 2 RDATA = 00000000
UVM_INFO axi4_lite_driver.sv(34) @ 35395: uvm_test_top.env.aa.drv [DRV] awaddr = 7a155b4c wdata = 770f8b04 wstrb = f araddr = 00000034
UVM_INFO axi4_lite_scoreboard.sv(68) @ 35395: uvm_test_top.env.scb [RRESP] Matched : exp_rresp=2 actual_rresp =2 write = 0 read = 1
UVM_ERROR axi4_lite_scoreboard.sv(74) @ 35395: uvm_test_top.env.scb [RDATA] Mismatched : exp_rdata= 0e8cf549 actual_rdata=00000000 
UVM_INFO axi4_lite_subscriber.sv(40) @ 35415: uvm_test_top.env.sb [sb] INPUT COVERAGE = 100.00 %
UVM_INFO axi4_lite_inp_monitor.sv(44) @ 35415: uvm_test_top.env.aa.inp_mon [INPUT MONITOR]  WRITE awaddr=a33e4058 wdata=3368dba4 wstrb=0101 
UVM_INFO axi4_lite_out_monitor.sv(28) @ 35435: uvm_test_top.env.pa.out_mon [OUTPUT MONITOR] BRESP = 3 RRESP = 0 RDATA = 00000000
UVM_INFO axi4_lite_scoreboard.sv(52) @ 35435: uvm_test_top.env.scb [BRESP] Matched : exp_bresp= 3 actual_bresp=3 write = 1 read = 0
UVM_INFO axi4_lite_subscriber.sv(40) @ 35445: uvm_test_top.env.sb [sb] INPUT COVERAGE = 100.00 %
UVM_INFO axi4_lite_inp_monitor.sv(38) @ 35445: uvm_test_top.env.aa.inp_mon [INPUT MONITOR] READ araddr=0000002c
UVM_INFO axi4_lite_out_monitor.sv(28) @ 35455: uvm_test_top.env.pa.out_mon [OUTPUT MONITOR] BRESP = 0 RRESP = 0 RDATA = 00000000
UVM_INFO axi4_lite_driver.sv(34) @ 35455: uvm_test_top.env.aa.drv [DRV] awaddr = a33e4058 wdata = 3368dba4 wstrb = 5 araddr = 0000002c
UVM_INFO axi4_lite_scoreboard.sv(68) @ 35455: uvm_test_top.env.scb [RRESP] Matched : exp_rresp=0 actual_rresp =0 write = 0 read = 1
UVM_INFO axi4_lite_scoreboard.sv(72) @ 35455: uvm_test_top.env.scb [RDATA] Matched : exp_rdata=00000000 actual_rdata =00000000
UVM_INFO axi4_lite_subscriber.sv(40) @ 35495: uvm_test_top.env.sb [sb] INPUT COVERAGE = 100.00 %
UVM_INFO axi4_lite_inp_monitor.sv(44) @ 35495: uvm_test_top.env.aa.inp_mon [INPUT MONITOR]  WRITE awaddr=4f870d5c wdata=81b7b26a wstrb=0011 
UVM_INFO axi4_lite_out_monitor.sv(28) @ 35515: uvm_test_top.env.pa.out_mon [OUTPUT MONITOR] BRESP = 3 RRESP = 0 RDATA = 00000000
UVM_INFO axi4_lite_scoreboard.sv(52) @ 35515: uvm_test_top.env.scb [BRESP] Matched : exp_bresp= 3 actual_bresp=3 write = 1 read = 0
UVM_INFO axi4_lite_subscriber.sv(40) @ 35525: uvm_test_top.env.sb [sb] INPUT COVERAGE = 100.00 %
UVM_INFO axi4_lite_inp_monitor.sv(38) @ 35525: uvm_test_top.env.aa.inp_mon [INPUT MONITOR] READ araddr=0000000c
UVM_INFO axi4_lite_out_monitor.sv(28) @ 35535: uvm_test_top.env.pa.out_mon [OUTPUT MONITOR] BRESP = 0 RRESP = 0 RDATA = 00000000
UVM_INFO axi4_lite_driver.sv(34) @ 35535: uvm_test_top.env.aa.drv [DRV] awaddr = 4f870d5c wdata = 81b7b26a wstrb = 3 araddr = 0000000c
UVM_INFO axi4_lite_scoreboard.sv(68) @ 35535: uvm_test_top.env.scb [RRESP] Matched : exp_rresp=0 actual_rresp =0 write = 0 read = 1
UVM_ERROR axi4_lite_scoreboard.sv(74) @ 35535: uvm_test_top.env.scb [RDATA] Mismatched : exp_rdata= 1f3fb0a2 actual_rdata=00000000 
UVM_INFO axi4_lite_subscriber.sv(40) @ 35575: uvm_test_top.env.sb [sb] INPUT COVERAGE = 100.00 %
UVM_INFO axi4_lite_inp_monitor.sv(44) @ 35575: uvm_test_top.env.aa.inp_mon [INPUT MONITOR]  WRITE awaddr=2eaa9b60 wdata=0340661c wstrb=0111 
UVM_INFO axi4_lite_out_monitor.sv(28) @ 35595: uvm_test_top.env.pa.out_mon [OUTPUT MONITOR] BRESP = 3 RRESP = 0 RDATA = 00000000
UVM_INFO axi4_lite_scoreboard.sv(52) @ 35595: uvm_test_top.env.scb [BRESP] Matched : exp_bresp= 3 actual_bresp=3 write = 1 read = 0
UVM_INFO axi4_lite_subscriber.sv(40) @ 35605: uvm_test_top.env.sb [sb] INPUT COVERAGE = 100.00 %
UVM_INFO axi4_lite_inp_monitor.sv(38) @ 35605: uvm_test_top.env.aa.inp_mon [INPUT MONITOR] READ araddr=00000020
UVM_INFO axi4_lite_out_monitor.sv(28) @ 35615: uvm_test_top.env.pa.out_mon [OUTPUT MONITOR] BRESP = 0 RRESP = 0 RDATA = 00000000
UVM_INFO axi4_lite_driver.sv(34) @ 35615: uvm_test_top.env.aa.drv [DRV] awaddr = 2eaa9b60 wdata = 0340661c wstrb = 7 araddr = 00000020
UVM_INFO axi4_lite_scoreboard.sv(68) @ 35615: uvm_test_top.env.scb [RRESP] Matched : exp_rresp=0 actual_rresp =0 write = 0 read = 1
UVM_ERROR axi4_lite_scoreboard.sv(74) @ 35615: uvm_test_top.env.scb [RDATA] Mismatched : exp_rdata= 0d701b25 actual_rdata=00000000 
UVM_INFO axi4_lite_subscriber.sv(40) @ 35665: uvm_test_top.env.sb [sb] INPUT COVERAGE = 100.00 %
UVM_INFO axi4_lite_inp_monitor.sv(44) @ 35665: uvm_test_top.env.aa.inp_mon [INPUT MONITOR]  WRITE awaddr=c228737c wdata=b36919b7 wstrb=0110 
UVM_INFO axi4_lite_out_monitor.sv(28) @ 35685: uvm_test_top.env.pa.out_mon [OUTPUT MONITOR] BRESP = 3 RRESP = 0 RDATA = 00000000
UVM_INFO axi4_lite_scoreboard.sv(52) @ 35685: uvm_test_top.env.scb [BRESP] Matched : exp_bresp= 3 actual_bresp=3 write = 1 read = 0
UVM_INFO axi4_lite_subscriber.sv(40) @ 35695: uvm_test_top.env.sb [sb] INPUT COVERAGE = 100.00 %
UVM_INFO axi4_lite_inp_monitor.sv(38) @ 35695: uvm_test_top.env.aa.inp_mon [INPUT MONITOR] READ araddr=0000000c
UVM_INFO axi4_lite_out_monitor.sv(28) @ 35705: uvm_test_top.env.pa.out_mon [OUTPUT MONITOR] BRESP = 0 RRESP = 0 RDATA = 00000000
UVM_INFO axi4_lite_driver.sv(34) @ 35705: uvm_test_top.env.aa.drv [DRV] awaddr = c228737c wdata = b36919b7 wstrb = 6 araddr = 0000000c
UVM_INFO axi4_lite_scoreboard.sv(68) @ 35705: uvm_test_top.env.scb [RRESP] Matched : exp_rresp=0 actual_rresp =0 write = 0 read = 1
UVM_ERROR axi4_lite_scoreboard.sv(74) @ 35705: uvm_test_top.env.scb [RDATA] Mismatched : exp_rdata= 1f3fb0a2 actual_rdata=00000000 
UVM_INFO axi4_lite_subscriber.sv(40) @ 35735: uvm_test_top.env.sb [sb] INPUT COVERAGE = 100.00 %
UVM_INFO axi4_lite_inp_monitor.sv(44) @ 35735: uvm_test_top.env.aa.inp_mon [INPUT MONITOR]  WRITE awaddr=602d4de0 wdata=80f5d743 wstrb=1110 
UVM_INFO axi4_lite_out_monitor.sv(28) @ 35755: uvm_test_top.env.pa.out_mon [OUTPUT MONITOR] BRESP = 3 RRESP = 0 RDATA = 00000000
UVM_INFO axi4_lite_scoreboard.sv(52) @ 35755: uvm_test_top.env.scb [BRESP] Matched : exp_bresp= 3 actual_bresp=3 write = 1 read = 0
UVM_INFO axi4_lite_subscriber.sv(40) @ 35765: uvm_test_top.env.sb [sb] INPUT COVERAGE = 100.00 %
UVM_INFO axi4_lite_inp_monitor.sv(38) @ 35765: uvm_test_top.env.aa.inp_mon [INPUT MONITOR] READ araddr=0000002c
UVM_INFO axi4_lite_out_monitor.sv(28) @ 35775: uvm_test_top.env.pa.out_mon [OUTPUT MONITOR] BRESP = 0 RRESP = 0 RDATA = 00000000
UVM_INFO axi4_lite_driver.sv(34) @ 35775: uvm_test_top.env.aa.drv [DRV] awaddr = 602d4de0 wdata = 80f5d743 wstrb = e araddr = 0000002c
UVM_INFO axi4_lite_scoreboard.sv(68) @ 35775: uvm_test_top.env.scb [RRESP] Matched : exp_rresp=0 actual_rresp =0 write = 0 read = 1
UVM_INFO axi4_lite_scoreboard.sv(72) @ 35775: uvm_test_top.env.scb [RDATA] Matched : exp_rdata=00000000 actual_rdata =00000000
UVM_INFO axi4_lite_subscriber.sv(40) @ 35825: uvm_test_top.env.sb [sb] INPUT COVERAGE = 100.00 %
UVM_INFO axi4_lite_inp_monitor.sv(44) @ 35825: uvm_test_top.env.aa.inp_mon [INPUT MONITOR]  WRITE awaddr=9fa91b6c wdata=50974637 wstrb=1101 
UVM_INFO axi4_lite_out_monitor.sv(28) @ 35845: uvm_test_top.env.pa.out_mon [OUTPUT MONITOR] BRESP = 3 RRESP = 0 RDATA = 00000000
UVM_INFO axi4_lite_scoreboard.sv(52) @ 35845: uvm_test_top.env.scb [BRESP] Matched : exp_bresp= 3 actual_bresp=3 write = 1 read = 0
UVM_INFO axi4_lite_subscriber.sv(40) @ 35855: uvm_test_top.env.sb [sb] INPUT COVERAGE = 100.00 %
UVM_INFO axi4_lite_inp_monitor.sv(38) @ 35855: uvm_test_top.env.aa.inp_mon [INPUT MONITOR] READ araddr=00000020
UVM_INFO axi4_lite_out_monitor.sv(28) @ 35865: uvm_test_top.env.pa.out_mon [OUTPUT MONITOR] BRESP = 0 RRESP = 0 RDATA = 00000000
UVM_INFO axi4_lite_driver.sv(34) @ 35865: uvm_test_top.env.aa.drv [DRV] awaddr = 9fa91b6c wdata = 50974637 wstrb = d araddr = 00000020
UVM_INFO axi4_lite_scoreboard.sv(68) @ 35865: uvm_test_top.env.scb [RRESP] Matched : exp_rresp=0 actual_rresp =0 write = 0 read = 1
UVM_ERROR axi4_lite_scoreboard.sv(74) @ 35865: uvm_test_top.env.scb [RDATA] Mismatched : exp_rdata= 0d701b25 actual_rdata=00000000 
UVM_INFO axi4_lite_subscriber.sv(40) @ 35905: uvm_test_top.env.sb [sb] INPUT COVERAGE = 100.00 %
UVM_INFO axi4_lite_inp_monitor.sv(44) @ 35905: uvm_test_top.env.aa.inp_mon [INPUT MONITOR]  WRITE awaddr=7448cef0 wdata=e0a058a0 wstrb=1111 
UVM_INFO axi4_lite_out_monitor.sv(28) @ 35925: uvm_test_top.env.pa.out_mon [OUTPUT MONITOR] BRESP = 3 RRESP = 0 RDATA = 00000000
UVM_INFO axi4_lite_scoreboard.sv(52) @ 35925: uvm_test_top.env.scb [BRESP] Matched : exp_bresp= 3 actual_bresp=3 write = 1 read = 0
UVM_INFO axi4_lite_subscriber.sv(40) @ 35935: uvm_test_top.env.sb [sb] INPUT COVERAGE = 100.00 %
UVM_INFO axi4_lite_inp_monitor.sv(38) @ 35935: uvm_test_top.env.aa.inp_mon [INPUT MONITOR] READ araddr=00000000
UVM_INFO axi4_lite_out_monitor.sv(28) @ 35945: uvm_test_top.env.pa.out_mon [OUTPUT MONITOR] BRESP = 0 RRESP = 0 RDATA = 00000000
UVM_INFO axi4_lite_driver.sv(34) @ 35945: uvm_test_top.env.aa.drv [DRV] awaddr = 7448cef0 wdata = e0a058a0 wstrb = f araddr = 00000000
UVM_INFO axi4_lite_scoreboard.sv(68) @ 35945: uvm_test_top.env.scb [RRESP] Matched : exp_rresp=0 actual_rresp =0 write = 0 read = 1
UVM_ERROR axi4_lite_scoreboard.sv(74) @ 35945: uvm_test_top.env.scb [RDATA] Mismatched : exp_rdata= 5918dca8 actual_rdata=00000000 
UVM_INFO axi4_lite_subscriber.sv(40) @ 35965: uvm_test_top.env.sb [sb] INPUT COVERAGE = 100.00 %
UVM_INFO axi4_lite_inp_monitor.sv(44) @ 35965: uvm_test_top.env.aa.inp_mon [INPUT MONITOR]  WRITE awaddr=083a2b48 wdata=3c4ab5a3 wstrb=0000 
UVM_INFO axi4_lite_out_monitor.sv(28) @ 35985: uvm_test_top.env.pa.out_mon [OUTPUT MONITOR] BRESP = 3 RRESP = 0 RDATA = 00000000
UVM_INFO axi4_lite_scoreboard.sv(52) @ 35985: uvm_test_top.env.scb [BRESP] Matched : exp_bresp= 3 actual_bresp=3 write = 1 read = 0
UVM_INFO axi4_lite_subscriber.sv(40) @ 35995: uvm_test_top.env.sb [sb] INPUT COVERAGE = 100.00 %
UVM_INFO axi4_lite_inp_monitor.sv(38) @ 35995: uvm_test_top.env.aa.inp_mon [INPUT MONITOR] READ araddr=00000004
UVM_INFO axi4_lite_out_monitor.sv(28) @ 36005: uvm_test_top.env.pa.out_mon [OUTPUT MONITOR] BRESP = 0 RRESP = 0 RDATA = 00000000
UVM_INFO axi4_lite_driver.sv(34) @ 36005: uvm_test_top.env.aa.drv [DRV] awaddr = 083a2b48 wdata = 3c4ab5a3 wstrb = 0 araddr = 00000004
UVM_INFO axi4_lite_scoreboard.sv(68) @ 36005: uvm_test_top.env.scb [RRESP] Matched : exp_rresp=0 actual_rresp =0 write = 0 read = 1
UVM_ERROR axi4_lite_scoreboard.sv(74) @ 36005: uvm_test_top.env.scb [RDATA] Mismatched : exp_rdata= 45939a1b actual_rdata=00000000 
UVM_INFO axi4_lite_subscriber.sv(40) @ 36025: uvm_test_top.env.sb [sb] INPUT COVERAGE = 100.00 %
UVM_INFO axi4_lite_inp_monitor.sv(44) @ 36025: uvm_test_top.env.aa.inp_mon [INPUT MONITOR]  WRITE awaddr=a12a5e9c wdata=3a218aba wstrb=1010 
UVM_INFO axi4_lite_out_monitor.sv(28) @ 36045: uvm_test_top.env.pa.out_mon [OUTPUT MONITOR] BRESP = 3 RRESP = 0 RDATA = 00000000
UVM_INFO axi4_lite_scoreboard.sv(52) @ 36045: uvm_test_top.env.scb [BRESP] Matched : exp_bresp= 3 actual_bresp=3 write = 1 read = 0
UVM_INFO axi4_lite_subscriber.sv(40) @ 36055: uvm_test_top.env.sb [sb] INPUT COVERAGE = 100.00 %
UVM_INFO axi4_lite_inp_monitor.sv(38) @ 36055: uvm_test_top.env.aa.inp_mon [INPUT MONITOR] READ araddr=00000010
UVM_INFO axi4_lite_out_monitor.sv(28) @ 36065: uvm_test_top.env.pa.out_mon [OUTPUT MONITOR] BRESP = 0 RRESP = 0 RDATA = 00000000
UVM_INFO axi4_lite_driver.sv(34) @ 36065: uvm_test_top.env.aa.drv [DRV] awaddr = a12a5e9c wdata = 3a218aba wstrb = a araddr = 00000010
UVM_INFO axi4_lite_scoreboard.sv(68) @ 36065: uvm_test_top.env.scb [RRESP] Matched : exp_rresp=0 actual_rresp =0 write = 0 read = 1
UVM_ERROR axi4_lite_scoreboard.sv(74) @ 36065: uvm_test_top.env.scb [RDATA] Mismatched : exp_rdata= f3e50000 actual_rdata=00000000 
UVM_INFO axi4_lite_subscriber.sv(40) @ 36095: uvm_test_top.env.sb [sb] INPUT COVERAGE = 100.00 %
UVM_INFO axi4_lite_inp_monitor.sv(44) @ 36095: uvm_test_top.env.aa.inp_mon [INPUT MONITOR]  WRITE awaddr=db5691e0 wdata=52f97d58 wstrb=1011 
UVM_INFO axi4_lite_out_monitor.sv(28) @ 36115: uvm_test_top.env.pa.out_mon [OUTPUT MONITOR] BRESP = 3 RRESP = 0 RDATA = 00000000
UVM_INFO axi4_lite_scoreboard.sv(52) @ 36115: uvm_test_top.env.scb [BRESP] Matched : exp_bresp= 3 actual_bresp=3 write = 1 read = 0
UVM_INFO axi4_lite_subscriber.sv(40) @ 36125: uvm_test_top.env.sb [sb] INPUT COVERAGE = 100.00 %
UVM_INFO axi4_lite_inp_monitor.sv(38) @ 36125: uvm_test_top.env.aa.inp_mon [INPUT MONITOR] READ araddr=00000004
UVM_INFO axi4_lite_out_monitor.sv(28) @ 36135: uvm_test_top.env.pa.out_mon [OUTPUT MONITOR] BRESP = 0 RRESP = 0 RDATA = 00000000
UVM_INFO axi4_lite_driver.sv(34) @ 36135: uvm_test_top.env.aa.drv [DRV] awaddr = db5691e0 wdata = 52f97d58 wstrb = b araddr = 00000004
UVM_INFO axi4_lite_scoreboard.sv(68) @ 36135: uvm_test_top.env.scb [RRESP] Matched : exp_rresp=0 actual_rresp =0 write = 0 read = 1
UVM_ERROR axi4_lite_scoreboard.sv(74) @ 36135: uvm_test_top.env.scb [RDATA] Mismatched : exp_rdata= 45939a1b actual_rdata=00000000 
UVM_INFO axi4_lite_subscriber.sv(40) @ 36175: uvm_test_top.env.sb [sb] INPUT COVERAGE = 100.00 %
UVM_INFO axi4_lite_inp_monitor.sv(44) @ 36175: uvm_test_top.env.aa.inp_mon [INPUT MONITOR]  WRITE awaddr=5f0cfd44 wdata=c901d455 wstrb=1100 
UVM_INFO axi4_lite_out_monitor.sv(28) @ 36195: uvm_test_top.env.pa.out_mon [OUTPUT MONITOR] BRESP = 3 RRESP = 0 RDATA = 00000000
UVM_INFO axi4_lite_scoreboard.sv(52) @ 36195: uvm_test_top.env.scb [BRESP] Matched : exp_bresp= 3 actual_bresp=3 write = 1 read = 0
UVM_INFO axi4_lite_subscriber.sv(40) @ 36205: uvm_test_top.env.sb [sb] INPUT COVERAGE = 100.00 %
UVM_INFO axi4_lite_inp_monitor.sv(38) @ 36205: uvm_test_top.env.aa.inp_mon [INPUT MONITOR] READ araddr=0000000c
UVM_INFO axi4_lite_out_monitor.sv(28) @ 36215: uvm_test_top.env.pa.out_mon [OUTPUT MONITOR] BRESP = 0 RRESP = 0 RDATA = 00000000
UVM_INFO axi4_lite_driver.sv(34) @ 36215: uvm_test_top.env.aa.drv [DRV] awaddr = 5f0cfd44 wdata = c901d455 wstrb = c araddr = 0000000c
UVM_INFO axi4_lite_scoreboard.sv(68) @ 36215: uvm_test_top.env.scb [RRESP] Matched : exp_rresp=0 actual_rresp =0 write = 0 read = 1
UVM_ERROR axi4_lite_scoreboard.sv(74) @ 36215: uvm_test_top.env.scb [RDATA] Mismatched : exp_rdata= 1f3fb0a2 actual_rdata=00000000 
UVM_INFO axi4_lite_subscriber.sv(40) @ 36245: uvm_test_top.env.sb [sb] INPUT COVERAGE = 100.00 %
UVM_INFO axi4_lite_inp_monitor.sv(44) @ 36245: uvm_test_top.env.aa.inp_mon [INPUT MONITOR]  WRITE awaddr=fd1378dc wdata=6a18aed9 wstrb=0010 
UVM_INFO axi4_lite_out_monitor.sv(28) @ 36265: uvm_test_top.env.pa.out_mon [OUTPUT MONITOR] BRESP = 3 RRESP = 0 RDATA = 00000000
UVM_INFO axi4_lite_scoreboard.sv(52) @ 36265: uvm_test_top.env.scb [BRESP] Matched : exp_bresp= 3 actual_bresp=3 write = 1 read = 0
UVM_INFO axi4_lite_subscriber.sv(40) @ 36275: uvm_test_top.env.sb [sb] INPUT COVERAGE = 100.00 %
UVM_INFO axi4_lite_inp_monitor.sv(38) @ 36275: uvm_test_top.env.aa.inp_mon [INPUT MONITOR] READ araddr=00000018
UVM_INFO axi4_lite_out_monitor.sv(28) @ 36285: uvm_test_top.env.pa.out_mon [OUTPUT MONITOR] BRESP = 0 RRESP = 0 RDATA = 00000000
UVM_INFO axi4_lite_driver.sv(34) @ 36285: uvm_test_top.env.aa.drv [DRV] awaddr = fd1378dc wdata = 6a18aed9 wstrb = 2 araddr = 00000018
UVM_INFO axi4_lite_scoreboard.sv(68) @ 36285: uvm_test_top.env.scb [RRESP] Matched : exp_rresp=0 actual_rresp =0 write = 0 read = 1
UVM_ERROR axi4_lite_scoreboard.sv(74) @ 36285: uvm_test_top.env.scb [RDATA] Mismatched : exp_rdata= 652f51e9 actual_rdata=00000000 
UVM_INFO axi4_lite_subscriber.sv(40) @ 36315: uvm_test_top.env.sb [sb] INPUT COVERAGE = 100.00 %
UVM_INFO axi4_lite_inp_monitor.sv(44) @ 36315: uvm_test_top.env.aa.inp_mon [INPUT MONITOR]  WRITE awaddr=577d2cd4 wdata=1e3a1c63 wstrb=0110 
UVM_INFO axi4_lite_out_monitor.sv(28) @ 36335: uvm_test_top.env.pa.out_mon [OUTPUT MONITOR] BRESP = 3 RRESP = 0 RDATA = 00000000
UVM_INFO axi4_lite_scoreboard.sv(52) @ 36335: uvm_test_top.env.scb [BRESP] Matched : exp_bresp= 3 actual_bresp=3 write = 1 read = 0
UVM_INFO axi4_lite_subscriber.sv(40) @ 36345: uvm_test_top.env.sb [sb] INPUT COVERAGE = 100.00 %
UVM_INFO axi4_lite_inp_monitor.sv(38) @ 36345: uvm_test_top.env.aa.inp_mon [INPUT MONITOR] READ araddr=00000004
UVM_INFO axi4_lite_out_monitor.sv(28) @ 36355: uvm_test_top.env.pa.out_mon [OUTPUT MONITOR] BRESP = 0 RRESP = 0 RDATA = 00000000
UVM_INFO axi4_lite_driver.sv(34) @ 36355: uvm_test_top.env.aa.drv [DRV] awaddr = 577d2cd4 wdata = 1e3a1c63 wstrb = 6 araddr = 00000004
UVM_INFO axi4_lite_scoreboard.sv(68) @ 36355: uvm_test_top.env.scb [RRESP] Matched : exp_rresp=0 actual_rresp =0 write = 0 read = 1
UVM_ERROR axi4_lite_scoreboard.sv(74) @ 36355: uvm_test_top.env.scb [RDATA] Mismatched : exp_rdata= 45939a1b actual_rdata=00000000 
UVM_INFO axi4_lite_subscriber.sv(40) @ 36385: uvm_test_top.env.sb [sb] INPUT COVERAGE = 100.00 %
UVM_INFO axi4_lite_inp_monitor.sv(44) @ 36385: uvm_test_top.env.aa.inp_mon [INPUT MONITOR]  WRITE awaddr=95e5515c wdata=d28cad08 wstrb=1101 
UVM_INFO axi4_lite_out_monitor.sv(28) @ 36405: uvm_test_top.env.pa.out_mon [OUTPUT MONITOR] BRESP = 3 RRESP = 0 RDATA = 00000000
UVM_INFO axi4_lite_scoreboard.sv(52) @ 36405: uvm_test_top.env.scb [BRESP] Matched : exp_bresp= 3 actual_bresp=3 write = 1 read = 0
UVM_INFO axi4_lite_subscriber.sv(40) @ 36415: uvm_test_top.env.sb [sb] INPUT COVERAGE = 100.00 %
UVM_INFO axi4_lite_inp_monitor.sv(38) @ 36415: uvm_test_top.env.aa.inp_mon [INPUT MONITOR] READ araddr=00000014
UVM_INFO axi4_lite_out_monitor.sv(28) @ 36425: uvm_test_top.env.pa.out_mon [OUTPUT MONITOR] BRESP = 0 RRESP = 0 RDATA = 00000000
UVM_INFO axi4_lite_driver.sv(34) @ 36425: uvm_test_top.env.aa.drv [DRV] awaddr = 95e5515c wdata = d28cad08 wstrb = d araddr = 00000014
UVM_INFO axi4_lite_scoreboard.sv(68) @ 36425: uvm_test_top.env.scb [RRESP] Matched : exp_rresp=0 actual_rresp =0 write = 0 read = 1
UVM_ERROR axi4_lite_scoreboard.sv(74) @ 36425: uvm_test_top.env.scb [RDATA] Mismatched : exp_rdata= b7c58b74 actual_rdata=00000000 
UVM_INFO axi4_lite_subscriber.sv(40) @ 36455: uvm_test_top.env.sb [sb] INPUT COVERAGE = 100.00 %
UVM_INFO axi4_lite_inp_monitor.sv(44) @ 36455: uvm_test_top.env.aa.inp_mon [INPUT MONITOR]  WRITE awaddr=8db3f2bc wdata=aac00d32 wstrb=1001 
UVM_INFO axi4_lite_out_monitor.sv(28) @ 36475: uvm_test_top.env.pa.out_mon [OUTPUT MONITOR] BRESP = 3 RRESP = 0 RDATA = 00000000
UVM_INFO axi4_lite_scoreboard.sv(52) @ 36475: uvm_test_top.env.scb [BRESP] Matched : exp_bresp= 3 actual_bresp=3 write = 1 read = 0
UVM_INFO axi4_lite_subscriber.sv(40) @ 36485: uvm_test_top.env.sb [sb] INPUT COVERAGE = 100.00 %
UVM_INFO axi4_lite_inp_monitor.sv(38) @ 36485: uvm_test_top.env.aa.inp_mon [INPUT MONITOR] READ araddr=00000018
UVM_INFO axi4_lite_out_monitor.sv(28) @ 36495: uvm_test_top.env.pa.out_mon [OUTPUT MONITOR] BRESP = 0 RRESP = 0 RDATA = 00000000
UVM_INFO axi4_lite_driver.sv(34) @ 36495: uvm_test_top.env.aa.drv [DRV] awaddr = 8db3f2bc wdata = aac00d32 wstrb = 9 araddr = 00000018
UVM_INFO axi4_lite_scoreboard.sv(68) @ 36495: uvm_test_top.env.scb [RRESP] Matched : exp_rresp=0 actual_rresp =0 write = 0 read = 1
UVM_ERROR axi4_lite_scoreboard.sv(74) @ 36495: uvm_test_top.env.scb [RDATA] Mismatched : exp_rdata= 652f51e9 actual_rdata=00000000 
UVM_INFO axi4_lite_subscriber.sv(40) @ 36525: uvm_test_top.env.sb [sb] INPUT COVERAGE = 100.00 %
UVM_INFO axi4_lite_inp_monitor.sv(44) @ 36525: uvm_test_top.env.aa.inp_mon [INPUT MONITOR]  WRITE awaddr=8594ba64 wdata=a0167111 wstrb=1111 
UVM_INFO axi4_lite_out_monitor.sv(28) @ 36545: uvm_test_top.env.pa.out_mon [OUTPUT MONITOR] BRESP = 3 RRESP = 0 RDATA = 00000000
UVM_INFO axi4_lite_scoreboard.sv(52) @ 36545: uvm_test_top.env.scb [BRESP] Matched : exp_bresp= 3 actual_bresp=3 write = 1 read = 0
UVM_INFO axi4_lite_subscriber.sv(40) @ 36555: uvm_test_top.env.sb [sb] INPUT COVERAGE = 100.00 %
UVM_INFO axi4_lite_inp_monitor.sv(38) @ 36555: uvm_test_top.env.aa.inp_mon [INPUT MONITOR] READ araddr=00000014
UVM_INFO axi4_lite_out_monitor.sv(28) @ 36565: uvm_test_top.env.pa.out_mon [OUTPUT MONITOR] BRESP = 0 RRESP = 0 RDATA = 00000000
UVM_INFO axi4_lite_driver.sv(34) @ 36565: uvm_test_top.env.aa.drv [DRV] awaddr = 8594ba64 wdata = a0167111 wstrb = f araddr = 00000014
UVM_INFO axi4_lite_scoreboard.sv(68) @ 36565: uvm_test_top.env.scb [RRESP] Matched : exp_rresp=0 actual_rresp =0 write = 0 read = 1
UVM_ERROR axi4_lite_scoreboard.sv(74) @ 36565: uvm_test_top.env.scb [RDATA] Mismatched : exp_rdata= b7c58b74 actual_rdata=00000000 
UVM_INFO axi4_lite_subscriber.sv(40) @ 36595: uvm_test_top.env.sb [sb] INPUT COVERAGE = 100.00 %
UVM_INFO axi4_lite_inp_monitor.sv(44) @ 36595: uvm_test_top.env.aa.inp_mon [INPUT MONITOR]  WRITE awaddr=e0886f98 wdata=05e6d775 wstrb=1100 
UVM_INFO axi4_lite_out_monitor.sv(28) @ 36615: uvm_test_top.env.pa.out_mon [OUTPUT MONITOR] BRESP = 3 RRESP = 0 RDATA = 00000000
UVM_INFO axi4_lite_scoreboard.sv(52) @ 36615: uvm_test_top.env.scb [BRESP] Matched : exp_bresp= 3 actual_bresp=3 write = 1 read = 0
UVM_INFO axi4_lite_subscriber.sv(40) @ 36625: uvm_test_top.env.sb [sb] INPUT COVERAGE = 100.00 %
UVM_INFO axi4_lite_inp_monitor.sv(38) @ 36625: uvm_test_top.env.aa.inp_mon [INPUT MONITOR] READ araddr=00000004
UVM_INFO axi4_lite_out_monitor.sv(28) @ 36635: uvm_test_top.env.pa.out_mon [OUTPUT MONITOR] BRESP = 0 RRESP = 0 RDATA = 00000000
UVM_INFO axi4_lite_driver.sv(34) @ 36635: uvm_test_top.env.aa.drv [DRV] awaddr = e0886f98 wdata = 05e6d775 wstrb = c araddr = 00000004
UVM_INFO axi4_lite_scoreboard.sv(68) @ 36635: uvm_test_top.env.scb [RRESP] Matched : exp_rresp=0 actual_rresp =0 write = 0 read = 1
UVM_ERROR axi4_lite_scoreboard.sv(74) @ 36635: uvm_test_top.env.scb [RDATA] Mismatched : exp_rdata= 45939a1b actual_rdata=00000000 
UVM_INFO axi4_lite_subscriber.sv(40) @ 36675: uvm_test_top.env.sb [sb] INPUT COVERAGE = 100.00 %
UVM_INFO axi4_lite_inp_monitor.sv(44) @ 36675: uvm_test_top.env.aa.inp_mon [INPUT MONITOR]  WRITE awaddr=33c8130c wdata=031eff96 wstrb=0000 
UVM_INFO axi4_lite_out_monitor.sv(28) @ 36695: uvm_test_top.env.pa.out_mon [OUTPUT MONITOR] BRESP = 3 RRESP = 0 RDATA = 00000000
UVM_INFO axi4_lite_scoreboard.sv(52) @ 36695: uvm_test_top.env.scb [BRESP] Matched : exp_bresp= 3 actual_bresp=3 write = 1 read = 0
UVM_INFO axi4_lite_subscriber.sv(40) @ 36705: uvm_test_top.env.sb [sb] INPUT COVERAGE = 100.00 %
UVM_INFO axi4_lite_inp_monitor.sv(38) @ 36705: uvm_test_top.env.aa.inp_mon [INPUT MONITOR] READ araddr=00000014
UVM_INFO axi4_lite_out_monitor.sv(28) @ 36715: uvm_test_top.env.pa.out_mon [OUTPUT MONITOR] BRESP = 0 RRESP = 0 RDATA = 00000000
UVM_INFO axi4_lite_driver.sv(34) @ 36715: uvm_test_top.env.aa.drv [DRV] awaddr = 33c8130c wdata = 031eff96 wstrb = 0 araddr = 00000014
UVM_INFO axi4_lite_scoreboard.sv(68) @ 36715: uvm_test_top.env.scb [RRESP] Matched : exp_rresp=0 actual_rresp =0 write = 0 read = 1
UVM_ERROR axi4_lite_scoreboard.sv(74) @ 36715: uvm_test_top.env.scb [RDATA] Mismatched : exp_rdata= b7c58b74 actual_rdata=00000000 
UVM_INFO axi4_lite_subscriber.sv(40) @ 36745: uvm_test_top.env.sb [sb] INPUT COVERAGE = 100.00 %
UVM_INFO axi4_lite_inp_monitor.sv(44) @ 36745: uvm_test_top.env.aa.inp_mon [INPUT MONITOR]  WRITE awaddr=df6ce36c wdata=2483f9c6 wstrb=1000 
UVM_INFO axi4_lite_out_monitor.sv(28) @ 36765: uvm_test_top.env.pa.out_mon [OUTPUT MONITOR] BRESP = 3 RRESP = 0 RDATA = 00000000
UVM_INFO axi4_lite_scoreboard.sv(52) @ 36765: uvm_test_top.env.scb [BRESP] Matched : exp_bresp= 3 actual_bresp=3 write = 1 read = 0
UVM_INFO axi4_lite_subscriber.sv(40) @ 36775: uvm_test_top.env.sb [sb] INPUT COVERAGE = 100.00 %
UVM_INFO axi4_lite_inp_monitor.sv(38) @ 36775: uvm_test_top.env.aa.inp_mon [INPUT MONITOR] READ araddr=00000034
UVM_INFO axi4_lite_out_monitor.sv(28) @ 36785: uvm_test_top.env.pa.out_mon [OUTPUT MONITOR] BRESP = 0 RRESP = 2 RDATA = 00000000
UVM_INFO axi4_lite_driver.sv(34) @ 36785: uvm_test_top.env.aa.drv [DRV] awaddr = df6ce36c wdata = 2483f9c6 wstrb = 8 araddr = 00000034
UVM_INFO axi4_lite_scoreboard.sv(68) @ 36785: uvm_test_top.env.scb [RRESP] Matched : exp_rresp=2 actual_rresp =2 write = 0 read = 1
UVM_ERROR axi4_lite_scoreboard.sv(74) @ 36785: uvm_test_top.env.scb [RDATA] Mismatched : exp_rdata= b7c58b74 actual_rdata=00000000 
UVM_INFO axi4_lite_subscriber.sv(40) @ 36835: uvm_test_top.env.sb [sb] INPUT COVERAGE = 100.00 %
UVM_INFO axi4_lite_inp_monitor.sv(44) @ 36835: uvm_test_top.env.aa.inp_mon [INPUT MONITOR]  WRITE awaddr=edfbfbe0 wdata=971fae46 wstrb=0101 
UVM_INFO axi4_lite_out_monitor.sv(28) @ 36855: uvm_test_top.env.pa.out_mon [OUTPUT MONITOR] BRESP = 3 RRESP = 0 RDATA = 00000000
UVM_INFO axi4_lite_scoreboard.sv(52) @ 36855: uvm_test_top.env.scb [BRESP] Matched : exp_bresp= 3 actual_bresp=3 write = 1 read = 0
UVM_INFO axi4_lite_subscriber.sv(40) @ 36865: uvm_test_top.env.sb [sb] INPUT COVERAGE = 100.00 %
UVM_INFO axi4_lite_inp_monitor.sv(38) @ 36865: uvm_test_top.env.aa.inp_mon [INPUT MONITOR] READ araddr=00000000
UVM_INFO axi4_lite_out_monitor.sv(28) @ 36875: uvm_test_top.env.pa.out_mon [OUTPUT MONITOR] BRESP = 0 RRESP = 0 RDATA = 00000000
UVM_INFO axi4_lite_driver.sv(34) @ 36875: uvm_test_top.env.aa.drv [DRV] awaddr = edfbfbe0 wdata = 971fae46 wstrb = 5 araddr = 00000000
UVM_INFO axi4_lite_scoreboard.sv(68) @ 36875: uvm_test_top.env.scb [RRESP] Matched : exp_rresp=0 actual_rresp =0 write = 0 read = 1
UVM_ERROR axi4_lite_scoreboard.sv(74) @ 36875: uvm_test_top.env.scb [RDATA] Mismatched : exp_rdata= 5918dca8 actual_rdata=00000000 
UVM_INFO axi4_lite_subscriber.sv(40) @ 36905: uvm_test_top.env.sb [sb] INPUT COVERAGE = 100.00 %
UVM_INFO axi4_lite_inp_monitor.sv(44) @ 36905: uvm_test_top.env.aa.inp_mon [INPUT MONITOR]  WRITE awaddr=e8711e44 wdata=012112fc wstrb=0100 
UVM_INFO axi4_lite_out_monitor.sv(28) @ 36925: uvm_test_top.env.pa.out_mon [OUTPUT MONITOR] BRESP = 3 RRESP = 0 RDATA = 00000000
UVM_INFO axi4_lite_scoreboard.sv(52) @ 36925: uvm_test_top.env.scb [BRESP] Matched : exp_bresp= 3 actual_bresp=3 write = 1 read = 0
UVM_INFO axi4_lite_subscriber.sv(40) @ 36935: uvm_test_top.env.sb [sb] INPUT COVERAGE = 100.00 %
UVM_INFO axi4_lite_inp_monitor.sv(38) @ 36935: uvm_test_top.env.aa.inp_mon [INPUT MONITOR] READ araddr=00000004
UVM_INFO axi4_lite_out_monitor.sv(28) @ 36945: uvm_test_top.env.pa.out_mon [OUTPUT MONITOR] BRESP = 0 RRESP = 0 RDATA = 00000000
UVM_INFO axi4_lite_driver.sv(34) @ 36945: uvm_test_top.env.aa.drv [DRV] awaddr = e8711e44 wdata = 012112fc wstrb = 4 araddr = 00000004
UVM_INFO axi4_lite_scoreboard.sv(68) @ 36945: uvm_test_top.env.scb [RRESP] Matched : exp_rresp=0 actual_rresp =0 write = 0 read = 1
UVM_ERROR axi4_lite_scoreboard.sv(74) @ 36945: uvm_test_top.env.scb [RDATA] Mismatched : exp_rdata= 45939a1b actual_rdata=00000000 
UVM_INFO axi4_lite_subscriber.sv(40) @ 36995: uvm_test_top.env.sb [sb] INPUT COVERAGE = 100.00 %
UVM_INFO axi4_lite_inp_monitor.sv(44) @ 36995: uvm_test_top.env.aa.inp_mon [INPUT MONITOR]  WRITE awaddr=f79c4ec0 wdata=ee296286 wstrb=1001 
UVM_INFO axi4_lite_out_monitor.sv(28) @ 37015: uvm_test_top.env.pa.out_mon [OUTPUT MONITOR] BRESP = 3 RRESP = 0 RDATA = 00000000
UVM_INFO axi4_lite_scoreboard.sv(52) @ 37015: uvm_test_top.env.scb [BRESP] Matched : exp_bresp= 3 actual_bresp=3 write = 1 read = 0
UVM_INFO axi4_lite_subscriber.sv(40) @ 37025: uvm_test_top.env.sb [sb] INPUT COVERAGE = 100.00 %
UVM_INFO axi4_lite_inp_monitor.sv(38) @ 37025: uvm_test_top.env.aa.inp_mon [INPUT MONITOR] READ araddr=00000014
UVM_INFO axi4_lite_out_monitor.sv(28) @ 37035: uvm_test_top.env.pa.out_mon [OUTPUT MONITOR] BRESP = 0 RRESP = 0 RDATA = 00000000
UVM_INFO axi4_lite_driver.sv(34) @ 37035: uvm_test_top.env.aa.drv [DRV] awaddr = f79c4ec0 wdata = ee296286 wstrb = 9 araddr = 00000014
UVM_INFO axi4_lite_scoreboard.sv(68) @ 37035: uvm_test_top.env.scb [RRESP] Matched : exp_rresp=0 actual_rresp =0 write = 0 read = 1
UVM_ERROR axi4_lite_scoreboard.sv(74) @ 37035: uvm_test_top.env.scb [RDATA] Mismatched : exp_rdata= b7c58b74 actual_rdata=00000000 
UVM_INFO axi4_lite_subscriber.sv(40) @ 37075: uvm_test_top.env.sb [sb] INPUT COVERAGE = 100.00 %
UVM_INFO axi4_lite_inp_monitor.sv(44) @ 37075: uvm_test_top.env.aa.inp_mon [INPUT MONITOR]  WRITE awaddr=8a73e61c wdata=fe748357 wstrb=1010 
UVM_INFO axi4_lite_out_monitor.sv(28) @ 37095: uvm_test_top.env.pa.out_mon [OUTPUT MONITOR] BRESP = 3 RRESP = 0 RDATA = 00000000
UVM_INFO axi4_lite_scoreboard.sv(52) @ 37095: uvm_test_top.env.scb [BRESP] Matched : exp_bresp= 3 actual_bresp=3 write = 1 read = 0
UVM_INFO axi4_lite_subscriber.sv(40) @ 37105: uvm_test_top.env.sb [sb] INPUT COVERAGE = 100.00 %
UVM_INFO axi4_lite_inp_monitor.sv(38) @ 37105: uvm_test_top.env.aa.inp_mon [INPUT MONITOR] READ araddr=00000028
UVM_INFO axi4_lite_out_monitor.sv(28) @ 37115: uvm_test_top.env.pa.out_mon [OUTPUT MONITOR] BRESP = 0 RRESP = 0 RDATA = 00000000
UVM_INFO axi4_lite_driver.sv(34) @ 37115: uvm_test_top.env.aa.drv [DRV] awaddr = 8a73e61c wdata = fe748357 wstrb = a araddr = 00000028
UVM_INFO axi4_lite_scoreboard.sv(68) @ 37115: uvm_test_top.env.scb [RRESP] Matched : exp_rresp=0 actual_rresp =0 write = 0 read = 1
UVM_INFO axi4_lite_scoreboard.sv(72) @ 37115: uvm_test_top.env.scb [RDATA] Matched : exp_rdata=00000000 actual_rdata =00000000
UVM_INFO axi4_lite_subscriber.sv(40) @ 37145: uvm_test_top.env.sb [sb] INPUT COVERAGE = 100.00 %
UVM_INFO axi4_lite_inp_monitor.sv(44) @ 37145: uvm_test_top.env.aa.inp_mon [INPUT MONITOR]  WRITE awaddr=236dc644 wdata=5648f9fe wstrb=0011 
UVM_INFO axi4_lite_out_monitor.sv(28) @ 37165: uvm_test_top.env.pa.out_mon [OUTPUT MONITOR] BRESP = 3 RRESP = 0 RDATA = 00000000
UVM_INFO axi4_lite_scoreboard.sv(52) @ 37165: uvm_test_top.env.scb [BRESP] Matched : exp_bresp= 3 actual_bresp=3 write = 1 read = 0
UVM_INFO axi4_lite_subscriber.sv(40) @ 37175: uvm_test_top.env.sb [sb] INPUT COVERAGE = 100.00 %
UVM_INFO axi4_lite_inp_monitor.sv(38) @ 37175: uvm_test_top.env.aa.inp_mon [INPUT MONITOR] READ araddr=00000034
UVM_INFO axi4_lite_out_monitor.sv(28) @ 37185: uvm_test_top.env.pa.out_mon [OUTPUT MONITOR] BRESP = 0 RRESP = 2 RDATA = 00000000
UVM_INFO axi4_lite_driver.sv(34) @ 37185: uvm_test_top.env.aa.drv [DRV] awaddr = 236dc644 wdata = 5648f9fe wstrb = 3 araddr = 00000034
UVM_INFO axi4_lite_scoreboard.sv(68) @ 37185: uvm_test_top.env.scb [RRESP] Matched : exp_rresp=2 actual_rresp =2 write = 0 read = 1
UVM_INFO axi4_lite_scoreboard.sv(72) @ 37185: uvm_test_top.env.scb [RDATA] Matched : exp_rdata=00000000 actual_rdata =00000000
UVM_INFO axi4_lite_subscriber.sv(40) @ 37225: uvm_test_top.env.sb [sb] INPUT COVERAGE = 100.00 %
UVM_INFO axi4_lite_inp_monitor.sv(44) @ 37225: uvm_test_top.env.aa.inp_mon [INPUT MONITOR]  WRITE awaddr=6e2832fc wdata=af8998ff wstrb=1100 
UVM_INFO axi4_lite_out_monitor.sv(28) @ 37245: uvm_test_top.env.pa.out_mon [OUTPUT MONITOR] BRESP = 3 RRESP = 0 RDATA = 00000000
UVM_INFO axi4_lite_scoreboard.sv(52) @ 37245: uvm_test_top.env.scb [BRESP] Matched : exp_bresp= 3 actual_bresp=3 write = 1 read = 0
UVM_INFO axi4_lite_subscriber.sv(40) @ 37255: uvm_test_top.env.sb [sb] INPUT COVERAGE = 100.00 %
UVM_INFO axi4_lite_inp_monitor.sv(38) @ 37255: uvm_test_top.env.aa.inp_mon [INPUT MONITOR] READ araddr=00000004
UVM_INFO axi4_lite_out_monitor.sv(28) @ 37265: uvm_test_top.env.pa.out_mon [OUTPUT MONITOR] BRESP = 0 RRESP = 0 RDATA = 00000000
UVM_INFO axi4_lite_driver.sv(34) @ 37265: uvm_test_top.env.aa.drv [DRV] awaddr = 6e2832fc wdata = af8998ff wstrb = c araddr = 00000004
UVM_INFO axi4_lite_scoreboard.sv(68) @ 37265: uvm_test_top.env.scb [RRESP] Matched : exp_rresp=0 actual_rresp =0 write = 0 read = 1
UVM_ERROR axi4_lite_scoreboard.sv(74) @ 37265: uvm_test_top.env.scb [RDATA] Mismatched : exp_rdata= 45939a1b actual_rdata=00000000 
UVM_INFO axi4_lite_subscriber.sv(40) @ 37305: uvm_test_top.env.sb [sb] INPUT COVERAGE = 100.00 %
UVM_INFO axi4_lite_inp_monitor.sv(44) @ 37305: uvm_test_top.env.aa.inp_mon [INPUT MONITOR]  WRITE awaddr=36485594 wdata=bf087125 wstrb=0101 
UVM_INFO axi4_lite_out_monitor.sv(28) @ 37325: uvm_test_top.env.pa.out_mon [OUTPUT MONITOR] BRESP = 3 RRESP = 0 RDATA = 00000000
UVM_INFO axi4_lite_scoreboard.sv(52) @ 37325: uvm_test_top.env.scb [BRESP] Matched : exp_bresp= 3 actual_bresp=3 write = 1 read = 0
UVM_INFO axi4_lite_subscriber.sv(40) @ 37335: uvm_test_top.env.sb [sb] INPUT COVERAGE = 100.00 %
UVM_INFO axi4_lite_inp_monitor.sv(38) @ 37335: uvm_test_top.env.aa.inp_mon [INPUT MONITOR] READ araddr=0000002c
UVM_INFO axi4_lite_out_monitor.sv(28) @ 37345: uvm_test_top.env.pa.out_mon [OUTPUT MONITOR] BRESP = 0 RRESP = 0 RDATA = 00000000
UVM_INFO axi4_lite_driver.sv(34) @ 37345: uvm_test_top.env.aa.drv [DRV] awaddr = 36485594 wdata = bf087125 wstrb = 5 araddr = 0000002c
UVM_INFO axi4_lite_scoreboard.sv(68) @ 37345: uvm_test_top.env.scb [RRESP] Matched : exp_rresp=0 actual_rresp =0 write = 0 read = 1
UVM_INFO axi4_lite_scoreboard.sv(72) @ 37345: uvm_test_top.env.scb [RDATA] Matched : exp_rdata=00000000 actual_rdata =00000000
UVM_INFO axi4_lite_subscriber.sv(40) @ 37375: uvm_test_top.env.sb [sb] INPUT COVERAGE = 100.00 %
UVM_INFO axi4_lite_inp_monitor.sv(44) @ 37375: uvm_test_top.env.aa.inp_mon [INPUT MONITOR]  WRITE awaddr=9eb0a9b8 wdata=c2f996f2 wstrb=1001 
UVM_INFO axi4_lite_out_monitor.sv(28) @ 37395: uvm_test_top.env.pa.out_mon [OUTPUT MONITOR] BRESP = 3 RRESP = 0 RDATA = 00000000
UVM_INFO axi4_lite_scoreboard.sv(52) @ 37395: uvm_test_top.env.scb [BRESP] Matched : exp_bresp= 3 actual_bresp=3 write = 1 read = 0
UVM_INFO axi4_lite_subscriber.sv(40) @ 37405: uvm_test_top.env.sb [sb] INPUT COVERAGE = 100.00 %
UVM_INFO axi4_lite_inp_monitor.sv(38) @ 37405: uvm_test_top.env.aa.inp_mon [INPUT MONITOR] READ araddr=0000001c
UVM_INFO axi4_lite_out_monitor.sv(28) @ 37415: uvm_test_top.env.pa.out_mon [OUTPUT MONITOR] BRESP = 0 RRESP = 0 RDATA = 00000000
UVM_INFO axi4_lite_driver.sv(34) @ 37415: uvm_test_top.env.aa.drv [DRV] awaddr = 9eb0a9b8 wdata = c2f996f2 wstrb = 9 araddr = 0000001c
UVM_INFO axi4_lite_scoreboard.sv(68) @ 37415: uvm_test_top.env.scb [RRESP] Matched : exp_rresp=0 actual_rresp =0 write = 0 read = 1
UVM_ERROR axi4_lite_scoreboard.sv(74) @ 37415: uvm_test_top.env.scb [RDATA] Mismatched : exp_rdata= 1798c26e actual_rdata=00000000 
UVM_INFO axi4_lite_subscriber.sv(40) @ 37445: uvm_test_top.env.sb [sb] INPUT COVERAGE = 100.00 %
UVM_INFO axi4_lite_inp_monitor.sv(44) @ 37445: uvm_test_top.env.aa.inp_mon [INPUT MONITOR]  WRITE awaddr=2f8823e4 wdata=4e564729 wstrb=1011 
UVM_INFO axi4_lite_out_monitor.sv(28) @ 37465: uvm_test_top.env.pa.out_mon [OUTPUT MONITOR] BRESP = 3 RRESP = 0 RDATA = 00000000
UVM_INFO axi4_lite_scoreboard.sv(52) @ 37465: uvm_test_top.env.scb [BRESP] Matched : exp_bresp= 3 actual_bresp=3 write = 1 read = 0
UVM_INFO axi4_lite_subscriber.sv(40) @ 37475: uvm_test_top.env.sb [sb] INPUT COVERAGE = 100.00 %
UVM_INFO axi4_lite_inp_monitor.sv(38) @ 37475: uvm_test_top.env.aa.inp_mon [INPUT MONITOR] READ araddr=00000008
UVM_INFO axi4_lite_out_monitor.sv(28) @ 37485: uvm_test_top.env.pa.out_mon [OUTPUT MONITOR] BRESP = 0 RRESP = 0 RDATA = 00000000
UVM_INFO axi4_lite_driver.sv(34) @ 37485: uvm_test_top.env.aa.drv [DRV] awaddr = 2f8823e4 wdata = 4e564729 wstrb = b araddr = 00000008
UVM_INFO axi4_lite_scoreboard.sv(68) @ 37485: uvm_test_top.env.scb [RRESP] Matched : exp_rresp=0 actual_rresp =0 write = 0 read = 1
UVM_ERROR axi4_lite_scoreboard.sv(74) @ 37485: uvm_test_top.env.scb [RDATA] Mismatched : exp_rdata= f0a9e511 actual_rdata=00000000 
UVM_INFO axi4_lite_subscriber.sv(40) @ 37515: uvm_test_top.env.sb [sb] INPUT COVERAGE = 100.00 %
UVM_INFO axi4_lite_inp_monitor.sv(44) @ 37515: uvm_test_top.env.aa.inp_mon [INPUT MONITOR]  WRITE awaddr=fd1f4234 wdata=89f7a4cc wstrb=1000 
UVM_INFO axi4_lite_out_monitor.sv(28) @ 37535: uvm_test_top.env.pa.out_mon [OUTPUT MONITOR] BRESP = 3 RRESP = 0 RDATA = 00000000
UVM_INFO axi4_lite_scoreboard.sv(52) @ 37535: uvm_test_top.env.scb [BRESP] Matched : exp_bresp= 3 actual_bresp=3 write = 1 read = 0
UVM_INFO axi4_lite_subscriber.sv(40) @ 37545: uvm_test_top.env.sb [sb] INPUT COVERAGE = 100.00 %
UVM_INFO axi4_lite_inp_monitor.sv(38) @ 37545: uvm_test_top.env.aa.inp_mon [INPUT MONITOR] READ araddr=0000001c
UVM_INFO axi4_lite_out_monitor.sv(28) @ 37555: uvm_test_top.env.pa.out_mon [OUTPUT MONITOR] BRESP = 0 RRESP = 0 RDATA = 00000000
UVM_INFO axi4_lite_driver.sv(34) @ 37555: uvm_test_top.env.aa.drv [DRV] awaddr = fd1f4234 wdata = 89f7a4cc wstrb = 8 araddr = 0000001c
UVM_INFO axi4_lite_scoreboard.sv(68) @ 37555: uvm_test_top.env.scb [RRESP] Matched : exp_rresp=0 actual_rresp =0 write = 0 read = 1
UVM_ERROR axi4_lite_scoreboard.sv(74) @ 37555: uvm_test_top.env.scb [RDATA] Mismatched : exp_rdata= 1798c26e actual_rdata=00000000 
UVM_INFO axi4_lite_subscriber.sv(40) @ 37585: uvm_test_top.env.sb [sb] INPUT COVERAGE = 100.00 %
UVM_INFO axi4_lite_inp_monitor.sv(44) @ 37585: uvm_test_top.env.aa.inp_mon [INPUT MONITOR]  WRITE awaddr=221440bc wdata=59464d27 wstrb=1111 
UVM_INFO axi4_lite_out_monitor.sv(28) @ 37605: uvm_test_top.env.pa.out_mon [OUTPUT MONITOR] BRESP = 3 RRESP = 0 RDATA = 00000000
UVM_INFO axi4_lite_scoreboard.sv(52) @ 37605: uvm_test_top.env.scb [BRESP] Matched : exp_bresp= 3 actual_bresp=3 write = 1 read = 0
UVM_INFO axi4_lite_subscriber.sv(40) @ 37615: uvm_test_top.env.sb [sb] INPUT COVERAGE = 100.00 %
UVM_INFO axi4_lite_inp_monitor.sv(38) @ 37615: uvm_test_top.env.aa.inp_mon [INPUT MONITOR] READ araddr=00000020
UVM_INFO axi4_lite_out_monitor.sv(28) @ 37625: uvm_test_top.env.pa.out_mon [OUTPUT MONITOR] BRESP = 0 RRESP = 0 RDATA = 00000000
UVM_INFO axi4_lite_driver.sv(34) @ 37625: uvm_test_top.env.aa.drv [DRV] awaddr = 221440bc wdata = 59464d27 wstrb = f araddr = 00000020
UVM_INFO axi4_lite_scoreboard.sv(68) @ 37625: uvm_test_top.env.scb [RRESP] Matched : exp_rresp=0 actual_rresp =0 write = 0 read = 1
UVM_ERROR axi4_lite_scoreboard.sv(74) @ 37625: uvm_test_top.env.scb [RDATA] Mismatched : exp_rdata= 0d701b25 actual_rdata=00000000 
UVM_INFO axi4_lite_subscriber.sv(40) @ 37665: uvm_test_top.env.sb [sb] INPUT COVERAGE = 100.00 %
UVM_INFO axi4_lite_inp_monitor.sv(44) @ 37665: uvm_test_top.env.aa.inp_mon [INPUT MONITOR]  WRITE awaddr=fe1747cc wdata=fda132a7 wstrb=0010 
UVM_INFO axi4_lite_out_monitor.sv(28) @ 37685: uvm_test_top.env.pa.out_mon [OUTPUT MONITOR] BRESP = 3 RRESP = 0 RDATA = 00000000
UVM_INFO axi4_lite_scoreboard.sv(52) @ 37685: uvm_test_top.env.scb [BRESP] Matched : exp_bresp= 3 actual_bresp=3 write = 1 read = 0
UVM_INFO axi4_lite_subscriber.sv(40) @ 37695: uvm_test_top.env.sb [sb] INPUT COVERAGE = 100.00 %
UVM_INFO axi4_lite_inp_monitor.sv(38) @ 37695: uvm_test_top.env.aa.inp_mon [INPUT MONITOR] READ araddr=0000002c
UVM_INFO axi4_lite_out_monitor.sv(28) @ 37705: uvm_test_top.env.pa.out_mon [OUTPUT MONITOR] BRESP = 0 RRESP = 0 RDATA = 00000000
UVM_INFO axi4_lite_driver.sv(34) @ 37705: uvm_test_top.env.aa.drv [DRV] awaddr = fe1747cc wdata = fda132a7 wstrb = 2 araddr = 0000002c
UVM_INFO axi4_lite_scoreboard.sv(68) @ 37705: uvm_test_top.env.scb [RRESP] Matched : exp_rresp=0 actual_rresp =0 write = 0 read = 1
UVM_INFO axi4_lite_scoreboard.sv(72) @ 37705: uvm_test_top.env.scb [RDATA] Matched : exp_rdata=00000000 actual_rdata =00000000
UVM_INFO axi4_lite_subscriber.sv(40) @ 37735: uvm_test_top.env.sb [sb] INPUT COVERAGE = 100.00 %
UVM_INFO axi4_lite_inp_monitor.sv(44) @ 37735: uvm_test_top.env.aa.inp_mon [INPUT MONITOR]  WRITE awaddr=2e89e424 wdata=376112b3 wstrb=1000 
UVM_INFO axi4_lite_out_monitor.sv(28) @ 37755: uvm_test_top.env.pa.out_mon [OUTPUT MONITOR] BRESP = 3 RRESP = 0 RDATA = 00000000
UVM_INFO axi4_lite_scoreboard.sv(52) @ 37755: uvm_test_top.env.scb [BRESP] Matched : exp_bresp= 3 actual_bresp=3 write = 1 read = 0
UVM_INFO axi4_lite_subscriber.sv(40) @ 37765: uvm_test_top.env.sb [sb] INPUT COVERAGE = 100.00 %
UVM_INFO axi4_lite_inp_monitor.sv(38) @ 37765: uvm_test_top.env.aa.inp_mon [INPUT MONITOR] READ araddr=00000004
UVM_INFO axi4_lite_out_monitor.sv(28) @ 37775: uvm_test_top.env.pa.out_mon [OUTPUT MONITOR] BRESP = 0 RRESP = 0 RDATA = 00000000
UVM_INFO axi4_lite_driver.sv(34) @ 37775: uvm_test_top.env.aa.drv [DRV] awaddr = 2e89e424 wdata = 376112b3 wstrb = 8 araddr = 00000004
UVM_INFO axi4_lite_scoreboard.sv(68) @ 37775: uvm_test_top.env.scb [RRESP] Matched : exp_rresp=0 actual_rresp =0 write = 0 read = 1
UVM_ERROR axi4_lite_scoreboard.sv(74) @ 37775: uvm_test_top.env.scb [RDATA] Mismatched : exp_rdata= 45939a1b actual_rdata=00000000 
UVM_INFO axi4_lite_subscriber.sv(40) @ 37815: uvm_test_top.env.sb [sb] INPUT COVERAGE = 100.00 %
UVM_INFO axi4_lite_inp_monitor.sv(44) @ 37815: uvm_test_top.env.aa.inp_mon [INPUT MONITOR]  WRITE awaddr=fb02e0a0 wdata=4bf5fcfc wstrb=0001 
UVM_INFO axi4_lite_out_monitor.sv(28) @ 37835: uvm_test_top.env.pa.out_mon [OUTPUT MONITOR] BRESP = 3 RRESP = 0 RDATA = 00000000
UVM_INFO axi4_lite_scoreboard.sv(52) @ 37835: uvm_test_top.env.scb [BRESP] Matched : exp_bresp= 3 actual_bresp=3 write = 1 read = 0
UVM_INFO axi4_lite_subscriber.sv(40) @ 37845: uvm_test_top.env.sb [sb] INPUT COVERAGE = 100.00 %
UVM_INFO axi4_lite_inp_monitor.sv(38) @ 37845: uvm_test_top.env.aa.inp_mon [INPUT MONITOR] READ araddr=00000034
UVM_INFO axi4_lite_out_monitor.sv(28) @ 37855: uvm_test_top.env.pa.out_mon [OUTPUT MONITOR] BRESP = 0 RRESP = 2 RDATA = 00000000
UVM_INFO axi4_lite_driver.sv(34) @ 37855: uvm_test_top.env.aa.drv [DRV] awaddr = fb02e0a0 wdata = 4bf5fcfc wstrb = 1 araddr = 00000034
UVM_INFO axi4_lite_scoreboard.sv(68) @ 37855: uvm_test_top.env.scb [RRESP] Matched : exp_rresp=2 actual_rresp =2 write = 0 read = 1
UVM_ERROR axi4_lite_scoreboard.sv(74) @ 37855: uvm_test_top.env.scb [RDATA] Mismatched : exp_rdata= 45939a1b actual_rdata=00000000 
UVM_INFO axi4_lite_subscriber.sv(40) @ 37905: uvm_test_top.env.sb [sb] INPUT COVERAGE = 100.00 %
UVM_INFO axi4_lite_inp_monitor.sv(44) @ 37905: uvm_test_top.env.aa.inp_mon [INPUT MONITOR]  WRITE awaddr=f5552fa8 wdata=0cf14b8d wstrb=1000 
UVM_INFO axi4_lite_out_monitor.sv(28) @ 37925: uvm_test_top.env.pa.out_mon [OUTPUT MONITOR] BRESP = 3 RRESP = 0 RDATA = 00000000
UVM_INFO axi4_lite_scoreboard.sv(52) @ 37925: uvm_test_top.env.scb [BRESP] Matched : exp_bresp= 3 actual_bresp=3 write = 1 read = 0
UVM_INFO axi4_lite_subscriber.sv(40) @ 37935: uvm_test_top.env.sb [sb] INPUT COVERAGE = 100.00 %
UVM_INFO axi4_lite_inp_monitor.sv(38) @ 37935: uvm_test_top.env.aa.inp_mon [INPUT MONITOR] READ araddr=00000010
UVM_INFO axi4_lite_out_monitor.sv(28) @ 37945: uvm_test_top.env.pa.out_mon [OUTPUT MONITOR] BRESP = 0 RRESP = 0 RDATA = 00000000
UVM_INFO axi4_lite_driver.sv(34) @ 37945: uvm_test_top.env.aa.drv [DRV] awaddr = f5552fa8 wdata = 0cf14b8d wstrb = 8 araddr = 00000010
UVM_INFO axi4_lite_scoreboard.sv(68) @ 37945: uvm_test_top.env.scb [RRESP] Matched : exp_rresp=0 actual_rresp =0 write = 0 read = 1
UVM_ERROR axi4_lite_scoreboard.sv(74) @ 37945: uvm_test_top.env.scb [RDATA] Mismatched : exp_rdata= f3e50000 actual_rdata=00000000 
UVM_INFO axi4_lite_subscriber.sv(40) @ 37985: uvm_test_top.env.sb [sb] INPUT COVERAGE = 100.00 %
UVM_INFO axi4_lite_inp_monitor.sv(44) @ 37985: uvm_test_top.env.aa.inp_mon [INPUT MONITOR]  WRITE awaddr=e37ec274 wdata=ccb0f7ff wstrb=1010 
UVM_INFO axi4_lite_out_monitor.sv(28) @ 38005: uvm_test_top.env.pa.out_mon [OUTPUT MONITOR] BRESP = 3 RRESP = 0 RDATA = 00000000
UVM_INFO axi4_lite_scoreboard.sv(52) @ 38005: uvm_test_top.env.scb [BRESP] Matched : exp_bresp= 3 actual_bresp=3 write = 1 read = 0
UVM_INFO axi4_lite_subscriber.sv(40) @ 38015: uvm_test_top.env.sb [sb] INPUT COVERAGE = 100.00 %
UVM_INFO axi4_lite_inp_monitor.sv(38) @ 38015: uvm_test_top.env.aa.inp_mon [INPUT MONITOR] READ araddr=00000020
UVM_INFO axi4_lite_out_monitor.sv(28) @ 38025: uvm_test_top.env.pa.out_mon [OUTPUT MONITOR] BRESP = 0 RRESP = 0 RDATA = 00000000
UVM_INFO axi4_lite_driver.sv(34) @ 38025: uvm_test_top.env.aa.drv [DRV] awaddr = e37ec274 wdata = ccb0f7ff wstrb = a araddr = 00000020
UVM_INFO axi4_lite_scoreboard.sv(68) @ 38025: uvm_test_top.env.scb [RRESP] Matched : exp_rresp=0 actual_rresp =0 write = 0 read = 1
UVM_ERROR axi4_lite_scoreboard.sv(74) @ 38025: uvm_test_top.env.scb [RDATA] Mismatched : exp_rdata= 0d701b25 actual_rdata=00000000 
UVM_INFO axi4_lite_subscriber.sv(40) @ 38055: uvm_test_top.env.sb [sb] INPUT COVERAGE = 100.00 %
UVM_INFO axi4_lite_inp_monitor.sv(44) @ 38055: uvm_test_top.env.aa.inp_mon [INPUT MONITOR]  WRITE awaddr=228ac0d8 wdata=77588c14 wstrb=1010 
UVM_INFO axi4_lite_out_monitor.sv(28) @ 38075: uvm_test_top.env.pa.out_mon [OUTPUT MONITOR] BRESP = 3 RRESP = 0 RDATA = 00000000
UVM_INFO axi4_lite_scoreboard.sv(52) @ 38075: uvm_test_top.env.scb [BRESP] Matched : exp_bresp= 3 actual_bresp=3 write = 1 read = 0
UVM_INFO axi4_lite_subscriber.sv(40) @ 38085: uvm_test_top.env.sb [sb] INPUT COVERAGE = 100.00 %
UVM_INFO axi4_lite_inp_monitor.sv(38) @ 38085: uvm_test_top.env.aa.inp_mon [INPUT MONITOR] READ araddr=00000020
UVM_INFO axi4_lite_out_monitor.sv(28) @ 38095: uvm_test_top.env.pa.out_mon [OUTPUT MONITOR] BRESP = 0 RRESP = 0 RDATA = 00000000
UVM_INFO axi4_lite_driver.sv(34) @ 38095: uvm_test_top.env.aa.drv [DRV] awaddr = 228ac0d8 wdata = 77588c14 wstrb = a araddr = 00000020
UVM_INFO axi4_lite_scoreboard.sv(68) @ 38095: uvm_test_top.env.scb [RRESP] Matched : exp_rresp=0 actual_rresp =0 write = 0 read = 1
UVM_ERROR axi4_lite_scoreboard.sv(74) @ 38095: uvm_test_top.env.scb [RDATA] Mismatched : exp_rdata= 0d701b25 actual_rdata=00000000 
UVM_INFO axi4_lite_subscriber.sv(40) @ 38125: uvm_test_top.env.sb [sb] INPUT COVERAGE = 100.00 %
UVM_INFO axi4_lite_inp_monitor.sv(44) @ 38125: uvm_test_top.env.aa.inp_mon [INPUT MONITOR]  WRITE awaddr=8f998e64 wdata=472cfb17 wstrb=1010 
UVM_INFO axi4_lite_out_monitor.sv(28) @ 38145: uvm_test_top.env.pa.out_mon [OUTPUT MONITOR] BRESP = 3 RRESP = 0 RDATA = 00000000
UVM_INFO axi4_lite_scoreboard.sv(52) @ 38145: uvm_test_top.env.scb [BRESP] Matched : exp_bresp= 3 actual_bresp=3 write = 1 read = 0
UVM_INFO axi4_lite_subscriber.sv(40) @ 38155: uvm_test_top.env.sb [sb] INPUT COVERAGE = 100.00 %
UVM_INFO axi4_lite_inp_monitor.sv(38) @ 38155: uvm_test_top.env.aa.inp_mon [INPUT MONITOR] READ araddr=00000024
UVM_INFO axi4_lite_out_monitor.sv(28) @ 38165: uvm_test_top.env.pa.out_mon [OUTPUT MONITOR] BRESP = 0 RRESP = 0 RDATA = 00000000
UVM_INFO axi4_lite_driver.sv(34) @ 38165: uvm_test_top.env.aa.drv [DRV] awaddr = 8f998e64 wdata = 472cfb17 wstrb = a araddr = 00000024
UVM_INFO axi4_lite_scoreboard.sv(68) @ 38165: uvm_test_top.env.scb [RRESP] Matched : exp_rresp=0 actual_rresp =0 write = 0 read = 1
UVM_ERROR axi4_lite_scoreboard.sv(74) @ 38165: uvm_test_top.env.scb [RDATA] Mismatched : exp_rdata= 0e8cf549 actual_rdata=00000000 
UVM_INFO axi4_lite_subscriber.sv(40) @ 38195: uvm_test_top.env.sb [sb] INPUT COVERAGE = 100.00 %
UVM_INFO axi4_lite_inp_monitor.sv(44) @ 38195: uvm_test_top.env.aa.inp_mon [INPUT MONITOR]  WRITE awaddr=b6a6391c wdata=b8720496 wstrb=0010 
UVM_INFO axi4_lite_out_monitor.sv(28) @ 38215: uvm_test_top.env.pa.out_mon [OUTPUT MONITOR] BRESP = 3 RRESP = 0 RDATA = 00000000
UVM_INFO axi4_lite_scoreboard.sv(52) @ 38215: uvm_test_top.env.scb [BRESP] Matched : exp_bresp= 3 actual_bresp=3 write = 1 read = 0
UVM_INFO axi4_lite_subscriber.sv(40) @ 38225: uvm_test_top.env.sb [sb] INPUT COVERAGE = 100.00 %
UVM_INFO axi4_lite_inp_monitor.sv(38) @ 38225: uvm_test_top.env.aa.inp_mon [INPUT MONITOR] READ araddr=00000024
UVM_INFO axi4_lite_out_monitor.sv(28) @ 38235: uvm_test_top.env.pa.out_mon [OUTPUT MONITOR] BRESP = 0 RRESP = 0 RDATA = 00000000
UVM_INFO axi4_lite_driver.sv(34) @ 38235: uvm_test_top.env.aa.drv [DRV] awaddr = b6a6391c wdata = b8720496 wstrb = 2 araddr = 00000024
UVM_INFO axi4_lite_scoreboard.sv(68) @ 38235: uvm_test_top.env.scb [RRESP] Matched : exp_rresp=0 actual_rresp =0 write = 0 read = 1
UVM_ERROR axi4_lite_scoreboard.sv(74) @ 38235: uvm_test_top.env.scb [RDATA] Mismatched : exp_rdata= 0e8cf549 actual_rdata=00000000 
UVM_INFO axi4_lite_subscriber.sv(40) @ 38265: uvm_test_top.env.sb [sb] INPUT COVERAGE = 100.00 %
UVM_INFO axi4_lite_inp_monitor.sv(44) @ 38265: uvm_test_top.env.aa.inp_mon [INPUT MONITOR]  WRITE awaddr=7a50d5b4 wdata=910ea533 wstrb=1001 
UVM_INFO axi4_lite_out_monitor.sv(28) @ 38285: uvm_test_top.env.pa.out_mon [OUTPUT MONITOR] BRESP = 3 RRESP = 0 RDATA = 00000000
UVM_INFO axi4_lite_scoreboard.sv(52) @ 38285: uvm_test_top.env.scb [BRESP] Matched : exp_bresp= 3 actual_bresp=3 write = 1 read = 0
UVM_INFO axi4_lite_subscriber.sv(40) @ 38295: uvm_test_top.env.sb [sb] INPUT COVERAGE = 100.00 %
UVM_INFO axi4_lite_inp_monitor.sv(38) @ 38295: uvm_test_top.env.aa.inp_mon [INPUT MONITOR] READ araddr=00000010
UVM_INFO axi4_lite_out_monitor.sv(28) @ 38305: uvm_test_top.env.pa.out_mon [OUTPUT MONITOR] BRESP = 0 RRESP = 0 RDATA = 00000000
UVM_INFO axi4_lite_driver.sv(34) @ 38305: uvm_test_top.env.aa.drv [DRV] awaddr = 7a50d5b4 wdata = 910ea533 wstrb = 9 araddr = 00000010
UVM_INFO axi4_lite_scoreboard.sv(68) @ 38305: uvm_test_top.env.scb [RRESP] Matched : exp_rresp=0 actual_rresp =0 write = 0 read = 1
UVM_ERROR axi4_lite_scoreboard.sv(74) @ 38305: uvm_test_top.env.scb [RDATA] Mismatched : exp_rdata= f3e50000 actual_rdata=00000000 
UVM_INFO axi4_lite_subscriber.sv(40) @ 38345: uvm_test_top.env.sb [sb] INPUT COVERAGE = 100.00 %
UVM_INFO axi4_lite_inp_monitor.sv(44) @ 38345: uvm_test_top.env.aa.inp_mon [INPUT MONITOR]  WRITE awaddr=b60fdc78 wdata=e1637f46 wstrb=0010 
UVM_INFO axi4_lite_out_monitor.sv(28) @ 38365: uvm_test_top.env.pa.out_mon [OUTPUT MONITOR] BRESP = 3 RRESP = 0 RDATA = 00000000
UVM_INFO axi4_lite_scoreboard.sv(52) @ 38365: uvm_test_top.env.scb [BRESP] Matched : exp_bresp= 3 actual_bresp=3 write = 1 read = 0
UVM_INFO axi4_lite_subscriber.sv(40) @ 38375: uvm_test_top.env.sb [sb] INPUT COVERAGE = 100.00 %
UVM_INFO axi4_lite_inp_monitor.sv(38) @ 38375: uvm_test_top.env.aa.inp_mon [INPUT MONITOR] READ araddr=00000030
UVM_INFO axi4_lite_out_monitor.sv(28) @ 38385: uvm_test_top.env.pa.out_mon [OUTPUT MONITOR] BRESP = 0 RRESP = 0 RDATA = 00000000
UVM_INFO axi4_lite_driver.sv(34) @ 38385: uvm_test_top.env.aa.drv [DRV] awaddr = b60fdc78 wdata = e1637f46 wstrb = 2 araddr = 00000030
UVM_INFO axi4_lite_scoreboard.sv(68) @ 38385: uvm_test_top.env.scb [RRESP] Matched : exp_rresp=0 actual_rresp =0 write = 0 read = 1
UVM_INFO axi4_lite_scoreboard.sv(72) @ 38385: uvm_test_top.env.scb [RDATA] Matched : exp_rdata=00000000 actual_rdata =00000000
UVM_INFO axi4_lite_subscriber.sv(40) @ 38425: uvm_test_top.env.sb [sb] INPUT COVERAGE = 100.00 %
UVM_INFO axi4_lite_inp_monitor.sv(44) @ 38425: uvm_test_top.env.aa.inp_mon [INPUT MONITOR]  WRITE awaddr=ecc78970 wdata=efe15e21 wstrb=1111 
UVM_INFO axi4_lite_out_monitor.sv(28) @ 38445: uvm_test_top.env.pa.out_mon [OUTPUT MONITOR] BRESP = 3 RRESP = 0 RDATA = 00000000
UVM_INFO axi4_lite_scoreboard.sv(52) @ 38445: uvm_test_top.env.scb [BRESP] Matched : exp_bresp= 3 actual_bresp=3 write = 1 read = 0
UVM_INFO axi4_lite_subscriber.sv(40) @ 38455: uvm_test_top.env.sb [sb] INPUT COVERAGE = 100.00 %
UVM_INFO axi4_lite_inp_monitor.sv(38) @ 38455: uvm_test_top.env.aa.inp_mon [INPUT MONITOR] READ araddr=00000014
UVM_INFO axi4_lite_out_monitor.sv(28) @ 38465: uvm_test_top.env.pa.out_mon [OUTPUT MONITOR] BRESP = 0 RRESP = 0 RDATA = 00000000
UVM_INFO axi4_lite_driver.sv(34) @ 38465: uvm_test_top.env.aa.drv [DRV] awaddr = ecc78970 wdata = efe15e21 wstrb = f araddr = 00000014
UVM_INFO axi4_lite_scoreboard.sv(68) @ 38465: uvm_test_top.env.scb [RRESP] Matched : exp_rresp=0 actual_rresp =0 write = 0 read = 1
UVM_ERROR axi4_lite_scoreboard.sv(74) @ 38465: uvm_test_top.env.scb [RDATA] Mismatched : exp_rdata= b7c58b74 actual_rdata=00000000 
UVM_INFO axi4_lite_subscriber.sv(40) @ 38505: uvm_test_top.env.sb [sb] INPUT COVERAGE = 100.00 %
UVM_INFO axi4_lite_inp_monitor.sv(44) @ 38505: uvm_test_top.env.aa.inp_mon [INPUT MONITOR]  WRITE awaddr=b7d956c8 wdata=0eead0e4 wstrb=0011 
UVM_INFO axi4_lite_out_monitor.sv(28) @ 38525: uvm_test_top.env.pa.out_mon [OUTPUT MONITOR] BRESP = 3 RRESP = 0 RDATA = 00000000
UVM_INFO axi4_lite_scoreboard.sv(52) @ 38525: uvm_test_top.env.scb [BRESP] Matched : exp_bresp= 3 actual_bresp=3 write = 1 read = 0
UVM_INFO axi4_lite_subscriber.sv(40) @ 38535: uvm_test_top.env.sb [sb] INPUT COVERAGE = 100.00 %
UVM_INFO axi4_lite_inp_monitor.sv(38) @ 38535: uvm_test_top.env.aa.inp_mon [INPUT MONITOR] READ araddr=00000034
UVM_INFO axi4_lite_out_monitor.sv(28) @ 38545: uvm_test_top.env.pa.out_mon [OUTPUT MONITOR] BRESP = 0 RRESP = 2 RDATA = 00000000
UVM_INFO axi4_lite_driver.sv(34) @ 38545: uvm_test_top.env.aa.drv [DRV] awaddr = b7d956c8 wdata = 0eead0e4 wstrb = 3 araddr = 00000034
UVM_INFO axi4_lite_scoreboard.sv(68) @ 38545: uvm_test_top.env.scb [RRESP] Matched : exp_rresp=2 actual_rresp =2 write = 0 read = 1
UVM_ERROR axi4_lite_scoreboard.sv(74) @ 38545: uvm_test_top.env.scb [RDATA] Mismatched : exp_rdata= b7c58b74 actual_rdata=00000000 
UVM_INFO axi4_lite_subscriber.sv(40) @ 38585: uvm_test_top.env.sb [sb] INPUT COVERAGE = 100.00 %
UVM_INFO axi4_lite_inp_monitor.sv(44) @ 38585: uvm_test_top.env.aa.inp_mon [INPUT MONITOR]  WRITE awaddr=dd68ecc4 wdata=a361e01b wstrb=0011 
UVM_INFO axi4_lite_out_monitor.sv(28) @ 38605: uvm_test_top.env.pa.out_mon [OUTPUT MONITOR] BRESP = 3 RRESP = 0 RDATA = 00000000
UVM_INFO axi4_lite_scoreboard.sv(52) @ 38605: uvm_test_top.env.scb [BRESP] Matched : exp_bresp= 3 actual_bresp=3 write = 1 read = 0
UVM_INFO axi4_lite_subscriber.sv(40) @ 38615: uvm_test_top.env.sb [sb] INPUT COVERAGE = 100.00 %
UVM_INFO axi4_lite_inp_monitor.sv(38) @ 38615: uvm_test_top.env.aa.inp_mon [INPUT MONITOR] READ araddr=00000014
UVM_INFO axi4_lite_out_monitor.sv(28) @ 38625: uvm_test_top.env.pa.out_mon [OUTPUT MONITOR] BRESP = 0 RRESP = 0 RDATA = 00000000
UVM_INFO axi4_lite_driver.sv(34) @ 38625: uvm_test_top.env.aa.drv [DRV] awaddr = dd68ecc4 wdata = a361e01b wstrb = 3 araddr = 00000014
UVM_INFO axi4_lite_scoreboard.sv(68) @ 38625: uvm_test_top.env.scb [RRESP] Matched : exp_rresp=0 actual_rresp =0 write = 0 read = 1
UVM_ERROR axi4_lite_scoreboard.sv(74) @ 38625: uvm_test_top.env.scb [RDATA] Mismatched : exp_rdata= b7c58b74 actual_rdata=00000000 
UVM_INFO axi4_lite_subscriber.sv(40) @ 38665: uvm_test_top.env.sb [sb] INPUT COVERAGE = 100.00 %
UVM_INFO axi4_lite_inp_monitor.sv(44) @ 38665: uvm_test_top.env.aa.inp_mon [INPUT MONITOR]  WRITE awaddr=1f07bfa4 wdata=453cac14 wstrb=1001 
UVM_INFO axi4_lite_out_monitor.sv(28) @ 38685: uvm_test_top.env.pa.out_mon [OUTPUT MONITOR] BRESP = 3 RRESP = 0 RDATA = 00000000
UVM_INFO axi4_lite_scoreboard.sv(52) @ 38685: uvm_test_top.env.scb [BRESP] Matched : exp_bresp= 3 actual_bresp=3 write = 1 read = 0
UVM_INFO axi4_lite_subscriber.sv(40) @ 38695: uvm_test_top.env.sb [sb] INPUT COVERAGE = 100.00 %
UVM_INFO axi4_lite_inp_monitor.sv(38) @ 38695: uvm_test_top.env.aa.inp_mon [INPUT MONITOR] READ araddr=00000000
UVM_INFO axi4_lite_out_monitor.sv(28) @ 38705: uvm_test_top.env.pa.out_mon [OUTPUT MONITOR] BRESP = 0 RRESP = 0 RDATA = 00000000
UVM_INFO axi4_lite_driver.sv(34) @ 38705: uvm_test_top.env.aa.drv [DRV] awaddr = 1f07bfa4 wdata = 453cac14 wstrb = 9 araddr = 00000000
UVM_INFO axi4_lite_scoreboard.sv(68) @ 38705: uvm_test_top.env.scb [RRESP] Matched : exp_rresp=0 actual_rresp =0 write = 0 read = 1
UVM_ERROR axi4_lite_scoreboard.sv(74) @ 38705: uvm_test_top.env.scb [RDATA] Mismatched : exp_rdata= 5918dca8 actual_rdata=00000000 
UVM_INFO axi4_lite_subscriber.sv(40) @ 38735: uvm_test_top.env.sb [sb] INPUT COVERAGE = 100.00 %
UVM_INFO axi4_lite_inp_monitor.sv(44) @ 38735: uvm_test_top.env.aa.inp_mon [INPUT MONITOR]  WRITE awaddr=48b3140c wdata=90ec74e3 wstrb=0111 
UVM_INFO axi4_lite_out_monitor.sv(28) @ 38755: uvm_test_top.env.pa.out_mon [OUTPUT MONITOR] BRESP = 3 RRESP = 0 RDATA = 00000000
UVM_INFO axi4_lite_scoreboard.sv(52) @ 38755: uvm_test_top.env.scb [BRESP] Matched : exp_bresp= 3 actual_bresp=3 write = 1 read = 0
UVM_INFO axi4_lite_subscriber.sv(40) @ 38765: uvm_test_top.env.sb [sb] INPUT COVERAGE = 100.00 %
UVM_INFO axi4_lite_inp_monitor.sv(38) @ 38765: uvm_test_top.env.aa.inp_mon [INPUT MONITOR] READ araddr=00000020
UVM_INFO axi4_lite_out_monitor.sv(28) @ 38775: uvm_test_top.env.pa.out_mon [OUTPUT MONITOR] BRESP = 0 RRESP = 0 RDATA = 00000000
UVM_INFO axi4_lite_driver.sv(34) @ 38775: uvm_test_top.env.aa.drv [DRV] awaddr = 48b3140c wdata = 90ec74e3 wstrb = 7 araddr = 00000020
UVM_INFO axi4_lite_scoreboard.sv(68) @ 38775: uvm_test_top.env.scb [RRESP] Matched : exp_rresp=0 actual_rresp =0 write = 0 read = 1
UVM_ERROR axi4_lite_scoreboard.sv(74) @ 38775: uvm_test_top.env.scb [RDATA] Mismatched : exp_rdata= 0d701b25 actual_rdata=00000000 
UVM_INFO axi4_lite_subscriber.sv(40) @ 38815: uvm_test_top.env.sb [sb] INPUT COVERAGE = 100.00 %
UVM_INFO axi4_lite_inp_monitor.sv(44) @ 38815: uvm_test_top.env.aa.inp_mon [INPUT MONITOR]  WRITE awaddr=efbb8598 wdata=713d6439 wstrb=0100 
UVM_INFO axi4_lite_out_monitor.sv(28) @ 38835: uvm_test_top.env.pa.out_mon [OUTPUT MONITOR] BRESP = 3 RRESP = 0 RDATA = 00000000
UVM_INFO axi4_lite_scoreboard.sv(52) @ 38835: uvm_test_top.env.scb [BRESP] Matched : exp_bresp= 3 actual_bresp=3 write = 1 read = 0
UVM_INFO axi4_lite_subscriber.sv(40) @ 38845: uvm_test_top.env.sb [sb] INPUT COVERAGE = 100.00 %
UVM_INFO axi4_lite_inp_monitor.sv(38) @ 38845: uvm_test_top.env.aa.inp_mon [INPUT MONITOR] READ araddr=00000018
UVM_INFO axi4_lite_out_monitor.sv(28) @ 38855: uvm_test_top.env.pa.out_mon [OUTPUT MONITOR] BRESP = 0 RRESP = 0 RDATA = 00000000
UVM_INFO axi4_lite_driver.sv(34) @ 38855: uvm_test_top.env.aa.drv [DRV] awaddr = efbb8598 wdata = 713d6439 wstrb = 4 araddr = 00000018
UVM_INFO axi4_lite_scoreboard.sv(68) @ 38855: uvm_test_top.env.scb [RRESP] Matched : exp_rresp=0 actual_rresp =0 write = 0 read = 1
UVM_ERROR axi4_lite_scoreboard.sv(74) @ 38855: uvm_test_top.env.scb [RDATA] Mismatched : exp_rdata= 652f51e9 actual_rdata=00000000 
UVM_INFO axi4_lite_subscriber.sv(40) @ 38875: uvm_test_top.env.sb [sb] INPUT COVERAGE = 100.00 %
UVM_INFO axi4_lite_inp_monitor.sv(44) @ 38875: uvm_test_top.env.aa.inp_mon [INPUT MONITOR]  WRITE awaddr=2841de6c wdata=9194a936 wstrb=1100 
UVM_INFO axi4_lite_out_monitor.sv(28) @ 38895: uvm_test_top.env.pa.out_mon [OUTPUT MONITOR] BRESP = 3 RRESP = 0 RDATA = 00000000
UVM_INFO axi4_lite_scoreboard.sv(52) @ 38895: uvm_test_top.env.scb [BRESP] Matched : exp_bresp= 3 actual_bresp=3 write = 1 read = 0
UVM_INFO axi4_lite_subscriber.sv(40) @ 38905: uvm_test_top.env.sb [sb] INPUT COVERAGE = 100.00 %
UVM_INFO axi4_lite_inp_monitor.sv(38) @ 38905: uvm_test_top.env.aa.inp_mon [INPUT MONITOR] READ araddr=0000001c
UVM_INFO axi4_lite_out_monitor.sv(28) @ 38915: uvm_test_top.env.pa.out_mon [OUTPUT MONITOR] BRESP = 0 RRESP = 0 RDATA = 00000000
UVM_INFO axi4_lite_driver.sv(34) @ 38915: uvm_test_top.env.aa.drv [DRV] awaddr = 2841de6c wdata = 9194a936 wstrb = c araddr = 0000001c
UVM_INFO axi4_lite_scoreboard.sv(68) @ 38915: uvm_test_top.env.scb [RRESP] Matched : exp_rresp=0 actual_rresp =0 write = 0 read = 1
UVM_ERROR axi4_lite_scoreboard.sv(74) @ 38915: uvm_test_top.env.scb [RDATA] Mismatched : exp_rdata= 1798c26e actual_rdata=00000000 
UVM_INFO axi4_lite_subscriber.sv(40) @ 38935: uvm_test_top.env.sb [sb] INPUT COVERAGE = 100.00 %
UVM_INFO axi4_lite_inp_monitor.sv(44) @ 38935: uvm_test_top.env.aa.inp_mon [INPUT MONITOR]  WRITE awaddr=ec93f9b4 wdata=4ec929e6 wstrb=0011 
UVM_INFO axi4_lite_out_monitor.sv(28) @ 38955: uvm_test_top.env.pa.out_mon [OUTPUT MONITOR] BRESP = 3 RRESP = 0 RDATA = 00000000
UVM_INFO axi4_lite_scoreboard.sv(52) @ 38955: uvm_test_top.env.scb [BRESP] Matched : exp_bresp= 3 actual_bresp=3 write = 1 read = 0
UVM_INFO axi4_lite_subscriber.sv(40) @ 38965: uvm_test_top.env.sb [sb] INPUT COVERAGE = 100.00 %
UVM_INFO axi4_lite_inp_monitor.sv(38) @ 38965: uvm_test_top.env.aa.inp_mon [INPUT MONITOR] READ araddr=00000024
UVM_INFO axi4_lite_out_monitor.sv(28) @ 38975: uvm_test_top.env.pa.out_mon [OUTPUT MONITOR] BRESP = 0 RRESP = 0 RDATA = 00000000
UVM_INFO axi4_lite_driver.sv(34) @ 38975: uvm_test_top.env.aa.drv [DRV] awaddr = ec93f9b4 wdata = 4ec929e6 wstrb = 3 araddr = 00000024
UVM_INFO axi4_lite_scoreboard.sv(68) @ 38975: uvm_test_top.env.scb [RRESP] Matched : exp_rresp=0 actual_rresp =0 write = 0 read = 1
UVM_ERROR axi4_lite_scoreboard.sv(74) @ 38975: uvm_test_top.env.scb [RDATA] Mismatched : exp_rdata= 0e8cf549 actual_rdata=00000000 
UVM_INFO axi4_lite_subscriber.sv(40) @ 38995: uvm_test_top.env.sb [sb] INPUT COVERAGE = 100.00 %
UVM_INFO axi4_lite_inp_monitor.sv(44) @ 38995: uvm_test_top.env.aa.inp_mon [INPUT MONITOR]  WRITE awaddr=d6b50b60 wdata=0bad6516 wstrb=0111 
UVM_INFO axi4_lite_out_monitor.sv(28) @ 39015: uvm_test_top.env.pa.out_mon [OUTPUT MONITOR] BRESP = 3 RRESP = 0 RDATA = 00000000
UVM_INFO axi4_lite_scoreboard.sv(52) @ 39015: uvm_test_top.env.scb [BRESP] Matched : exp_bresp= 3 actual_bresp=3 write = 1 read = 0
UVM_INFO axi4_lite_subscriber.sv(40) @ 39025: uvm_test_top.env.sb [sb] INPUT COVERAGE = 100.00 %
UVM_INFO axi4_lite_inp_monitor.sv(38) @ 39025: uvm_test_top.env.aa.inp_mon [INPUT MONITOR] READ araddr=00000000
UVM_INFO axi4_lite_out_monitor.sv(28) @ 39035: uvm_test_top.env.pa.out_mon [OUTPUT MONITOR] BRESP = 0 RRESP = 0 RDATA = 00000000
UVM_INFO axi4_lite_driver.sv(34) @ 39035: uvm_test_top.env.aa.drv [DRV] awaddr = d6b50b60 wdata = 0bad6516 wstrb = 7 araddr = 00000000
UVM_INFO axi4_lite_scoreboard.sv(68) @ 39035: uvm_test_top.env.scb [RRESP] Matched : exp_rresp=0 actual_rresp =0 write = 0 read = 1
UVM_ERROR axi4_lite_scoreboard.sv(74) @ 39035: uvm_test_top.env.scb [RDATA] Mismatched : exp_rdata= 5918dca8 actual_rdata=00000000 
UVM_INFO axi4_lite_subscriber.sv(40) @ 39075: uvm_test_top.env.sb [sb] INPUT COVERAGE = 100.00 %
UVM_INFO axi4_lite_inp_monitor.sv(44) @ 39075: uvm_test_top.env.aa.inp_mon [INPUT MONITOR]  WRITE awaddr=7166d5fc wdata=6eb35aae wstrb=0001 
UVM_INFO axi4_lite_out_monitor.sv(28) @ 39095: uvm_test_top.env.pa.out_mon [OUTPUT MONITOR] BRESP = 3 RRESP = 0 RDATA = 00000000
UVM_INFO axi4_lite_scoreboard.sv(52) @ 39095: uvm_test_top.env.scb [BRESP] Matched : exp_bresp= 3 actual_bresp=3 write = 1 read = 0
UVM_INFO axi4_lite_subscriber.sv(40) @ 39105: uvm_test_top.env.sb [sb] INPUT COVERAGE = 100.00 %
UVM_INFO axi4_lite_inp_monitor.sv(38) @ 39105: uvm_test_top.env.aa.inp_mon [INPUT MONITOR] READ araddr=00000014
UVM_INFO axi4_lite_out_monitor.sv(28) @ 39115: uvm_test_top.env.pa.out_mon [OUTPUT MONITOR] BRESP = 0 RRESP = 0 RDATA = 00000000
UVM_INFO axi4_lite_driver.sv(34) @ 39115: uvm_test_top.env.aa.drv [DRV] awaddr = 7166d5fc wdata = 6eb35aae wstrb = 1 araddr = 00000014
UVM_INFO axi4_lite_scoreboard.sv(68) @ 39115: uvm_test_top.env.scb [RRESP] Matched : exp_rresp=0 actual_rresp =0 write = 0 read = 1
UVM_ERROR axi4_lite_scoreboard.sv(74) @ 39115: uvm_test_top.env.scb [RDATA] Mismatched : exp_rdata= b7c58b74 actual_rdata=00000000 
UVM_INFO axi4_lite_subscriber.sv(40) @ 39165: uvm_test_top.env.sb [sb] INPUT COVERAGE = 100.00 %
UVM_INFO axi4_lite_inp_monitor.sv(44) @ 39165: uvm_test_top.env.aa.inp_mon [INPUT MONITOR]  WRITE awaddr=fd76a840 wdata=9dd1a8e3 wstrb=0010 
UVM_INFO axi4_lite_out_monitor.sv(28) @ 39185: uvm_test_top.env.pa.out_mon [OUTPUT MONITOR] BRESP = 3 RRESP = 0 RDATA = 00000000
UVM_INFO axi4_lite_scoreboard.sv(52) @ 39185: uvm_test_top.env.scb [BRESP] Matched : exp_bresp= 3 actual_bresp=3 write = 1 read = 0
UVM_INFO axi4_lite_subscriber.sv(40) @ 39195: uvm_test_top.env.sb [sb] INPUT COVERAGE = 100.00 %
UVM_INFO axi4_lite_inp_monitor.sv(38) @ 39195: uvm_test_top.env.aa.inp_mon [INPUT MONITOR] READ araddr=00000034
UVM_INFO axi4_lite_out_monitor.sv(28) @ 39205: uvm_test_top.env.pa.out_mon [OUTPUT MONITOR] BRESP = 0 RRESP = 2 RDATA = 00000000
UVM_INFO axi4_lite_driver.sv(34) @ 39205: uvm_test_top.env.aa.drv [DRV] awaddr = fd76a840 wdata = 9dd1a8e3 wstrb = 2 araddr = 00000034
UVM_INFO axi4_lite_scoreboard.sv(68) @ 39205: uvm_test_top.env.scb [RRESP] Matched : exp_rresp=2 actual_rresp =2 write = 0 read = 1
UVM_ERROR axi4_lite_scoreboard.sv(74) @ 39205: uvm_test_top.env.scb [RDATA] Mismatched : exp_rdata= b7c58b74 actual_rdata=00000000 
UVM_INFO axi4_lite_subscriber.sv(40) @ 39245: uvm_test_top.env.sb [sb] INPUT COVERAGE = 100.00 %
UVM_INFO axi4_lite_inp_monitor.sv(44) @ 39245: uvm_test_top.env.aa.inp_mon [INPUT MONITOR]  WRITE awaddr=7937a1d4 wdata=a3eaff79 wstrb=1011 
UVM_INFO axi4_lite_out_monitor.sv(28) @ 39265: uvm_test_top.env.pa.out_mon [OUTPUT MONITOR] BRESP = 3 RRESP = 0 RDATA = 00000000
UVM_INFO axi4_lite_scoreboard.sv(52) @ 39265: uvm_test_top.env.scb [BRESP] Matched : exp_bresp= 3 actual_bresp=3 write = 1 read = 0
UVM_INFO axi4_lite_subscriber.sv(40) @ 39275: uvm_test_top.env.sb [sb] INPUT COVERAGE = 100.00 %
UVM_INFO axi4_lite_inp_monitor.sv(38) @ 39275: uvm_test_top.env.aa.inp_mon [INPUT MONITOR] READ araddr=00000004
UVM_INFO axi4_lite_out_monitor.sv(28) @ 39285: uvm_test_top.env.pa.out_mon [OUTPUT MONITOR] BRESP = 0 RRESP = 0 RDATA = 00000000
UVM_INFO axi4_lite_driver.sv(34) @ 39285: uvm_test_top.env.aa.drv [DRV] awaddr = 7937a1d4 wdata = a3eaff79 wstrb = b araddr = 00000004
UVM_INFO axi4_lite_scoreboard.sv(68) @ 39285: uvm_test_top.env.scb [RRESP] Matched : exp_rresp=0 actual_rresp =0 write = 0 read = 1
UVM_ERROR axi4_lite_scoreboard.sv(74) @ 39285: uvm_test_top.env.scb [RDATA] Mismatched : exp_rdata= 45939a1b actual_rdata=00000000 
UVM_INFO axi4_lite_subscriber.sv(40) @ 39315: uvm_test_top.env.sb [sb] INPUT COVERAGE = 100.00 %
UVM_INFO axi4_lite_inp_monitor.sv(44) @ 39315: uvm_test_top.env.aa.inp_mon [INPUT MONITOR]  WRITE awaddr=2071611c wdata=621e7a0c wstrb=1101 
UVM_INFO axi4_lite_out_monitor.sv(28) @ 39335: uvm_test_top.env.pa.out_mon [OUTPUT MONITOR] BRESP = 3 RRESP = 0 RDATA = 00000000
UVM_INFO axi4_lite_scoreboard.sv(52) @ 39335: uvm_test_top.env.scb [BRESP] Matched : exp_bresp= 3 actual_bresp=3 write = 1 read = 0
UVM_INFO axi4_lite_subscriber.sv(40) @ 39345: uvm_test_top.env.sb [sb] INPUT COVERAGE = 100.00 %
UVM_INFO axi4_lite_inp_monitor.sv(38) @ 39345: uvm_test_top.env.aa.inp_mon [INPUT MONITOR] READ araddr=00000014
UVM_INFO axi4_lite_out_monitor.sv(28) @ 39355: uvm_test_top.env.pa.out_mon [OUTPUT MONITOR] BRESP = 0 RRESP = 0 RDATA = 00000000
UVM_INFO axi4_lite_driver.sv(34) @ 39355: uvm_test_top.env.aa.drv [DRV] awaddr = 2071611c wdata = 621e7a0c wstrb = d araddr = 00000014
UVM_INFO axi4_lite_scoreboard.sv(68) @ 39355: uvm_test_top.env.scb [RRESP] Matched : exp_rresp=0 actual_rresp =0 write = 0 read = 1
UVM_ERROR axi4_lite_scoreboard.sv(74) @ 39355: uvm_test_top.env.scb [RDATA] Mismatched : exp_rdata= b7c58b74 actual_rdata=00000000 
UVM_INFO axi4_lite_subscriber.sv(40) @ 39385: uvm_test_top.env.sb [sb] INPUT COVERAGE = 100.00 %
UVM_INFO axi4_lite_inp_monitor.sv(44) @ 39385: uvm_test_top.env.aa.inp_mon [INPUT MONITOR]  WRITE awaddr=aca20024 wdata=906b8691 wstrb=1001 
UVM_INFO axi4_lite_out_monitor.sv(28) @ 39405: uvm_test_top.env.pa.out_mon [OUTPUT MONITOR] BRESP = 3 RRESP = 0 RDATA = 00000000
UVM_INFO axi4_lite_scoreboard.sv(52) @ 39405: uvm_test_top.env.scb [BRESP] Matched : exp_bresp= 3 actual_bresp=3 write = 1 read = 0
UVM_INFO axi4_lite_subscriber.sv(40) @ 39415: uvm_test_top.env.sb [sb] INPUT COVERAGE = 100.00 %
UVM_INFO axi4_lite_inp_monitor.sv(38) @ 39415: uvm_test_top.env.aa.inp_mon [INPUT MONITOR] READ araddr=0000000c
UVM_INFO axi4_lite_out_monitor.sv(28) @ 39425: uvm_test_top.env.pa.out_mon [OUTPUT MONITOR] BRESP = 0 RRESP = 0 RDATA = 00000000
UVM_INFO axi4_lite_driver.sv(34) @ 39425: uvm_test_top.env.aa.drv [DRV] awaddr = aca20024 wdata = 906b8691 wstrb = 9 araddr = 0000000c
UVM_INFO axi4_lite_scoreboard.sv(68) @ 39425: uvm_test_top.env.scb [RRESP] Matched : exp_rresp=0 actual_rresp =0 write = 0 read = 1
UVM_ERROR axi4_lite_scoreboard.sv(74) @ 39425: uvm_test_top.env.scb [RDATA] Mismatched : exp_rdata= 1f3fb0a2 actual_rdata=00000000 
UVM_INFO axi4_lite_subscriber.sv(40) @ 39465: uvm_test_top.env.sb [sb] INPUT COVERAGE = 100.00 %
UVM_INFO axi4_lite_inp_monitor.sv(44) @ 39465: uvm_test_top.env.aa.inp_mon [INPUT MONITOR]  WRITE awaddr=ce0b9240 wdata=997655bc wstrb=0101 
UVM_INFO axi4_lite_out_monitor.sv(28) @ 39485: uvm_test_top.env.pa.out_mon [OUTPUT MONITOR] BRESP = 3 RRESP = 0 RDATA = 00000000
UVM_INFO axi4_lite_scoreboard.sv(52) @ 39485: uvm_test_top.env.scb [BRESP] Matched : exp_bresp= 3 actual_bresp=3 write = 1 read = 0
UVM_INFO axi4_lite_subscriber.sv(40) @ 39495: uvm_test_top.env.sb [sb] INPUT COVERAGE = 100.00 %
UVM_INFO axi4_lite_inp_monitor.sv(38) @ 39495: uvm_test_top.env.aa.inp_mon [INPUT MONITOR] READ araddr=00000008
UVM_INFO axi4_lite_out_monitor.sv(28) @ 39505: uvm_test_top.env.pa.out_mon [OUTPUT MONITOR] BRESP = 0 RRESP = 0 RDATA = 00000000
UVM_INFO axi4_lite_driver.sv(34) @ 39505: uvm_test_top.env.aa.drv [DRV] awaddr = ce0b9240 wdata = 997655bc wstrb = 5 araddr = 00000008
UVM_INFO axi4_lite_scoreboard.sv(68) @ 39505: uvm_test_top.env.scb [RRESP] Matched : exp_rresp=0 actual_rresp =0 write = 0 read = 1
UVM_ERROR axi4_lite_scoreboard.sv(74) @ 39505: uvm_test_top.env.scb [RDATA] Mismatched : exp_rdata= f0a9e511 actual_rdata=00000000 
UVM_INFO axi4_lite_subscriber.sv(40) @ 39545: uvm_test_top.env.sb [sb] INPUT COVERAGE = 100.00 %
UVM_INFO axi4_lite_inp_monitor.sv(44) @ 39545: uvm_test_top.env.aa.inp_mon [INPUT MONITOR]  WRITE awaddr=7cba58f8 wdata=21620d24 wstrb=1010 
UVM_INFO axi4_lite_out_monitor.sv(28) @ 39565: uvm_test_top.env.pa.out_mon [OUTPUT MONITOR] BRESP = 3 RRESP = 0 RDATA = 00000000
UVM_INFO axi4_lite_scoreboard.sv(52) @ 39565: uvm_test_top.env.scb [BRESP] Matched : exp_bresp= 3 actual_bresp=3 write = 1 read = 0
UVM_INFO axi4_lite_subscriber.sv(40) @ 39575: uvm_test_top.env.sb [sb] INPUT COVERAGE = 100.00 %
UVM_INFO axi4_lite_inp_monitor.sv(38) @ 39575: uvm_test_top.env.aa.inp_mon [INPUT MONITOR] READ araddr=00000000
UVM_INFO axi4_lite_out_monitor.sv(28) @ 39585: uvm_test_top.env.pa.out_mon [OUTPUT MONITOR] BRESP = 0 RRESP = 0 RDATA = 00000000
UVM_INFO axi4_lite_driver.sv(34) @ 39585: uvm_test_top.env.aa.drv [DRV] awaddr = 7cba58f8 wdata = 21620d24 wstrb = a araddr = 00000000
UVM_INFO axi4_lite_scoreboard.sv(68) @ 39585: uvm_test_top.env.scb [RRESP] Matched : exp_rresp=0 actual_rresp =0 write = 0 read = 1
UVM_ERROR axi4_lite_scoreboard.sv(74) @ 39585: uvm_test_top.env.scb [RDATA] Mismatched : exp_rdata= 5918dca8 actual_rdata=00000000 
UVM_INFO axi4_lite_subscriber.sv(40) @ 39615: uvm_test_top.env.sb [sb] INPUT COVERAGE = 100.00 %
UVM_INFO axi4_lite_inp_monitor.sv(44) @ 39615: uvm_test_top.env.aa.inp_mon [INPUT MONITOR]  WRITE awaddr=17f7a1b8 wdata=56809f6f wstrb=1010 
UVM_INFO axi4_lite_out_monitor.sv(28) @ 39635: uvm_test_top.env.pa.out_mon [OUTPUT MONITOR] BRESP = 3 RRESP = 0 RDATA = 00000000
UVM_INFO axi4_lite_scoreboard.sv(52) @ 39635: uvm_test_top.env.scb [BRESP] Matched : exp_bresp= 3 actual_bresp=3 write = 1 read = 0
UVM_INFO axi4_lite_subscriber.sv(40) @ 39645: uvm_test_top.env.sb [sb] INPUT COVERAGE = 100.00 %
UVM_INFO axi4_lite_inp_monitor.sv(38) @ 39645: uvm_test_top.env.aa.inp_mon [INPUT MONITOR] READ araddr=00000000
UVM_INFO axi4_lite_out_monitor.sv(28) @ 39655: uvm_test_top.env.pa.out_mon [OUTPUT MONITOR] BRESP = 0 RRESP = 0 RDATA = 00000000
UVM_INFO axi4_lite_driver.sv(34) @ 39655: uvm_test_top.env.aa.drv [DRV] awaddr = 17f7a1b8 wdata = 56809f6f wstrb = a araddr = 00000000
UVM_INFO axi4_lite_scoreboard.sv(68) @ 39655: uvm_test_top.env.scb [RRESP] Matched : exp_rresp=0 actual_rresp =0 write = 0 read = 1
UVM_ERROR axi4_lite_scoreboard.sv(74) @ 39655: uvm_test_top.env.scb [RDATA] Mismatched : exp_rdata= 5918dca8 actual_rdata=00000000 
UVM_INFO axi4_lite_subscriber.sv(40) @ 39695: uvm_test_top.env.sb [sb] INPUT COVERAGE = 100.00 %
UVM_INFO axi4_lite_inp_monitor.sv(44) @ 39695: uvm_test_top.env.aa.inp_mon [INPUT MONITOR]  WRITE awaddr=809a2644 wdata=451bde1e wstrb=1101 
UVM_INFO axi4_lite_out_monitor.sv(28) @ 39715: uvm_test_top.env.pa.out_mon [OUTPUT MONITOR] BRESP = 3 RRESP = 0 RDATA = 00000000
UVM_INFO axi4_lite_scoreboard.sv(52) @ 39715: uvm_test_top.env.scb [BRESP] Matched : exp_bresp= 3 actual_bresp=3 write = 1 read = 0
UVM_INFO axi4_lite_subscriber.sv(40) @ 39725: uvm_test_top.env.sb [sb] INPUT COVERAGE = 100.00 %
UVM_INFO axi4_lite_inp_monitor.sv(38) @ 39725: uvm_test_top.env.aa.inp_mon [INPUT MONITOR] READ araddr=00000030
UVM_INFO axi4_lite_out_monitor.sv(28) @ 39735: uvm_test_top.env.pa.out_mon [OUTPUT MONITOR] BRESP = 0 RRESP = 0 RDATA = 00000000
UVM_INFO axi4_lite_driver.sv(34) @ 39735: uvm_test_top.env.aa.drv [DRV] awaddr = 809a2644 wdata = 451bde1e wstrb = d araddr = 00000030
UVM_INFO axi4_lite_scoreboard.sv(68) @ 39735: uvm_test_top.env.scb [RRESP] Matched : exp_rresp=0 actual_rresp =0 write = 0 read = 1
UVM_INFO axi4_lite_scoreboard.sv(72) @ 39735: uvm_test_top.env.scb [RDATA] Matched : exp_rdata=00000000 actual_rdata =00000000
UVM_INFO axi4_lite_subscriber.sv(40) @ 39765: uvm_test_top.env.sb [sb] INPUT COVERAGE = 100.00 %
UVM_INFO axi4_lite_inp_monitor.sv(44) @ 39765: uvm_test_top.env.aa.inp_mon [INPUT MONITOR]  WRITE awaddr=98481684 wdata=992c3050 wstrb=0010 
UVM_INFO axi4_lite_out_monitor.sv(28) @ 39785: uvm_test_top.env.pa.out_mon [OUTPUT MONITOR] BRESP = 3 RRESP = 0 RDATA = 00000000
UVM_INFO axi4_lite_scoreboard.sv(52) @ 39785: uvm_test_top.env.scb [BRESP] Matched : exp_bresp= 3 actual_bresp=3 write = 1 read = 0
UVM_INFO axi4_lite_subscriber.sv(40) @ 39795: uvm_test_top.env.sb [sb] INPUT COVERAGE = 100.00 %
UVM_INFO axi4_lite_inp_monitor.sv(38) @ 39795: uvm_test_top.env.aa.inp_mon [INPUT MONITOR] READ araddr=00000014
UVM_INFO axi4_lite_out_monitor.sv(28) @ 39805: uvm_test_top.env.pa.out_mon [OUTPUT MONITOR] BRESP = 0 RRESP = 0 RDATA = 00000000
UVM_INFO axi4_lite_driver.sv(34) @ 39805: uvm_test_top.env.aa.drv [DRV] awaddr = 98481684 wdata = 992c3050 wstrb = 2 araddr = 00000014
UVM_INFO axi4_lite_scoreboard.sv(68) @ 39805: uvm_test_top.env.scb [RRESP] Matched : exp_rresp=0 actual_rresp =0 write = 0 read = 1
UVM_ERROR axi4_lite_scoreboard.sv(74) @ 39805: uvm_test_top.env.scb [RDATA] Mismatched : exp_rdata= b7c58b74 actual_rdata=00000000 
UVM_INFO axi4_lite_subscriber.sv(40) @ 39835: uvm_test_top.env.sb [sb] INPUT COVERAGE = 100.00 %
UVM_INFO axi4_lite_inp_monitor.sv(44) @ 39835: uvm_test_top.env.aa.inp_mon [INPUT MONITOR]  WRITE awaddr=02110ec4 wdata=d79c072c wstrb=1101 
UVM_INFO axi4_lite_out_monitor.sv(28) @ 39855: uvm_test_top.env.pa.out_mon [OUTPUT MONITOR] BRESP = 3 RRESP = 0 RDATA = 00000000
UVM_INFO axi4_lite_scoreboard.sv(52) @ 39855: uvm_test_top.env.scb [BRESP] Matched : exp_bresp= 3 actual_bresp=3 write = 1 read = 0
UVM_INFO axi4_lite_subscriber.sv(40) @ 39865: uvm_test_top.env.sb [sb] INPUT COVERAGE = 100.00 %
UVM_INFO axi4_lite_inp_monitor.sv(38) @ 39865: uvm_test_top.env.aa.inp_mon [INPUT MONITOR] READ araddr=00000004
UVM_INFO axi4_lite_out_monitor.sv(28) @ 39875: uvm_test_top.env.pa.out_mon [OUTPUT MONITOR] BRESP = 0 RRESP = 0 RDATA = 00000000
UVM_INFO axi4_lite_driver.sv(34) @ 39875: uvm_test_top.env.aa.drv [DRV] awaddr = 02110ec4 wdata = d79c072c wstrb = d araddr = 00000004
UVM_INFO axi4_lite_scoreboard.sv(68) @ 39875: uvm_test_top.env.scb [RRESP] Matched : exp_rresp=0 actual_rresp =0 write = 0 read = 1
UVM_ERROR axi4_lite_scoreboard.sv(74) @ 39875: uvm_test_top.env.scb [RDATA] Mismatched : exp_rdata= 45939a1b actual_rdata=00000000 
UVM_INFO axi4_lite_subscriber.sv(40) @ 39895: uvm_test_top.env.sb [sb] INPUT COVERAGE = 100.00 %
UVM_INFO axi4_lite_inp_monitor.sv(44) @ 39895: uvm_test_top.env.aa.inp_mon [INPUT MONITOR]  WRITE awaddr=2cf08b84 wdata=9f20d86a wstrb=1100 
UVM_INFO axi4_lite_out_monitor.sv(28) @ 39915: uvm_test_top.env.pa.out_mon [OUTPUT MONITOR] BRESP = 3 RRESP = 0 RDATA = 00000000
UVM_INFO axi4_lite_scoreboard.sv(52) @ 39915: uvm_test_top.env.scb [BRESP] Matched : exp_bresp= 3 actual_bresp=3 write = 1 read = 0
UVM_INFO axi4_lite_subscriber.sv(40) @ 39925: uvm_test_top.env.sb [sb] INPUT COVERAGE = 100.00 %
UVM_INFO axi4_lite_inp_monitor.sv(38) @ 39925: uvm_test_top.env.aa.inp_mon [INPUT MONITOR] READ araddr=00000038
UVM_INFO axi4_lite_out_monitor.sv(28) @ 39935: uvm_test_top.env.pa.out_mon [OUTPUT MONITOR] BRESP = 0 RRESP = 2 RDATA = 00000000
UVM_INFO axi4_lite_driver.sv(34) @ 39935: uvm_test_top.env.aa.drv [DRV] awaddr = 2cf08b84 wdata = 9f20d86a wstrb = c araddr = 00000038
UVM_INFO axi4_lite_scoreboard.sv(68) @ 39935: uvm_test_top.env.scb [RRESP] Matched : exp_rresp=2 actual_rresp =2 write = 0 read = 1
UVM_ERROR axi4_lite_scoreboard.sv(74) @ 39935: uvm_test_top.env.scb [RDATA] Mismatched : exp_rdata= 45939a1b actual_rdata=00000000 
UVM_INFO axi4_lite_subscriber.sv(40) @ 39975: uvm_test_top.env.sb [sb] INPUT COVERAGE = 100.00 %
UVM_INFO axi4_lite_inp_monitor.sv(44) @ 39975: uvm_test_top.env.aa.inp_mon [INPUT MONITOR]  WRITE awaddr=feab1ffc wdata=0bb5d239 wstrb=0101 
UVM_INFO axi4_lite_out_monitor.sv(28) @ 39995: uvm_test_top.env.pa.out_mon [OUTPUT MONITOR] BRESP = 3 RRESP = 0 RDATA = 00000000
UVM_INFO axi4_lite_scoreboard.sv(52) @ 39995: uvm_test_top.env.scb [BRESP] Matched : exp_bresp= 3 actual_bresp=3 write = 1 read = 0
UVM_INFO axi4_lite_subscriber.sv(40) @ 40005: uvm_test_top.env.sb [sb] INPUT COVERAGE = 100.00 %
UVM_INFO axi4_lite_inp_monitor.sv(38) @ 40005: uvm_test_top.env.aa.inp_mon [INPUT MONITOR] READ araddr=0000001c
UVM_INFO axi4_lite_out_monitor.sv(28) @ 40015: uvm_test_top.env.pa.out_mon [OUTPUT MONITOR] BRESP = 0 RRESP = 0 RDATA = 00000000
UVM_INFO axi4_lite_driver.sv(34) @ 40015: uvm_test_top.env.aa.drv [DRV] awaddr = feab1ffc wdata = 0bb5d239 wstrb = 5 araddr = 0000001c
UVM_INFO axi4_lite_scoreboard.sv(68) @ 40015: uvm_test_top.env.scb [RRESP] Matched : exp_rresp=0 actual_rresp =0 write = 0 read = 1
UVM_ERROR axi4_lite_scoreboard.sv(74) @ 40015: uvm_test_top.env.scb [RDATA] Mismatched : exp_rdata= 1798c26e actual_rdata=00000000 
UVM_INFO axi4_lite_subscriber.sv(40) @ 40055: uvm_test_top.env.sb [sb] INPUT COVERAGE = 100.00 %
UVM_INFO axi4_lite_inp_monitor.sv(44) @ 40055: uvm_test_top.env.aa.inp_mon [INPUT MONITOR]  WRITE awaddr=95dcbc8c wdata=a5463b5f wstrb=1110 
UVM_INFO axi4_lite_out_monitor.sv(28) @ 40075: uvm_test_top.env.pa.out_mon [OUTPUT MONITOR] BRESP = 3 RRESP = 0 RDATA = 00000000
UVM_INFO axi4_lite_scoreboard.sv(52) @ 40075: uvm_test_top.env.scb [BRESP] Matched : exp_bresp= 3 actual_bresp=3 write = 1 read = 0
UVM_INFO axi4_lite_subscriber.sv(40) @ 40085: uvm_test_top.env.sb [sb] INPUT COVERAGE = 100.00 %
UVM_INFO axi4_lite_inp_monitor.sv(38) @ 40085: uvm_test_top.env.aa.inp_mon [INPUT MONITOR] READ araddr=0000000c
UVM_INFO axi4_lite_out_monitor.sv(28) @ 40095: uvm_test_top.env.pa.out_mon [OUTPUT MONITOR] BRESP = 0 RRESP = 0 RDATA = 00000000
UVM_INFO axi4_lite_driver.sv(34) @ 40095: uvm_test_top.env.aa.drv [DRV] awaddr = 95dcbc8c wdata = a5463b5f wstrb = e araddr = 0000000c
UVM_INFO axi4_lite_scoreboard.sv(68) @ 40095: uvm_test_top.env.scb [RRESP] Matched : exp_rresp=0 actual_rresp =0 write = 0 read = 1
UVM_ERROR axi4_lite_scoreboard.sv(74) @ 40095: uvm_test_top.env.scb [RDATA] Mismatched : exp_rdata= 1f3fb0a2 actual_rdata=00000000 
UVM_INFO axi4_lite_subscriber.sv(40) @ 40145: uvm_test_top.env.sb [sb] INPUT COVERAGE = 100.00 %
UVM_INFO axi4_lite_inp_monitor.sv(44) @ 40145: uvm_test_top.env.aa.inp_mon [INPUT MONITOR]  WRITE awaddr=7452635c wdata=559821a8 wstrb=0011 
UVM_INFO axi4_lite_out_monitor.sv(28) @ 40165: uvm_test_top.env.pa.out_mon [OUTPUT MONITOR] BRESP = 3 RRESP = 0 RDATA = 00000000
UVM_INFO axi4_lite_scoreboard.sv(52) @ 40165: uvm_test_top.env.scb [BRESP] Matched : exp_bresp= 3 actual_bresp=3 write = 1 read = 0
UVM_INFO axi4_lite_subscriber.sv(40) @ 40175: uvm_test_top.env.sb [sb] INPUT COVERAGE = 100.00 %
UVM_INFO axi4_lite_inp_monitor.sv(38) @ 40175: uvm_test_top.env.aa.inp_mon [INPUT MONITOR] READ araddr=00000028
UVM_INFO axi4_lite_out_monitor.sv(28) @ 40185: uvm_test_top.env.pa.out_mon [OUTPUT MONITOR] BRESP = 0 RRESP = 0 RDATA = 00000000
UVM_INFO axi4_lite_driver.sv(34) @ 40185: uvm_test_top.env.aa.drv [DRV] awaddr = 7452635c wdata = 559821a8 wstrb = 3 araddr = 00000028
UVM_INFO axi4_lite_scoreboard.sv(68) @ 40185: uvm_test_top.env.scb [RRESP] Matched : exp_rresp=0 actual_rresp =0 write = 0 read = 1
UVM_INFO axi4_lite_scoreboard.sv(72) @ 40185: uvm_test_top.env.scb [RDATA] Matched : exp_rdata=00000000 actual_rdata =00000000
UVM_INFO axi4_lite_subscriber.sv(40) @ 40235: uvm_test_top.env.sb [sb] INPUT COVERAGE = 100.00 %
UVM_INFO axi4_lite_inp_monitor.sv(44) @ 40235: uvm_test_top.env.aa.inp_mon [INPUT MONITOR]  WRITE awaddr=a91fac94 wdata=0a0672f0 wstrb=0001 
UVM_INFO axi4_lite_out_monitor.sv(28) @ 40255: uvm_test_top.env.pa.out_mon [OUTPUT MONITOR] BRESP = 3 RRESP = 0 RDATA = 00000000
UVM_INFO axi4_lite_scoreboard.sv(52) @ 40255: uvm_test_top.env.scb [BRESP] Matched : exp_bresp= 3 actual_bresp=3 write = 1 read = 0
UVM_INFO axi4_lite_subscriber.sv(40) @ 40265: uvm_test_top.env.sb [sb] INPUT COVERAGE = 100.00 %
UVM_INFO axi4_lite_inp_monitor.sv(38) @ 40265: uvm_test_top.env.aa.inp_mon [INPUT MONITOR] READ araddr=00000034
UVM_INFO axi4_lite_out_monitor.sv(28) @ 40275: uvm_test_top.env.pa.out_mon [OUTPUT MONITOR] BRESP = 0 RRESP = 2 RDATA = 00000000
UVM_INFO axi4_lite_driver.sv(34) @ 40275: uvm_test_top.env.aa.drv [DRV] awaddr = a91fac94 wdata = 0a0672f0 wstrb = 1 araddr = 00000034
UVM_INFO axi4_lite_scoreboard.sv(68) @ 40275: uvm_test_top.env.scb [RRESP] Matched : exp_rresp=2 actual_rresp =2 write = 0 read = 1
UVM_INFO axi4_lite_scoreboard.sv(72) @ 40275: uvm_test_top.env.scb [RDATA] Matched : exp_rdata=00000000 actual_rdata =00000000
UVM_INFO axi4_lite_subscriber.sv(40) @ 40325: uvm_test_top.env.sb [sb] INPUT COVERAGE = 100.00 %
UVM_INFO axi4_lite_inp_monitor.sv(44) @ 40325: uvm_test_top.env.aa.inp_mon [INPUT MONITOR]  WRITE awaddr=c728d174 wdata=e8d88801 wstrb=1111 
UVM_INFO axi4_lite_out_monitor.sv(28) @ 40345: uvm_test_top.env.pa.out_mon [OUTPUT MONITOR] BRESP = 3 RRESP = 0 RDATA = 00000000
UVM_INFO axi4_lite_scoreboard.sv(52) @ 40345: uvm_test_top.env.scb [BRESP] Matched : exp_bresp= 3 actual_bresp=3 write = 1 read = 0
UVM_INFO axi4_lite_subscriber.sv(40) @ 40355: uvm_test_top.env.sb [sb] INPUT COVERAGE = 100.00 %
UVM_INFO axi4_lite_inp_monitor.sv(38) @ 40355: uvm_test_top.env.aa.inp_mon [INPUT MONITOR] READ araddr=00000018
UVM_INFO axi4_lite_out_monitor.sv(28) @ 40365: uvm_test_top.env.pa.out_mon [OUTPUT MONITOR] BRESP = 0 RRESP = 0 RDATA = 00000000
UVM_INFO axi4_lite_driver.sv(34) @ 40365: uvm_test_top.env.aa.drv [DRV] awaddr = c728d174 wdata = e8d88801 wstrb = f araddr = 00000018
UVM_INFO axi4_lite_scoreboard.sv(68) @ 40365: uvm_test_top.env.scb [RRESP] Matched : exp_rresp=0 actual_rresp =0 write = 0 read = 1
UVM_ERROR axi4_lite_scoreboard.sv(74) @ 40365: uvm_test_top.env.scb [RDATA] Mismatched : exp_rdata= 652f51e9 actual_rdata=00000000 
UVM_INFO axi4_lite_subscriber.sv(40) @ 40405: uvm_test_top.env.sb [sb] INPUT COVERAGE = 100.00 %
UVM_INFO axi4_lite_inp_monitor.sv(44) @ 40405: uvm_test_top.env.aa.inp_mon [INPUT MONITOR]  WRITE awaddr=23b8f9f8 wdata=a5a8828b wstrb=1101 
UVM_INFO axi4_lite_out_monitor.sv(28) @ 40425: uvm_test_top.env.pa.out_mon [OUTPUT MONITOR] BRESP = 3 RRESP = 0 RDATA = 00000000
UVM_INFO axi4_lite_scoreboard.sv(52) @ 40425: uvm_test_top.env.scb [BRESP] Matched : exp_bresp= 3 actual_bresp=3 write = 1 read = 0
UVM_INFO axi4_lite_subscriber.sv(40) @ 40435: uvm_test_top.env.sb [sb] INPUT COVERAGE = 100.00 %
UVM_INFO axi4_lite_inp_monitor.sv(38) @ 40435: uvm_test_top.env.aa.inp_mon [INPUT MONITOR] READ araddr=00000028
UVM_INFO axi4_lite_out_monitor.sv(28) @ 40445: uvm_test_top.env.pa.out_mon [OUTPUT MONITOR] BRESP = 0 RRESP = 0 RDATA = 00000000
UVM_INFO axi4_lite_driver.sv(34) @ 40445: uvm_test_top.env.aa.drv [DRV] awaddr = 23b8f9f8 wdata = a5a8828b wstrb = d araddr = 00000028
UVM_INFO axi4_lite_scoreboard.sv(68) @ 40445: uvm_test_top.env.scb [RRESP] Matched : exp_rresp=0 actual_rresp =0 write = 0 read = 1
UVM_INFO axi4_lite_scoreboard.sv(72) @ 40445: uvm_test_top.env.scb [RDATA] Matched : exp_rdata=00000000 actual_rdata =00000000
UVM_INFO axi4_lite_subscriber.sv(40) @ 40475: uvm_test_top.env.sb [sb] INPUT COVERAGE = 100.00 %
UVM_INFO axi4_lite_inp_monitor.sv(44) @ 40475: uvm_test_top.env.aa.inp_mon [INPUT MONITOR]  WRITE awaddr=53a1b470 wdata=294b676c wstrb=1001 
UVM_INFO axi4_lite_out_monitor.sv(28) @ 40495: uvm_test_top.env.pa.out_mon [OUTPUT MONITOR] BRESP = 3 RRESP = 0 RDATA = 00000000
UVM_INFO axi4_lite_scoreboard.sv(52) @ 40495: uvm_test_top.env.scb [BRESP] Matched : exp_bresp= 3 actual_bresp=3 write = 1 read = 0
UVM_INFO axi4_lite_subscriber.sv(40) @ 40505: uvm_test_top.env.sb [sb] INPUT COVERAGE = 100.00 %
UVM_INFO axi4_lite_inp_monitor.sv(38) @ 40505: uvm_test_top.env.aa.inp_mon [INPUT MONITOR] READ araddr=00000024
UVM_INFO axi4_lite_out_monitor.sv(28) @ 40515: uvm_test_top.env.pa.out_mon [OUTPUT MONITOR] BRESP = 0 RRESP = 0 RDATA = 00000000
UVM_INFO axi4_lite_driver.sv(34) @ 40515: uvm_test_top.env.aa.drv [DRV] awaddr = 53a1b470 wdata = 294b676c wstrb = 9 araddr = 00000024
UVM_INFO axi4_lite_scoreboard.sv(68) @ 40515: uvm_test_top.env.scb [RRESP] Matched : exp_rresp=0 actual_rresp =0 write = 0 read = 1
UVM_ERROR axi4_lite_scoreboard.sv(74) @ 40515: uvm_test_top.env.scb [RDATA] Mismatched : exp_rdata= 0e8cf549 actual_rdata=00000000 
UVM_INFO axi4_lite_subscriber.sv(40) @ 40545: uvm_test_top.env.sb [sb] INPUT COVERAGE = 100.00 %
UVM_INFO axi4_lite_inp_monitor.sv(44) @ 40545: uvm_test_top.env.aa.inp_mon [INPUT MONITOR]  WRITE awaddr=3ca83cf8 wdata=3ddc1723 wstrb=1100 
UVM_INFO axi4_lite_out_monitor.sv(28) @ 40565: uvm_test_top.env.pa.out_mon [OUTPUT MONITOR] BRESP = 3 RRESP = 0 RDATA = 00000000
UVM_INFO axi4_lite_scoreboard.sv(52) @ 40565: uvm_test_top.env.scb [BRESP] Matched : exp_bresp= 3 actual_bresp=3 write = 1 read = 0
UVM_INFO axi4_lite_subscriber.sv(40) @ 40575: uvm_test_top.env.sb [sb] INPUT COVERAGE = 100.00 %
UVM_INFO axi4_lite_inp_monitor.sv(38) @ 40575: uvm_test_top.env.aa.inp_mon [INPUT MONITOR] READ araddr=00000034
UVM_INFO axi4_lite_out_monitor.sv(28) @ 40585: uvm_test_top.env.pa.out_mon [OUTPUT MONITOR] BRESP = 0 RRESP = 2 RDATA = 00000000
UVM_INFO axi4_lite_driver.sv(34) @ 40585: uvm_test_top.env.aa.drv [DRV] awaddr = 3ca83cf8 wdata = 3ddc1723 wstrb = c araddr = 00000034
UVM_INFO axi4_lite_scoreboard.sv(68) @ 40585: uvm_test_top.env.scb [RRESP] Matched : exp_rresp=2 actual_rresp =2 write = 0 read = 1
UVM_ERROR axi4_lite_scoreboard.sv(74) @ 40585: uvm_test_top.env.scb [RDATA] Mismatched : exp_rdata= 0e8cf549 actual_rdata=00000000 
UVM_INFO axi4_lite_subscriber.sv(40) @ 40635: uvm_test_top.env.sb [sb] INPUT COVERAGE = 100.00 %
UVM_INFO axi4_lite_inp_monitor.sv(44) @ 40635: uvm_test_top.env.aa.inp_mon [INPUT MONITOR]  WRITE awaddr=45782190 wdata=9a2c5c91 wstrb=0000 
UVM_INFO axi4_lite_out_monitor.sv(28) @ 40655: uvm_test_top.env.pa.out_mon [OUTPUT MONITOR] BRESP = 3 RRESP = 0 RDATA = 00000000
UVM_INFO axi4_lite_scoreboard.sv(52) @ 40655: uvm_test_top.env.scb [BRESP] Matched : exp_bresp= 3 actual_bresp=3 write = 1 read = 0
UVM_INFO axi4_lite_subscriber.sv(40) @ 40665: uvm_test_top.env.sb [sb] INPUT COVERAGE = 100.00 %
UVM_INFO axi4_lite_inp_monitor.sv(38) @ 40665: uvm_test_top.env.aa.inp_mon [INPUT MONITOR] READ araddr=00000000
UVM_INFO axi4_lite_out_monitor.sv(28) @ 40675: uvm_test_top.env.pa.out_mon [OUTPUT MONITOR] BRESP = 0 RRESP = 0 RDATA = 00000000
UVM_INFO axi4_lite_driver.sv(34) @ 40675: uvm_test_top.env.aa.drv [DRV] awaddr = 45782190 wdata = 9a2c5c91 wstrb = 0 araddr = 00000000
UVM_INFO axi4_lite_scoreboard.sv(68) @ 40675: uvm_test_top.env.scb [RRESP] Matched : exp_rresp=0 actual_rresp =0 write = 0 read = 1
UVM_ERROR axi4_lite_scoreboard.sv(74) @ 40675: uvm_test_top.env.scb [RDATA] Mismatched : exp_rdata= 5918dca8 actual_rdata=00000000 
UVM_INFO axi4_lite_subscriber.sv(40) @ 40715: uvm_test_top.env.sb [sb] INPUT COVERAGE = 100.00 %
UVM_INFO axi4_lite_inp_monitor.sv(44) @ 40715: uvm_test_top.env.aa.inp_mon [INPUT MONITOR]  WRITE awaddr=cbee2814 wdata=6ec446e9 wstrb=1011 
UVM_INFO axi4_lite_out_monitor.sv(28) @ 40735: uvm_test_top.env.pa.out_mon [OUTPUT MONITOR] BRESP = 3 RRESP = 0 RDATA = 00000000
UVM_INFO axi4_lite_scoreboard.sv(52) @ 40735: uvm_test_top.env.scb [BRESP] Matched : exp_bresp= 3 actual_bresp=3 write = 1 read = 0
UVM_INFO axi4_lite_subscriber.sv(40) @ 40745: uvm_test_top.env.sb [sb] INPUT COVERAGE = 100.00 %
UVM_INFO axi4_lite_inp_monitor.sv(38) @ 40745: uvm_test_top.env.aa.inp_mon [INPUT MONITOR] READ araddr=00000014
UVM_INFO axi4_lite_out_monitor.sv(28) @ 40755: uvm_test_top.env.pa.out_mon [OUTPUT MONITOR] BRESP = 0 RRESP = 0 RDATA = 00000000
UVM_INFO axi4_lite_driver.sv(34) @ 40755: uvm_test_top.env.aa.drv [DRV] awaddr = cbee2814 wdata = 6ec446e9 wstrb = b araddr = 00000014
UVM_INFO axi4_lite_scoreboard.sv(68) @ 40755: uvm_test_top.env.scb [RRESP] Matched : exp_rresp=0 actual_rresp =0 write = 0 read = 1
UVM_ERROR axi4_lite_scoreboard.sv(74) @ 40755: uvm_test_top.env.scb [RDATA] Mismatched : exp_rdata= b7c58b74 actual_rdata=00000000 
UVM_INFO axi4_lite_subscriber.sv(40) @ 40795: uvm_test_top.env.sb [sb] INPUT COVERAGE = 100.00 %
UVM_INFO axi4_lite_inp_monitor.sv(44) @ 40795: uvm_test_top.env.aa.inp_mon [INPUT MONITOR]  WRITE awaddr=6ed913a8 wdata=99606bfb wstrb=1111 
UVM_INFO axi4_lite_out_monitor.sv(28) @ 40815: uvm_test_top.env.pa.out_mon [OUTPUT MONITOR] BRESP = 3 RRESP = 0 RDATA = 00000000
UVM_INFO axi4_lite_scoreboard.sv(52) @ 40815: uvm_test_top.env.scb [BRESP] Matched : exp_bresp= 3 actual_bresp=3 write = 1 read = 0
UVM_INFO axi4_lite_subscriber.sv(40) @ 40825: uvm_test_top.env.sb [sb] INPUT COVERAGE = 100.00 %
UVM_INFO axi4_lite_inp_monitor.sv(38) @ 40825: uvm_test_top.env.aa.inp_mon [INPUT MONITOR] READ araddr=00000000
UVM_INFO axi4_lite_out_monitor.sv(28) @ 40835: uvm_test_top.env.pa.out_mon [OUTPUT MONITOR] BRESP = 0 RRESP = 0 RDATA = 00000000
UVM_INFO axi4_lite_driver.sv(34) @ 40835: uvm_test_top.env.aa.drv [DRV] awaddr = 6ed913a8 wdata = 99606bfb wstrb = f araddr = 00000000
UVM_INFO axi4_lite_scoreboard.sv(68) @ 40835: uvm_test_top.env.scb [RRESP] Matched : exp_rresp=0 actual_rresp =0 write = 0 read = 1
UVM_ERROR axi4_lite_scoreboard.sv(74) @ 40835: uvm_test_top.env.scb [RDATA] Mismatched : exp_rdata= 5918dca8 actual_rdata=00000000 
UVM_INFO axi4_lite_subscriber.sv(40) @ 40855: uvm_test_top.env.sb [sb] INPUT COVERAGE = 100.00 %
UVM_INFO axi4_lite_inp_monitor.sv(44) @ 40855: uvm_test_top.env.aa.inp_mon [INPUT MONITOR]  WRITE awaddr=11926ce8 wdata=e950c907 wstrb=0110 
UVM_INFO axi4_lite_out_monitor.sv(28) @ 40875: uvm_test_top.env.pa.out_mon [OUTPUT MONITOR] BRESP = 3 RRESP = 0 RDATA = 00000000
UVM_INFO axi4_lite_scoreboard.sv(52) @ 40875: uvm_test_top.env.scb [BRESP] Matched : exp_bresp= 3 actual_bresp=3 write = 1 read = 0
UVM_INFO axi4_lite_subscriber.sv(40) @ 40885: uvm_test_top.env.sb [sb] INPUT COVERAGE = 100.00 %
UVM_INFO axi4_lite_inp_monitor.sv(38) @ 40885: uvm_test_top.env.aa.inp_mon [INPUT MONITOR] READ araddr=00000038
UVM_INFO axi4_lite_out_monitor.sv(28) @ 40895: uvm_test_top.env.pa.out_mon [OUTPUT MONITOR] BRESP = 0 RRESP = 2 RDATA = 00000000
UVM_INFO axi4_lite_driver.sv(34) @ 40895: uvm_test_top.env.aa.drv [DRV] awaddr = 11926ce8 wdata = e950c907 wstrb = 6 araddr = 00000038
UVM_INFO axi4_lite_scoreboard.sv(68) @ 40895: uvm_test_top.env.scb [RRESP] Matched : exp_rresp=2 actual_rresp =2 write = 0 read = 1
UVM_ERROR axi4_lite_scoreboard.sv(74) @ 40895: uvm_test_top.env.scb [RDATA] Mismatched : exp_rdata= 5918dca8 actual_rdata=00000000 
UVM_INFO axi4_lite_subscriber.sv(40) @ 40935: uvm_test_top.env.sb [sb] INPUT COVERAGE = 100.00 %
UVM_INFO axi4_lite_inp_monitor.sv(44) @ 40935: uvm_test_top.env.aa.inp_mon [INPUT MONITOR]  WRITE awaddr=bbb001d0 wdata=c345eeed wstrb=0110 
UVM_INFO axi4_lite_out_monitor.sv(28) @ 40955: uvm_test_top.env.pa.out_mon [OUTPUT MONITOR] BRESP = 3 RRESP = 0 RDATA = 00000000
UVM_INFO axi4_lite_scoreboard.sv(52) @ 40955: uvm_test_top.env.scb [BRESP] Matched : exp_bresp= 3 actual_bresp=3 write = 1 read = 0
UVM_INFO axi4_lite_subscriber.sv(40) @ 40965: uvm_test_top.env.sb [sb] INPUT COVERAGE = 100.00 %
UVM_INFO axi4_lite_inp_monitor.sv(38) @ 40965: uvm_test_top.env.aa.inp_mon [INPUT MONITOR] READ araddr=00000010
UVM_INFO axi4_lite_out_monitor.sv(28) @ 40975: uvm_test_top.env.pa.out_mon [OUTPUT MONITOR] BRESP = 0 RRESP = 0 RDATA = 00000000
UVM_INFO axi4_lite_driver.sv(34) @ 40975: uvm_test_top.env.aa.drv [DRV] awaddr = bbb001d0 wdata = c345eeed wstrb = 6 araddr = 00000010
UVM_INFO axi4_lite_scoreboard.sv(68) @ 40975: uvm_test_top.env.scb [RRESP] Matched : exp_rresp=0 actual_rresp =0 write = 0 read = 1
UVM_ERROR axi4_lite_scoreboard.sv(74) @ 40975: uvm_test_top.env.scb [RDATA] Mismatched : exp_rdata= f3e50000 actual_rdata=00000000 
UVM_INFO axi4_lite_subscriber.sv(40) @ 41025: uvm_test_top.env.sb [sb] INPUT COVERAGE = 100.00 %
UVM_INFO axi4_lite_inp_monitor.sv(44) @ 41025: uvm_test_top.env.aa.inp_mon [INPUT MONITOR]  WRITE awaddr=437ce3f4 wdata=b1ce2953 wstrb=1010 
UVM_INFO axi4_lite_out_monitor.sv(28) @ 41045: uvm_test_top.env.pa.out_mon [OUTPUT MONITOR] BRESP = 3 RRESP = 0 RDATA = 00000000
UVM_INFO axi4_lite_scoreboard.sv(52) @ 41045: uvm_test_top.env.scb [BRESP] Matched : exp_bresp= 3 actual_bresp=3 write = 1 read = 0
UVM_INFO axi4_lite_subscriber.sv(40) @ 41055: uvm_test_top.env.sb [sb] INPUT COVERAGE = 100.00 %
UVM_INFO axi4_lite_inp_monitor.sv(38) @ 41055: uvm_test_top.env.aa.inp_mon [INPUT MONITOR] READ araddr=00000030
UVM_INFO axi4_lite_out_monitor.sv(28) @ 41065: uvm_test_top.env.pa.out_mon [OUTPUT MONITOR] BRESP = 0 RRESP = 0 RDATA = 00000000
UVM_INFO axi4_lite_driver.sv(34) @ 41065: uvm_test_top.env.aa.drv [DRV] awaddr = 437ce3f4 wdata = b1ce2953 wstrb = a araddr = 00000030
UVM_INFO axi4_lite_scoreboard.sv(68) @ 41065: uvm_test_top.env.scb [RRESP] Matched : exp_rresp=0 actual_rresp =0 write = 0 read = 1
UVM_INFO axi4_lite_scoreboard.sv(72) @ 41065: uvm_test_top.env.scb [RDATA] Matched : exp_rdata=00000000 actual_rdata =00000000
UVM_INFO axi4_lite_subscriber.sv(40) @ 41085: uvm_test_top.env.sb [sb] INPUT COVERAGE = 100.00 %
UVM_INFO axi4_lite_inp_monitor.sv(44) @ 41085: uvm_test_top.env.aa.inp_mon [INPUT MONITOR]  WRITE awaddr=f33168a4 wdata=570c7343 wstrb=0100 
UVM_INFO axi4_lite_out_monitor.sv(28) @ 41105: uvm_test_top.env.pa.out_mon [OUTPUT MONITOR] BRESP = 3 RRESP = 0 RDATA = 00000000
UVM_INFO axi4_lite_scoreboard.sv(52) @ 41105: uvm_test_top.env.scb [BRESP] Matched : exp_bresp= 3 actual_bresp=3 write = 1 read = 0
UVM_INFO axi4_lite_subscriber.sv(40) @ 41115: uvm_test_top.env.sb [sb] INPUT COVERAGE = 100.00 %
UVM_INFO axi4_lite_inp_monitor.sv(38) @ 41115: uvm_test_top.env.aa.inp_mon [INPUT MONITOR] READ araddr=00000010
UVM_INFO axi4_lite_out_monitor.sv(28) @ 41125: uvm_test_top.env.pa.out_mon [OUTPUT MONITOR] BRESP = 0 RRESP = 0 RDATA = 00000000
UVM_INFO axi4_lite_driver.sv(34) @ 41125: uvm_test_top.env.aa.drv [DRV] awaddr = f33168a4 wdata = 570c7343 wstrb = 4 araddr = 00000010
UVM_INFO axi4_lite_scoreboard.sv(68) @ 41125: uvm_test_top.env.scb [RRESP] Matched : exp_rresp=0 actual_rresp =0 write = 0 read = 1
UVM_ERROR axi4_lite_scoreboard.sv(74) @ 41125: uvm_test_top.env.scb [RDATA] Mismatched : exp_rdata= f3e50000 actual_rdata=00000000 
UVM_INFO axi4_lite_subscriber.sv(40) @ 41165: uvm_test_top.env.sb [sb] INPUT COVERAGE = 100.00 %
UVM_INFO axi4_lite_inp_monitor.sv(44) @ 41165: uvm_test_top.env.aa.inp_mon [INPUT MONITOR]  WRITE awaddr=cea3a568 wdata=96fbe3d5 wstrb=0100 
UVM_INFO axi4_lite_out_monitor.sv(28) @ 41185: uvm_test_top.env.pa.out_mon [OUTPUT MONITOR] BRESP = 3 RRESP = 0 RDATA = 00000000
UVM_INFO axi4_lite_scoreboard.sv(52) @ 41185: uvm_test_top.env.scb [BRESP] Matched : exp_bresp= 3 actual_bresp=3 write = 1 read = 0
UVM_INFO axi4_lite_subscriber.sv(40) @ 41195: uvm_test_top.env.sb [sb] INPUT COVERAGE = 100.00 %
UVM_INFO axi4_lite_inp_monitor.sv(38) @ 41195: uvm_test_top.env.aa.inp_mon [INPUT MONITOR] READ araddr=00000014
UVM_INFO axi4_lite_out_monitor.sv(28) @ 41205: uvm_test_top.env.pa.out_mon [OUTPUT MONITOR] BRESP = 0 RRESP = 0 RDATA = 00000000
UVM_INFO axi4_lite_driver.sv(34) @ 41205: uvm_test_top.env.aa.drv [DRV] awaddr = cea3a568 wdata = 96fbe3d5 wstrb = 4 araddr = 00000014
UVM_INFO axi4_lite_scoreboard.sv(68) @ 41205: uvm_test_top.env.scb [RRESP] Matched : exp_rresp=0 actual_rresp =0 write = 0 read = 1
UVM_ERROR axi4_lite_scoreboard.sv(74) @ 41205: uvm_test_top.env.scb [RDATA] Mismatched : exp_rdata= b7c58b74 actual_rdata=00000000 
UVM_INFO axi4_lite_subscriber.sv(40) @ 41255: uvm_test_top.env.sb [sb] INPUT COVERAGE = 100.00 %
UVM_INFO axi4_lite_inp_monitor.sv(44) @ 41255: uvm_test_top.env.aa.inp_mon [INPUT MONITOR]  WRITE awaddr=a8295aa0 wdata=1df7e151 wstrb=1101 
UVM_INFO axi4_lite_out_monitor.sv(28) @ 41275: uvm_test_top.env.pa.out_mon [OUTPUT MONITOR] BRESP = 3 RRESP = 0 RDATA = 00000000
UVM_INFO axi4_lite_scoreboard.sv(52) @ 41275: uvm_test_top.env.scb [BRESP] Matched : exp_bresp= 3 actual_bresp=3 write = 1 read = 0
UVM_INFO axi4_lite_subscriber.sv(40) @ 41285: uvm_test_top.env.sb [sb] INPUT COVERAGE = 100.00 %
UVM_INFO axi4_lite_inp_monitor.sv(38) @ 41285: uvm_test_top.env.aa.inp_mon [INPUT MONITOR] READ araddr=00000008
UVM_INFO axi4_lite_out_monitor.sv(28) @ 41295: uvm_test_top.env.pa.out_mon [OUTPUT MONITOR] BRESP = 0 RRESP = 0 RDATA = 00000000
UVM_INFO axi4_lite_driver.sv(34) @ 41295: uvm_test_top.env.aa.drv [DRV] awaddr = a8295aa0 wdata = 1df7e151 wstrb = d araddr = 00000008
UVM_INFO axi4_lite_scoreboard.sv(68) @ 41295: uvm_test_top.env.scb [RRESP] Matched : exp_rresp=0 actual_rresp =0 write = 0 read = 1
UVM_ERROR axi4_lite_scoreboard.sv(74) @ 41295: uvm_test_top.env.scb [RDATA] Mismatched : exp_rdata= f0a9e511 actual_rdata=00000000 
UVM_INFO axi4_lite_subscriber.sv(40) @ 41335: uvm_test_top.env.sb [sb] INPUT COVERAGE = 100.00 %
UVM_INFO axi4_lite_inp_monitor.sv(44) @ 41335: uvm_test_top.env.aa.inp_mon [INPUT MONITOR]  WRITE awaddr=4bf22c94 wdata=b0559b02 wstrb=0001 
UVM_INFO axi4_lite_out_monitor.sv(28) @ 41355: uvm_test_top.env.pa.out_mon [OUTPUT MONITOR] BRESP = 3 RRESP = 0 RDATA = 00000000
UVM_INFO axi4_lite_scoreboard.sv(52) @ 41355: uvm_test_top.env.scb [BRESP] Matched : exp_bresp= 3 actual_bresp=3 write = 1 read = 0
UVM_INFO axi4_lite_subscriber.sv(40) @ 41365: uvm_test_top.env.sb [sb] INPUT COVERAGE = 100.00 %
UVM_INFO axi4_lite_inp_monitor.sv(38) @ 41365: uvm_test_top.env.aa.inp_mon [INPUT MONITOR] READ araddr=00000018
UVM_INFO axi4_lite_out_monitor.sv(28) @ 41375: uvm_test_top.env.pa.out_mon [OUTPUT MONITOR] BRESP = 0 RRESP = 0 RDATA = 00000000
UVM_INFO axi4_lite_driver.sv(34) @ 41375: uvm_test_top.env.aa.drv [DRV] awaddr = 4bf22c94 wdata = b0559b02 wstrb = 1 araddr = 00000018
UVM_INFO axi4_lite_scoreboard.sv(68) @ 41375: uvm_test_top.env.scb [RRESP] Matched : exp_rresp=0 actual_rresp =0 write = 0 read = 1
UVM_ERROR axi4_lite_scoreboard.sv(74) @ 41375: uvm_test_top.env.scb [RDATA] Mismatched : exp_rdata= 652f51e9 actual_rdata=00000000 
UVM_INFO axi4_lite_subscriber.sv(40) @ 41425: uvm_test_top.env.sb [sb] INPUT COVERAGE = 100.00 %
UVM_INFO axi4_lite_inp_monitor.sv(44) @ 41425: uvm_test_top.env.aa.inp_mon [INPUT MONITOR]  WRITE awaddr=2c75cc60 wdata=3e4654f9 wstrb=0110 
UVM_INFO axi4_lite_out_monitor.sv(28) @ 41445: uvm_test_top.env.pa.out_mon [OUTPUT MONITOR] BRESP = 3 RRESP = 0 RDATA = 00000000
UVM_INFO axi4_lite_scoreboard.sv(52) @ 41445: uvm_test_top.env.scb [BRESP] Matched : exp_bresp= 3 actual_bresp=3 write = 1 read = 0
UVM_INFO axi4_lite_subscriber.sv(40) @ 41455: uvm_test_top.env.sb [sb] INPUT COVERAGE = 100.00 %
UVM_INFO axi4_lite_inp_monitor.sv(38) @ 41455: uvm_test_top.env.aa.inp_mon [INPUT MONITOR] READ araddr=00000024
UVM_INFO axi4_lite_out_monitor.sv(28) @ 41465: uvm_test_top.env.pa.out_mon [OUTPUT MONITOR] BRESP = 0 RRESP = 0 RDATA = 00000000
UVM_INFO axi4_lite_driver.sv(34) @ 41465: uvm_test_top.env.aa.drv [DRV] awaddr = 2c75cc60 wdata = 3e4654f9 wstrb = 6 araddr = 00000024
UVM_INFO axi4_lite_scoreboard.sv(68) @ 41465: uvm_test_top.env.scb [RRESP] Matched : exp_rresp=0 actual_rresp =0 write = 0 read = 1
UVM_ERROR axi4_lite_scoreboard.sv(74) @ 41465: uvm_test_top.env.scb [RDATA] Mismatched : exp_rdata= 0e8cf549 actual_rdata=00000000 
UVM_INFO axi4_lite_subscriber.sv(40) @ 41495: uvm_test_top.env.sb [sb] INPUT COVERAGE = 100.00 %
UVM_INFO axi4_lite_inp_monitor.sv(44) @ 41495: uvm_test_top.env.aa.inp_mon [INPUT MONITOR]  WRITE awaddr=3aa9eae4 wdata=27328784 wstrb=1000 
UVM_INFO axi4_lite_out_monitor.sv(28) @ 41515: uvm_test_top.env.pa.out_mon [OUTPUT MONITOR] BRESP = 3 RRESP = 0 RDATA = 00000000
UVM_INFO axi4_lite_scoreboard.sv(52) @ 41515: uvm_test_top.env.scb [BRESP] Matched : exp_bresp= 3 actual_bresp=3 write = 1 read = 0
UVM_INFO axi4_lite_subscriber.sv(40) @ 41525: uvm_test_top.env.sb [sb] INPUT COVERAGE = 100.00 %
UVM_INFO axi4_lite_inp_monitor.sv(38) @ 41525: uvm_test_top.env.aa.inp_mon [INPUT MONITOR] READ araddr=00000030
UVM_INFO axi4_lite_out_monitor.sv(28) @ 41535: uvm_test_top.env.pa.out_mon [OUTPUT MONITOR] BRESP = 0 RRESP = 0 RDATA = 00000000
UVM_INFO axi4_lite_driver.sv(34) @ 41535: uvm_test_top.env.aa.drv [DRV] awaddr = 3aa9eae4 wdata = 27328784 wstrb = 8 araddr = 00000030
UVM_INFO axi4_lite_scoreboard.sv(68) @ 41535: uvm_test_top.env.scb [RRESP] Matched : exp_rresp=0 actual_rresp =0 write = 0 read = 1
UVM_INFO axi4_lite_scoreboard.sv(72) @ 41535: uvm_test_top.env.scb [RDATA] Matched : exp_rdata=00000000 actual_rdata =00000000
UVM_INFO axi4_lite_subscriber.sv(40) @ 41565: uvm_test_top.env.sb [sb] INPUT COVERAGE = 100.00 %
UVM_INFO axi4_lite_inp_monitor.sv(44) @ 41565: uvm_test_top.env.aa.inp_mon [INPUT MONITOR]  WRITE awaddr=aa602b94 wdata=10dd156b wstrb=0110 
UVM_INFO axi4_lite_out_monitor.sv(28) @ 41585: uvm_test_top.env.pa.out_mon [OUTPUT MONITOR] BRESP = 3 RRESP = 0 RDATA = 00000000
UVM_INFO axi4_lite_scoreboard.sv(52) @ 41585: uvm_test_top.env.scb [BRESP] Matched : exp_bresp= 3 actual_bresp=3 write = 1 read = 0
UVM_INFO axi4_lite_subscriber.sv(40) @ 41595: uvm_test_top.env.sb [sb] INPUT COVERAGE = 100.00 %
UVM_INFO axi4_lite_inp_monitor.sv(38) @ 41595: uvm_test_top.env.aa.inp_mon [INPUT MONITOR] READ araddr=00000020
UVM_INFO axi4_lite_out_monitor.sv(28) @ 41605: uvm_test_top.env.pa.out_mon [OUTPUT MONITOR] BRESP = 0 RRESP = 0 RDATA = 00000000
UVM_INFO axi4_lite_driver.sv(34) @ 41605: uvm_test_top.env.aa.drv [DRV] awaddr = aa602b94 wdata = 10dd156b wstrb = 6 araddr = 00000020
UVM_INFO axi4_lite_scoreboard.sv(68) @ 41605: uvm_test_top.env.scb [RRESP] Matched : exp_rresp=0 actual_rresp =0 write = 0 read = 1
UVM_ERROR axi4_lite_scoreboard.sv(74) @ 41605: uvm_test_top.env.scb [RDATA] Mismatched : exp_rdata= 0d701b25 actual_rdata=00000000 
UVM_INFO axi4_lite_subscriber.sv(40) @ 41655: uvm_test_top.env.sb [sb] INPUT COVERAGE = 100.00 %
UVM_INFO axi4_lite_inp_monitor.sv(44) @ 41655: uvm_test_top.env.aa.inp_mon [INPUT MONITOR]  WRITE awaddr=a86ab220 wdata=23919964 wstrb=0110 
UVM_INFO axi4_lite_out_monitor.sv(28) @ 41675: uvm_test_top.env.pa.out_mon [OUTPUT MONITOR] BRESP = 3 RRESP = 0 RDATA = 00000000
UVM_INFO axi4_lite_scoreboard.sv(52) @ 41675: uvm_test_top.env.scb [BRESP] Matched : exp_bresp= 3 actual_bresp=3 write = 1 read = 0
UVM_INFO axi4_lite_subscriber.sv(40) @ 41685: uvm_test_top.env.sb [sb] INPUT COVERAGE = 100.00 %
UVM_INFO axi4_lite_inp_monitor.sv(38) @ 41685: uvm_test_top.env.aa.inp_mon [INPUT MONITOR] READ araddr=00000000
UVM_INFO axi4_lite_out_monitor.sv(28) @ 41695: uvm_test_top.env.pa.out_mon [OUTPUT MONITOR] BRESP = 0 RRESP = 0 RDATA = 00000000
UVM_INFO axi4_lite_driver.sv(34) @ 41695: uvm_test_top.env.aa.drv [DRV] awaddr = a86ab220 wdata = 23919964 wstrb = 6 araddr = 00000000
UVM_INFO axi4_lite_scoreboard.sv(68) @ 41695: uvm_test_top.env.scb [RRESP] Matched : exp_rresp=0 actual_rresp =0 write = 0 read = 1
UVM_ERROR axi4_lite_scoreboard.sv(74) @ 41695: uvm_test_top.env.scb [RDATA] Mismatched : exp_rdata= 5918dca8 actual_rdata=00000000 
UVM_INFO axi4_lite_subscriber.sv(40) @ 41735: uvm_test_top.env.sb [sb] INPUT COVERAGE = 100.00 %
UVM_INFO axi4_lite_inp_monitor.sv(44) @ 41735: uvm_test_top.env.aa.inp_mon [INPUT MONITOR]  WRITE awaddr=0622103c wdata=7123543d wstrb=1001 
UVM_INFO axi4_lite_out_monitor.sv(28) @ 41755: uvm_test_top.env.pa.out_mon [OUTPUT MONITOR] BRESP = 3 RRESP = 0 RDATA = 00000000
UVM_INFO axi4_lite_scoreboard.sv(52) @ 41755: uvm_test_top.env.scb [BRESP] Matched : exp_bresp= 3 actual_bresp=3 write = 1 read = 0
UVM_INFO axi4_lite_subscriber.sv(40) @ 41765: uvm_test_top.env.sb [sb] INPUT COVERAGE = 100.00 %
UVM_INFO axi4_lite_inp_monitor.sv(38) @ 41765: uvm_test_top.env.aa.inp_mon [INPUT MONITOR] READ araddr=00000030
UVM_INFO axi4_lite_out_monitor.sv(28) @ 41775: uvm_test_top.env.pa.out_mon [OUTPUT MONITOR] BRESP = 0 RRESP = 0 RDATA = 00000000
UVM_INFO axi4_lite_driver.sv(34) @ 41775: uvm_test_top.env.aa.drv [DRV] awaddr = 0622103c wdata = 7123543d wstrb = 9 araddr = 00000030
UVM_INFO axi4_lite_scoreboard.sv(68) @ 41775: uvm_test_top.env.scb [RRESP] Matched : exp_rresp=0 actual_rresp =0 write = 0 read = 1
UVM_INFO axi4_lite_scoreboard.sv(72) @ 41775: uvm_test_top.env.scb [RDATA] Matched : exp_rdata=00000000 actual_rdata =00000000
UVM_INFO axi4_lite_subscriber.sv(40) @ 41805: uvm_test_top.env.sb [sb] INPUT COVERAGE = 100.00 %
UVM_INFO axi4_lite_inp_monitor.sv(44) @ 41805: uvm_test_top.env.aa.inp_mon [INPUT MONITOR]  WRITE awaddr=b25a40e0 wdata=14c2739d wstrb=0011 
UVM_INFO axi4_lite_out_monitor.sv(28) @ 41825: uvm_test_top.env.pa.out_mon [OUTPUT MONITOR] BRESP = 3 RRESP = 0 RDATA = 00000000
UVM_INFO axi4_lite_scoreboard.sv(52) @ 41825: uvm_test_top.env.scb [BRESP] Matched : exp_bresp= 3 actual_bresp=3 write = 1 read = 0
UVM_INFO axi4_lite_subscriber.sv(40) @ 41835: uvm_test_top.env.sb [sb] INPUT COVERAGE = 100.00 %
UVM_INFO axi4_lite_inp_monitor.sv(38) @ 41835: uvm_test_top.env.aa.inp_mon [INPUT MONITOR] READ araddr=00000020
UVM_INFO axi4_lite_out_monitor.sv(28) @ 41845: uvm_test_top.env.pa.out_mon [OUTPUT MONITOR] BRESP = 0 RRESP = 0 RDATA = 00000000
UVM_INFO axi4_lite_driver.sv(34) @ 41845: uvm_test_top.env.aa.drv [DRV] awaddr = b25a40e0 wdata = 14c2739d wstrb = 3 araddr = 00000020
UVM_INFO axi4_lite_scoreboard.sv(68) @ 41845: uvm_test_top.env.scb [RRESP] Matched : exp_rresp=0 actual_rresp =0 write = 0 read = 1
UVM_ERROR axi4_lite_scoreboard.sv(74) @ 41845: uvm_test_top.env.scb [RDATA] Mismatched : exp_rdata= 0d701b25 actual_rdata=00000000 
UVM_INFO axi4_lite_subscriber.sv(40) @ 41865: uvm_test_top.env.sb [sb] INPUT COVERAGE = 100.00 %
UVM_INFO axi4_lite_inp_monitor.sv(44) @ 41865: uvm_test_top.env.aa.inp_mon [INPUT MONITOR]  WRITE awaddr=216de78c wdata=d1d1493e wstrb=0111 
UVM_INFO axi4_lite_out_monitor.sv(28) @ 41885: uvm_test_top.env.pa.out_mon [OUTPUT MONITOR] BRESP = 3 RRESP = 0 RDATA = 00000000
UVM_INFO axi4_lite_scoreboard.sv(52) @ 41885: uvm_test_top.env.scb [BRESP] Matched : exp_bresp= 3 actual_bresp=3 write = 1 read = 0
UVM_INFO axi4_lite_subscriber.sv(40) @ 41895: uvm_test_top.env.sb [sb] INPUT COVERAGE = 100.00 %
UVM_INFO axi4_lite_inp_monitor.sv(38) @ 41895: uvm_test_top.env.aa.inp_mon [INPUT MONITOR] READ araddr=00000020
UVM_INFO axi4_lite_out_monitor.sv(28) @ 41905: uvm_test_top.env.pa.out_mon [OUTPUT MONITOR] BRESP = 0 RRESP = 0 RDATA = 00000000
UVM_INFO axi4_lite_driver.sv(34) @ 41905: uvm_test_top.env.aa.drv [DRV] awaddr = 216de78c wdata = d1d1493e wstrb = 7 araddr = 00000020
UVM_INFO axi4_lite_scoreboard.sv(68) @ 41905: uvm_test_top.env.scb [RRESP] Matched : exp_rresp=0 actual_rresp =0 write = 0 read = 1
UVM_ERROR axi4_lite_scoreboard.sv(74) @ 41905: uvm_test_top.env.scb [RDATA] Mismatched : exp_rdata= 0d701b25 actual_rdata=00000000 
UVM_INFO axi4_lite_subscriber.sv(40) @ 41945: uvm_test_top.env.sb [sb] INPUT COVERAGE = 100.00 %
UVM_INFO axi4_lite_inp_monitor.sv(44) @ 41945: uvm_test_top.env.aa.inp_mon [INPUT MONITOR]  WRITE awaddr=e6523598 wdata=c0c359a4 wstrb=1001 
UVM_INFO axi4_lite_out_monitor.sv(28) @ 41965: uvm_test_top.env.pa.out_mon [OUTPUT MONITOR] BRESP = 3 RRESP = 0 RDATA = 00000000
UVM_INFO axi4_lite_scoreboard.sv(52) @ 41965: uvm_test_top.env.scb [BRESP] Matched : exp_bresp= 3 actual_bresp=3 write = 1 read = 0
UVM_INFO axi4_lite_subscriber.sv(40) @ 41975: uvm_test_top.env.sb [sb] INPUT COVERAGE = 100.00 %
UVM_INFO axi4_lite_inp_monitor.sv(38) @ 41975: uvm_test_top.env.aa.inp_mon [INPUT MONITOR] READ araddr=0000000c
UVM_INFO axi4_lite_out_monitor.sv(28) @ 41985: uvm_test_top.env.pa.out_mon [OUTPUT MONITOR] BRESP = 0 RRESP = 0 RDATA = 00000000
UVM_INFO axi4_lite_driver.sv(34) @ 41985: uvm_test_top.env.aa.drv [DRV] awaddr = e6523598 wdata = c0c359a4 wstrb = 9 araddr = 0000000c
UVM_INFO axi4_lite_scoreboard.sv(68) @ 41985: uvm_test_top.env.scb [RRESP] Matched : exp_rresp=0 actual_rresp =0 write = 0 read = 1
UVM_ERROR axi4_lite_scoreboard.sv(74) @ 41985: uvm_test_top.env.scb [RDATA] Mismatched : exp_rdata= 1f3fb0a2 actual_rdata=00000000 
UVM_INFO axi4_lite_subscriber.sv(40) @ 42015: uvm_test_top.env.sb [sb] INPUT COVERAGE = 100.00 %
UVM_INFO axi4_lite_inp_monitor.sv(44) @ 42015: uvm_test_top.env.aa.inp_mon [INPUT MONITOR]  WRITE awaddr=eb5f1f88 wdata=7e8c635b wstrb=0000 
UVM_INFO axi4_lite_out_monitor.sv(28) @ 42035: uvm_test_top.env.pa.out_mon [OUTPUT MONITOR] BRESP = 3 RRESP = 0 RDATA = 00000000
UVM_INFO axi4_lite_scoreboard.sv(52) @ 42035: uvm_test_top.env.scb [BRESP] Matched : exp_bresp= 3 actual_bresp=3 write = 1 read = 0
UVM_INFO axi4_lite_subscriber.sv(40) @ 42045: uvm_test_top.env.sb [sb] INPUT COVERAGE = 100.00 %
UVM_INFO axi4_lite_inp_monitor.sv(38) @ 42045: uvm_test_top.env.aa.inp_mon [INPUT MONITOR] READ araddr=0000001c
UVM_INFO axi4_lite_out_monitor.sv(28) @ 42055: uvm_test_top.env.pa.out_mon [OUTPUT MONITOR] BRESP = 0 RRESP = 0 RDATA = 00000000
UVM_INFO axi4_lite_driver.sv(34) @ 42055: uvm_test_top.env.aa.drv [DRV] awaddr = eb5f1f88 wdata = 7e8c635b wstrb = 0 araddr = 0000001c
UVM_INFO axi4_lite_scoreboard.sv(68) @ 42055: uvm_test_top.env.scb [RRESP] Matched : exp_rresp=0 actual_rresp =0 write = 0 read = 1
UVM_ERROR axi4_lite_scoreboard.sv(74) @ 42055: uvm_test_top.env.scb [RDATA] Mismatched : exp_rdata= 1798c26e actual_rdata=00000000 
UVM_INFO axi4_lite_subscriber.sv(40) @ 42085: uvm_test_top.env.sb [sb] INPUT COVERAGE = 100.00 %
UVM_INFO axi4_lite_inp_monitor.sv(44) @ 42085: uvm_test_top.env.aa.inp_mon [INPUT MONITOR]  WRITE awaddr=d487e05c wdata=1e34957b wstrb=0000 
UVM_INFO axi4_lite_out_monitor.sv(28) @ 42105: uvm_test_top.env.pa.out_mon [OUTPUT MONITOR] BRESP = 3 RRESP = 0 RDATA = 00000000
UVM_INFO axi4_lite_scoreboard.sv(52) @ 42105: uvm_test_top.env.scb [BRESP] Matched : exp_bresp= 3 actual_bresp=3 write = 1 read = 0
UVM_INFO axi4_lite_subscriber.sv(40) @ 42115: uvm_test_top.env.sb [sb] INPUT COVERAGE = 100.00 %
UVM_INFO axi4_lite_inp_monitor.sv(38) @ 42115: uvm_test_top.env.aa.inp_mon [INPUT MONITOR] READ araddr=00000000
UVM_INFO axi4_lite_out_monitor.sv(28) @ 42125: uvm_test_top.env.pa.out_mon [OUTPUT MONITOR] BRESP = 0 RRESP = 0 RDATA = 00000000
UVM_INFO axi4_lite_driver.sv(34) @ 42125: uvm_test_top.env.aa.drv [DRV] awaddr = d487e05c wdata = 1e34957b wstrb = 0 araddr = 00000000
UVM_INFO axi4_lite_scoreboard.sv(68) @ 42125: uvm_test_top.env.scb [RRESP] Matched : exp_rresp=0 actual_rresp =0 write = 0 read = 1
UVM_ERROR axi4_lite_scoreboard.sv(74) @ 42125: uvm_test_top.env.scb [RDATA] Mismatched : exp_rdata= 5918dca8 actual_rdata=00000000 
UVM_INFO axi4_lite_subscriber.sv(40) @ 42165: uvm_test_top.env.sb [sb] INPUT COVERAGE = 100.00 %
UVM_INFO axi4_lite_inp_monitor.sv(44) @ 42165: uvm_test_top.env.aa.inp_mon [INPUT MONITOR]  WRITE awaddr=ae0756a0 wdata=37f0a0a7 wstrb=1110 
UVM_INFO axi4_lite_out_monitor.sv(28) @ 42185: uvm_test_top.env.pa.out_mon [OUTPUT MONITOR] BRESP = 3 RRESP = 0 RDATA = 00000000
UVM_INFO axi4_lite_scoreboard.sv(52) @ 42185: uvm_test_top.env.scb [BRESP] Matched : exp_bresp= 3 actual_bresp=3 write = 1 read = 0
UVM_INFO axi4_lite_subscriber.sv(40) @ 42195: uvm_test_top.env.sb [sb] INPUT COVERAGE = 100.00 %
UVM_INFO axi4_lite_inp_monitor.sv(38) @ 42195: uvm_test_top.env.aa.inp_mon [INPUT MONITOR] READ araddr=00000010
UVM_INFO axi4_lite_out_monitor.sv(28) @ 42205: uvm_test_top.env.pa.out_mon [OUTPUT MONITOR] BRESP = 0 RRESP = 0 RDATA = 00000000
UVM_INFO axi4_lite_driver.sv(34) @ 42205: uvm_test_top.env.aa.drv [DRV] awaddr = ae0756a0 wdata = 37f0a0a7 wstrb = e araddr = 00000010
UVM_INFO axi4_lite_scoreboard.sv(68) @ 42205: uvm_test_top.env.scb [RRESP] Matched : exp_rresp=0 actual_rresp =0 write = 0 read = 1
UVM_ERROR axi4_lite_scoreboard.sv(74) @ 42205: uvm_test_top.env.scb [RDATA] Mismatched : exp_rdata= f3e50000 actual_rdata=00000000 
UVM_INFO axi4_lite_subscriber.sv(40) @ 42225: uvm_test_top.env.sb [sb] INPUT COVERAGE = 100.00 %
UVM_INFO axi4_lite_inp_monitor.sv(44) @ 42225: uvm_test_top.env.aa.inp_mon [INPUT MONITOR]  WRITE awaddr=6977f5ac wdata=13e3356c wstrb=0110 
UVM_INFO axi4_lite_out_monitor.sv(28) @ 42245: uvm_test_top.env.pa.out_mon [OUTPUT MONITOR] BRESP = 3 RRESP = 0 RDATA = 00000000
UVM_INFO axi4_lite_scoreboard.sv(52) @ 42245: uvm_test_top.env.scb [BRESP] Matched : exp_bresp= 3 actual_bresp=3 write = 1 read = 0
UVM_INFO axi4_lite_subscriber.sv(40) @ 42255: uvm_test_top.env.sb [sb] INPUT COVERAGE = 100.00 %
UVM_INFO axi4_lite_inp_monitor.sv(38) @ 42255: uvm_test_top.env.aa.inp_mon [INPUT MONITOR] READ araddr=00000038
UVM_INFO axi4_lite_out_monitor.sv(28) @ 42265: uvm_test_top.env.pa.out_mon [OUTPUT MONITOR] BRESP = 0 RRESP = 2 RDATA = 00000000
UVM_INFO axi4_lite_driver.sv(34) @ 42265: uvm_test_top.env.aa.drv [DRV] awaddr = 6977f5ac wdata = 13e3356c wstrb = 6 araddr = 00000038
UVM_INFO axi4_lite_scoreboard.sv(68) @ 42265: uvm_test_top.env.scb [RRESP] Matched : exp_rresp=2 actual_rresp =2 write = 0 read = 1
UVM_ERROR axi4_lite_scoreboard.sv(74) @ 42265: uvm_test_top.env.scb [RDATA] Mismatched : exp_rdata= f3e50000 actual_rdata=00000000 
UVM_INFO axi4_lite_subscriber.sv(40) @ 42295: uvm_test_top.env.sb [sb] INPUT COVERAGE = 100.00 %
UVM_INFO axi4_lite_inp_monitor.sv(44) @ 42295: uvm_test_top.env.aa.inp_mon [INPUT MONITOR]  WRITE awaddr=c5251568 wdata=1b089a46 wstrb=0010 
UVM_INFO axi4_lite_out_monitor.sv(28) @ 42315: uvm_test_top.env.pa.out_mon [OUTPUT MONITOR] BRESP = 3 RRESP = 0 RDATA = 00000000
UVM_INFO axi4_lite_scoreboard.sv(52) @ 42315: uvm_test_top.env.scb [BRESP] Matched : exp_bresp= 3 actual_bresp=3 write = 1 read = 0
UVM_INFO axi4_lite_subscriber.sv(40) @ 42325: uvm_test_top.env.sb [sb] INPUT COVERAGE = 100.00 %
UVM_INFO axi4_lite_inp_monitor.sv(38) @ 42325: uvm_test_top.env.aa.inp_mon [INPUT MONITOR] READ araddr=00000024
UVM_INFO axi4_lite_out_monitor.sv(28) @ 42335: uvm_test_top.env.pa.out_mon [OUTPUT MONITOR] BRESP = 0 RRESP = 0 RDATA = 00000000
UVM_INFO axi4_lite_driver.sv(34) @ 42335: uvm_test_top.env.aa.drv [DRV] awaddr = c5251568 wdata = 1b089a46 wstrb = 2 araddr = 00000024
UVM_INFO axi4_lite_scoreboard.sv(68) @ 42335: uvm_test_top.env.scb [RRESP] Matched : exp_rresp=0 actual_rresp =0 write = 0 read = 1
UVM_ERROR axi4_lite_scoreboard.sv(74) @ 42335: uvm_test_top.env.scb [RDATA] Mismatched : exp_rdata= 0e8cf549 actual_rdata=00000000 
Simultaneous read write completed
UVM_INFO axi4_lite_subscriber.sv(40) @ 42355: uvm_test_top.env.sb [sb] INPUT COVERAGE = 100.00 %
UVM_INFO axi4_lite_inp_monitor.sv(44) @ 42355: uvm_test_top.env.aa.inp_mon [INPUT MONITOR]  WRITE awaddr=0000002c wdata=a1ba794c wstrb=0001 
UVM_INFO axi4_lite_out_monitor.sv(28) @ 42375: uvm_test_top.env.pa.out_mon [OUTPUT MONITOR] BRESP = 2 RRESP = 0 RDATA = 00000000
UVM_INFO axi4_lite_driver.sv(34) @ 42375: uvm_test_top.env.aa.drv [DRV] awaddr = 0000002c wdata = a1ba794c wstrb = 1 araddr = e223b62c
UVM_INFO axi4_lite_scoreboard.sv(52) @ 42375: uvm_test_top.env.scb [BRESP] Matched : exp_bresp= 2 actual_bresp=2 write = 1 read = 0
UVM_INFO axi4_lite_subscriber.sv(40) @ 42425: uvm_test_top.env.sb [sb] INPUT COVERAGE = 100.00 %
UVM_INFO axi4_lite_inp_monitor.sv(44) @ 42425: uvm_test_top.env.aa.inp_mon [INPUT MONITOR]  WRITE awaddr=00000028 wdata=827ed594 wstrb=0111 
UVM_INFO axi4_lite_out_monitor.sv(28) @ 42445: uvm_test_top.env.pa.out_mon [OUTPUT MONITOR] BRESP = 2 RRESP = 0 RDATA = 00000000
UVM_INFO axi4_lite_driver.sv(34) @ 42445: uvm_test_top.env.aa.drv [DRV] awaddr = 00000028 wdata = 827ed594 wstrb = 7 araddr = 5dbb2c50
UVM_INFO axi4_lite_scoreboard.sv(52) @ 42445: uvm_test_top.env.scb [BRESP] Matched : exp_bresp= 2 actual_bresp=2 write = 1 read = 0
UVM_INFO axi4_lite_subscriber.sv(40) @ 42495: uvm_test_top.env.sb [sb] INPUT COVERAGE = 100.00 %
UVM_INFO axi4_lite_inp_monitor.sv(44) @ 42495: uvm_test_top.env.aa.inp_mon [INPUT MONITOR]  WRITE awaddr=00000018 wdata=4df0fdeb wstrb=1001 
UVM_INFO axi4_lite_out_monitor.sv(28) @ 42515: uvm_test_top.env.pa.out_mon [OUTPUT MONITOR] BRESP = 0 RRESP = 0 RDATA = 00000000
UVM_INFO axi4_lite_driver.sv(34) @ 42515: uvm_test_top.env.aa.drv [DRV] awaddr = 00000018 wdata = 4df0fdeb wstrb = 9 araddr = f9afab98
UVM_INFO axi4_lite_scoreboard.sv(52) @ 42515: uvm_test_top.env.scb [BRESP] Matched : exp_bresp= 0 actual_bresp=0 write = 1 read = 0
UVM_INFO axi4_lite_subscriber.sv(40) @ 42545: uvm_test_top.env.sb [sb] INPUT COVERAGE = 100.00 %
UVM_INFO axi4_lite_inp_monitor.sv(44) @ 42545: uvm_test_top.env.aa.inp_mon [INPUT MONITOR]  WRITE awaddr=00000038 wdata=2a466f51 wstrb=1110 
UVM_INFO axi4_lite_out_monitor.sv(28) @ 42565: uvm_test_top.env.pa.out_mon [OUTPUT MONITOR] BRESP = 0 RRESP = 0 RDATA = 00000000
UVM_INFO axi4_lite_driver.sv(34) @ 42565: uvm_test_top.env.aa.drv [DRV] awaddr = 00000038 wdata = 2a466f51 wstrb = e araddr = 57415210
UVM_INFO axi4_lite_scoreboard.sv(52) @ 42565: uvm_test_top.env.scb [BRESP] Matched : exp_bresp= 0 actual_bresp=0 write = 1 read = 0
UVM_INFO axi4_lite_subscriber.sv(40) @ 42615: uvm_test_top.env.sb [sb] INPUT COVERAGE = 100.00 %
UVM_INFO axi4_lite_inp_monitor.sv(44) @ 42615: uvm_test_top.env.aa.inp_mon [INPUT MONITOR]  WRITE awaddr=00000004 wdata=445cc114 wstrb=1000 
UVM_INFO axi4_lite_out_monitor.sv(28) @ 42635: uvm_test_top.env.pa.out_mon [OUTPUT MONITOR] BRESP = 0 RRESP = 0 RDATA = 00000000
UVM_INFO axi4_lite_driver.sv(34) @ 42635: uvm_test_top.env.aa.drv [DRV] awaddr = 00000004 wdata = 445cc114 wstrb = 8 araddr = cd31aa28
UVM_INFO axi4_lite_scoreboard.sv(52) @ 42635: uvm_test_top.env.scb [BRESP] Matched : exp_bresp= 0 actual_bresp=0 write = 1 read = 0
UVM_INFO axi4_lite_subscriber.sv(40) @ 42655: uvm_test_top.env.sb [sb] INPUT COVERAGE = 100.00 %
UVM_INFO axi4_lite_inp_monitor.sv(44) @ 42655: uvm_test_top.env.aa.inp_mon [INPUT MONITOR]  WRITE awaddr=00000034 wdata=27fb82bf wstrb=0010 
UVM_INFO axi4_lite_out_monitor.sv(28) @ 42675: uvm_test_top.env.pa.out_mon [OUTPUT MONITOR] BRESP = 0 RRESP = 0 RDATA = 00000000
UVM_INFO axi4_lite_driver.sv(34) @ 42675: uvm_test_top.env.aa.drv [DRV] awaddr = 00000034 wdata = 27fb82bf wstrb = 2 araddr = e166c704
UVM_INFO axi4_lite_scoreboard.sv(52) @ 42675: uvm_test_top.env.scb [BRESP] Matched : exp_bresp= 0 actual_bresp=0 write = 1 read = 0
UVM_INFO axi4_lite_subscriber.sv(40) @ 42695: uvm_test_top.env.sb [sb] INPUT COVERAGE = 100.00 %
UVM_INFO axi4_lite_inp_monitor.sv(44) @ 42695: uvm_test_top.env.aa.inp_mon [INPUT MONITOR]  WRITE awaddr=00000018 wdata=838704ae wstrb=1010 
UVM_INFO axi4_lite_out_monitor.sv(28) @ 42715: uvm_test_top.env.pa.out_mon [OUTPUT MONITOR] BRESP = 0 RRESP = 0 RDATA = 00000000
UVM_INFO axi4_lite_driver.sv(34) @ 42715: uvm_test_top.env.aa.drv [DRV] awaddr = 00000018 wdata = 838704ae wstrb = a araddr = 25d4d27c
UVM_INFO axi4_lite_scoreboard.sv(52) @ 42715: uvm_test_top.env.scb [BRESP] Matched : exp_bresp= 0 actual_bresp=0 write = 1 read = 0
UVM_INFO axi4_lite_subscriber.sv(40) @ 42755: uvm_test_top.env.sb [sb] INPUT COVERAGE = 100.00 %
UVM_INFO axi4_lite_inp_monitor.sv(44) @ 42755: uvm_test_top.env.aa.inp_mon [INPUT MONITOR]  WRITE awaddr=00000000 wdata=8deac8f6 wstrb=0111 
UVM_INFO axi4_lite_out_monitor.sv(28) @ 42775: uvm_test_top.env.pa.out_mon [OUTPUT MONITOR] BRESP = 0 RRESP = 0 RDATA = 00000000
UVM_INFO axi4_lite_driver.sv(34) @ 42775: uvm_test_top.env.aa.drv [DRV] awaddr = 00000000 wdata = 8deac8f6 wstrb = 7 araddr = e7d9c4e8
UVM_INFO axi4_lite_scoreboard.sv(52) @ 42775: uvm_test_top.env.scb [BRESP] Matched : exp_bresp= 0 actual_bresp=0 write = 1 read = 0
UVM_INFO axi4_lite_subscriber.sv(40) @ 42815: uvm_test_top.env.sb [sb] INPUT COVERAGE = 100.00 %
UVM_INFO axi4_lite_inp_monitor.sv(44) @ 42815: uvm_test_top.env.aa.inp_mon [INPUT MONITOR]  WRITE awaddr=00000010 wdata=d18b094e wstrb=1001 
UVM_INFO axi4_lite_out_monitor.sv(28) @ 42835: uvm_test_top.env.pa.out_mon [OUTPUT MONITOR] BRESP = 0 RRESP = 0 RDATA = 00000000
UVM_INFO axi4_lite_driver.sv(34) @ 42835: uvm_test_top.env.aa.drv [DRV] awaddr = 00000010 wdata = d18b094e wstrb = 9 araddr = f09a3c04
UVM_INFO axi4_lite_scoreboard.sv(52) @ 42835: uvm_test_top.env.scb [BRESP] Matched : exp_bresp= 0 actual_bresp=0 write = 1 read = 0
UVM_INFO axi4_lite_subscriber.sv(40) @ 42875: uvm_test_top.env.sb [sb] INPUT COVERAGE = 100.00 %
UVM_INFO axi4_lite_inp_monitor.sv(44) @ 42875: uvm_test_top.env.aa.inp_mon [INPUT MONITOR]  WRITE awaddr=00000004 wdata=8dbf1fbc wstrb=0000 
UVM_INFO axi4_lite_out_monitor.sv(28) @ 42895: uvm_test_top.env.pa.out_mon [OUTPUT MONITOR] BRESP = 0 RRESP = 0 RDATA = 00000000
UVM_INFO axi4_lite_driver.sv(34) @ 42895: uvm_test_top.env.aa.drv [DRV] awaddr = 00000004 wdata = 8dbf1fbc wstrb = 0 araddr = b94a530c
UVM_INFO axi4_lite_scoreboard.sv(52) @ 42895: uvm_test_top.env.scb [BRESP] Matched : exp_bresp= 0 actual_bresp=0 write = 1 read = 0
UVM_INFO axi4_lite_subscriber.sv(40) @ 42935: uvm_test_top.env.sb [sb] INPUT COVERAGE = 100.00 %
UVM_INFO axi4_lite_inp_monitor.sv(44) @ 42935: uvm_test_top.env.aa.inp_mon [INPUT MONITOR]  WRITE awaddr=0000000c wdata=2ff7fa32 wstrb=0000 
UVM_INFO axi4_lite_out_monitor.sv(28) @ 42955: uvm_test_top.env.pa.out_mon [OUTPUT MONITOR] BRESP = 0 RRESP = 0 RDATA = 00000000
UVM_INFO axi4_lite_driver.sv(34) @ 42955: uvm_test_top.env.aa.drv [DRV] awaddr = 0000000c wdata = 2ff7fa32 wstrb = 0 araddr = 4201b07c
UVM_INFO axi4_lite_scoreboard.sv(52) @ 42955: uvm_test_top.env.scb [BRESP] Matched : exp_bresp= 0 actual_bresp=0 write = 1 read = 0
UVM_INFO axi4_lite_subscriber.sv(40) @ 43005: uvm_test_top.env.sb [sb] INPUT COVERAGE = 100.00 %
UVM_INFO axi4_lite_inp_monitor.sv(44) @ 43005: uvm_test_top.env.aa.inp_mon [INPUT MONITOR]  WRITE awaddr=00000024 wdata=71752ed4 wstrb=0010 
UVM_INFO axi4_lite_out_monitor.sv(28) @ 43025: uvm_test_top.env.pa.out_mon [OUTPUT MONITOR] BRESP = 0 RRESP = 0 RDATA = 00000000
UVM_INFO axi4_lite_driver.sv(34) @ 43025: uvm_test_top.env.aa.drv [DRV] awaddr = 00000024 wdata = 71752ed4 wstrb = 2 araddr = 0961bc50
UVM_INFO axi4_lite_scoreboard.sv(52) @ 43025: uvm_test_top.env.scb [BRESP] Matched : exp_bresp= 0 actual_bresp=0 write = 1 read = 0
UVM_INFO axi4_lite_subscriber.sv(40) @ 43055: uvm_test_top.env.sb [sb] INPUT COVERAGE = 100.00 %
UVM_INFO axi4_lite_inp_monitor.sv(44) @ 43055: uvm_test_top.env.aa.inp_mon [INPUT MONITOR]  WRITE awaddr=00000028 wdata=17ea880f wstrb=1000 
UVM_INFO axi4_lite_out_monitor.sv(28) @ 43075: uvm_test_top.env.pa.out_mon [OUTPUT MONITOR] BRESP = 2 RRESP = 0 RDATA = 00000000
UVM_INFO axi4_lite_driver.sv(34) @ 43075: uvm_test_top.env.aa.drv [DRV] awaddr = 00000028 wdata = 17ea880f wstrb = 8 araddr = e4c838b0
UVM_INFO axi4_lite_scoreboard.sv(52) @ 43075: uvm_test_top.env.scb [BRESP] Matched : exp_bresp= 2 actual_bresp=2 write = 1 read = 0
UVM_INFO axi4_lite_subscriber.sv(40) @ 43125: uvm_test_top.env.sb [sb] INPUT COVERAGE = 100.00 %
UVM_INFO axi4_lite_inp_monitor.sv(44) @ 43125: uvm_test_top.env.aa.inp_mon [INPUT MONITOR]  WRITE awaddr=00000028 wdata=cea2f361 wstrb=1010 
UVM_INFO axi4_lite_out_monitor.sv(28) @ 43145: uvm_test_top.env.pa.out_mon [OUTPUT MONITOR] BRESP = 2 RRESP = 0 RDATA = 00000000
UVM_INFO axi4_lite_driver.sv(34) @ 43145: uvm_test_top.env.aa.drv [DRV] awaddr = 00000028 wdata = cea2f361 wstrb = a araddr = 913e5674
UVM_INFO axi4_lite_scoreboard.sv(52) @ 43145: uvm_test_top.env.scb [BRESP] Matched : exp_bresp= 2 actual_bresp=2 write = 1 read = 0
UVM_INFO axi4_lite_subscriber.sv(40) @ 43165: uvm_test_top.env.sb [sb] INPUT COVERAGE = 100.00 %
UVM_INFO axi4_lite_inp_monitor.sv(44) @ 43165: uvm_test_top.env.aa.inp_mon [INPUT MONITOR]  WRITE awaddr=00000014 wdata=85a7cd7d wstrb=0000 
UVM_INFO axi4_lite_out_monitor.sv(28) @ 43185: uvm_test_top.env.pa.out_mon [OUTPUT MONITOR] BRESP = 0 RRESP = 0 RDATA = 00000000
UVM_INFO axi4_lite_driver.sv(34) @ 43185: uvm_test_top.env.aa.drv [DRV] awaddr = 00000014 wdata = 85a7cd7d wstrb = 0 araddr = 576c6460
UVM_INFO axi4_lite_scoreboard.sv(52) @ 43185: uvm_test_top.env.scb [BRESP] Matched : exp_bresp= 0 actual_bresp=0 write = 1 read = 0
UVM_INFO axi4_lite_subscriber.sv(40) @ 43215: uvm_test_top.env.sb [sb] INPUT COVERAGE = 100.00 %
UVM_INFO axi4_lite_inp_monitor.sv(44) @ 43215: uvm_test_top.env.aa.inp_mon [INPUT MONITOR]  WRITE awaddr=00000028 wdata=f3fce62c wstrb=1101 
UVM_INFO axi4_lite_out_monitor.sv(28) @ 43235: uvm_test_top.env.pa.out_mon [OUTPUT MONITOR] BRESP = 2 RRESP = 0 RDATA = 00000000
UVM_INFO axi4_lite_driver.sv(34) @ 43235: uvm_test_top.env.aa.drv [DRV] awaddr = 00000028 wdata = f3fce62c wstrb = d araddr = 1b2924f0
UVM_INFO axi4_lite_scoreboard.sv(52) @ 43235: uvm_test_top.env.scb [BRESP] Matched : exp_bresp= 2 actual_bresp=2 write = 1 read = 0
UVM_INFO axi4_lite_subscriber.sv(40) @ 43275: uvm_test_top.env.sb [sb] INPUT COVERAGE = 100.00 %
UVM_INFO axi4_lite_inp_monitor.sv(44) @ 43275: uvm_test_top.env.aa.inp_mon [INPUT MONITOR]  WRITE awaddr=00000038 wdata=f991362f wstrb=1101 
UVM_INFO axi4_lite_out_monitor.sv(28) @ 43295: uvm_test_top.env.pa.out_mon [OUTPUT MONITOR] BRESP = 0 RRESP = 0 RDATA = 00000000
UVM_INFO axi4_lite_driver.sv(34) @ 43295: uvm_test_top.env.aa.drv [DRV] awaddr = 00000038 wdata = f991362f wstrb = d araddr = 663d24c0
UVM_INFO axi4_lite_scoreboard.sv(52) @ 43295: uvm_test_top.env.scb [BRESP] Matched : exp_bresp= 0 actual_bresp=0 write = 1 read = 0
UVM_INFO axi4_lite_subscriber.sv(40) @ 43325: uvm_test_top.env.sb [sb] INPUT COVERAGE = 100.00 %
UVM_INFO axi4_lite_inp_monitor.sv(44) @ 43325: uvm_test_top.env.aa.inp_mon [INPUT MONITOR]  WRITE awaddr=00000034 wdata=2a35a25e wstrb=1011 
UVM_INFO axi4_lite_out_monitor.sv(28) @ 43345: uvm_test_top.env.pa.out_mon [OUTPUT MONITOR] BRESP = 0 RRESP = 0 RDATA = 00000000
UVM_INFO axi4_lite_driver.sv(34) @ 43345: uvm_test_top.env.aa.drv [DRV] awaddr = 00000034 wdata = 2a35a25e wstrb = b araddr = 6334f548
UVM_INFO axi4_lite_scoreboard.sv(52) @ 43345: uvm_test_top.env.scb [BRESP] Matched : exp_bresp= 0 actual_bresp=0 write = 1 read = 0
UVM_INFO axi4_lite_subscriber.sv(40) @ 43385: uvm_test_top.env.sb [sb] INPUT COVERAGE = 100.00 %
UVM_INFO axi4_lite_inp_monitor.sv(44) @ 43385: uvm_test_top.env.aa.inp_mon [INPUT MONITOR]  WRITE awaddr=00000020 wdata=ab8d6d41 wstrb=1000 
UVM_INFO axi4_lite_out_monitor.sv(28) @ 43405: uvm_test_top.env.pa.out_mon [OUTPUT MONITOR] BRESP = 0 RRESP = 0 RDATA = 00000000
UVM_INFO axi4_lite_driver.sv(34) @ 43405: uvm_test_top.env.aa.drv [DRV] awaddr = 00000020 wdata = ab8d6d41 wstrb = 8 araddr = b4c04420
UVM_INFO axi4_lite_scoreboard.sv(52) @ 43405: uvm_test_top.env.scb [BRESP] Matched : exp_bresp= 0 actual_bresp=0 write = 1 read = 0
UVM_INFO axi4_lite_subscriber.sv(40) @ 43445: uvm_test_top.env.sb [sb] INPUT COVERAGE = 100.00 %
UVM_INFO axi4_lite_inp_monitor.sv(44) @ 43445: uvm_test_top.env.aa.inp_mon [INPUT MONITOR]  WRITE awaddr=00000034 wdata=46043bfd wstrb=0000 
UVM_INFO axi4_lite_out_monitor.sv(28) @ 43465: uvm_test_top.env.pa.out_mon [OUTPUT MONITOR] BRESP = 0 RRESP = 0 RDATA = 00000000
UVM_INFO axi4_lite_driver.sv(34) @ 43465: uvm_test_top.env.aa.drv [DRV] awaddr = 00000034 wdata = 46043bfd wstrb = 0 araddr = f23ba90c
UVM_INFO axi4_lite_scoreboard.sv(52) @ 43465: uvm_test_top.env.scb [BRESP] Matched : exp_bresp= 0 actual_bresp=0 write = 1 read = 0
UVM_INFO axi4_lite_subscriber.sv(40) @ 43495: uvm_test_top.env.sb [sb] INPUT COVERAGE = 100.00 %
UVM_INFO axi4_lite_inp_monitor.sv(44) @ 43495: uvm_test_top.env.aa.inp_mon [INPUT MONITOR]  WRITE awaddr=00000004 wdata=709415cf wstrb=1010 
UVM_INFO axi4_lite_out_monitor.sv(28) @ 43515: uvm_test_top.env.pa.out_mon [OUTPUT MONITOR] BRESP = 0 RRESP = 0 RDATA = 00000000
UVM_INFO axi4_lite_driver.sv(34) @ 43515: uvm_test_top.env.aa.drv [DRV] awaddr = 00000004 wdata = 709415cf wstrb = a araddr = 17bdb7e0
UVM_INFO axi4_lite_scoreboard.sv(52) @ 43515: uvm_test_top.env.scb [BRESP] Matched : exp_bresp= 0 actual_bresp=0 write = 1 read = 0
UVM_INFO axi4_lite_subscriber.sv(40) @ 43555: uvm_test_top.env.sb [sb] INPUT COVERAGE = 100.00 %
UVM_INFO axi4_lite_inp_monitor.sv(44) @ 43555: uvm_test_top.env.aa.inp_mon [INPUT MONITOR]  WRITE awaddr=00000004 wdata=ad49b4c6 wstrb=1000 
UVM_INFO axi4_lite_out_monitor.sv(28) @ 43575: uvm_test_top.env.pa.out_mon [OUTPUT MONITOR] BRESP = 0 RRESP = 0 RDATA = 00000000
UVM_INFO axi4_lite_driver.sv(34) @ 43575: uvm_test_top.env.aa.drv [DRV] awaddr = 00000004 wdata = ad49b4c6 wstrb = 8 araddr = 6cfa7164
UVM_INFO axi4_lite_scoreboard.sv(52) @ 43575: uvm_test_top.env.scb [BRESP] Matched : exp_bresp= 0 actual_bresp=0 write = 1 read = 0
UVM_INFO axi4_lite_subscriber.sv(40) @ 43595: uvm_test_top.env.sb [sb] INPUT COVERAGE = 100.00 %
UVM_INFO axi4_lite_inp_monitor.sv(44) @ 43595: uvm_test_top.env.aa.inp_mon [INPUT MONITOR]  WRITE awaddr=00000030 wdata=2fa1dd4c wstrb=1110 
UVM_INFO axi4_lite_out_monitor.sv(28) @ 43615: uvm_test_top.env.pa.out_mon [OUTPUT MONITOR] BRESP = 2 RRESP = 0 RDATA = 00000000
UVM_INFO axi4_lite_driver.sv(34) @ 43615: uvm_test_top.env.aa.drv [DRV] awaddr = 00000030 wdata = 2fa1dd4c wstrb = e araddr = 64b3d744
UVM_INFO axi4_lite_scoreboard.sv(52) @ 43615: uvm_test_top.env.scb [BRESP] Matched : exp_bresp= 2 actual_bresp=2 write = 1 read = 0
UVM_INFO axi4_lite_subscriber.sv(40) @ 43665: uvm_test_top.env.sb [sb] INPUT COVERAGE = 100.00 %
UVM_INFO axi4_lite_inp_monitor.sv(44) @ 43665: uvm_test_top.env.aa.inp_mon [INPUT MONITOR]  WRITE awaddr=00000010 wdata=2bedad44 wstrb=0000 
UVM_INFO axi4_lite_out_monitor.sv(28) @ 43685: uvm_test_top.env.pa.out_mon [OUTPUT MONITOR] BRESP = 0 RRESP = 0 RDATA = 00000000
UVM_INFO axi4_lite_driver.sv(34) @ 43685: uvm_test_top.env.aa.drv [DRV] awaddr = 00000010 wdata = 2bedad44 wstrb = 0 araddr = 0a21ad8c
UVM_INFO axi4_lite_scoreboard.sv(52) @ 43685: uvm_test_top.env.scb [BRESP] Matched : exp_bresp= 0 actual_bresp=0 write = 1 read = 0
UVM_INFO axi4_lite_subscriber.sv(40) @ 43725: uvm_test_top.env.sb [sb] INPUT COVERAGE = 100.00 %
UVM_INFO axi4_lite_inp_monitor.sv(44) @ 43725: uvm_test_top.env.aa.inp_mon [INPUT MONITOR]  WRITE awaddr=0000002c wdata=eeb2119a wstrb=0111 
UVM_INFO axi4_lite_out_monitor.sv(28) @ 43745: uvm_test_top.env.pa.out_mon [OUTPUT MONITOR] BRESP = 2 RRESP = 0 RDATA = 00000000
UVM_INFO axi4_lite_driver.sv(34) @ 43745: uvm_test_top.env.aa.drv [DRV] awaddr = 0000002c wdata = eeb2119a wstrb = 7 araddr = ff30f784
UVM_INFO axi4_lite_scoreboard.sv(52) @ 43745: uvm_test_top.env.scb [BRESP] Matched : exp_bresp= 2 actual_bresp=2 write = 1 read = 0
UVM_INFO axi4_lite_subscriber.sv(40) @ 43765: uvm_test_top.env.sb [sb] INPUT COVERAGE = 100.00 %
UVM_INFO axi4_lite_inp_monitor.sv(44) @ 43765: uvm_test_top.env.aa.inp_mon [INPUT MONITOR]  WRITE awaddr=00000014 wdata=1c89b72a wstrb=0000 
UVM_INFO axi4_lite_out_monitor.sv(28) @ 43785: uvm_test_top.env.pa.out_mon [OUTPUT MONITOR] BRESP = 0 RRESP = 0 RDATA = 00000000
UVM_INFO axi4_lite_driver.sv(34) @ 43785: uvm_test_top.env.aa.drv [DRV] awaddr = 00000014 wdata = 1c89b72a wstrb = 0 araddr = 0e108a84
UVM_INFO axi4_lite_scoreboard.sv(52) @ 43785: uvm_test_top.env.scb [BRESP] Matched : exp_bresp= 0 actual_bresp=0 write = 1 read = 0
UVM_INFO axi4_lite_subscriber.sv(40) @ 43805: uvm_test_top.env.sb [sb] INPUT COVERAGE = 100.00 %
UVM_INFO axi4_lite_inp_monitor.sv(44) @ 43805: uvm_test_top.env.aa.inp_mon [INPUT MONITOR]  WRITE awaddr=00000024 wdata=89a10e1d wstrb=0100 
UVM_INFO axi4_lite_out_monitor.sv(28) @ 43825: uvm_test_top.env.pa.out_mon [OUTPUT MONITOR] BRESP = 0 RRESP = 0 RDATA = 00000000
UVM_INFO axi4_lite_driver.sv(34) @ 43825: uvm_test_top.env.aa.drv [DRV] awaddr = 00000024 wdata = 89a10e1d wstrb = 4 araddr = 3c1d17dc
UVM_INFO axi4_lite_scoreboard.sv(52) @ 43825: uvm_test_top.env.scb [BRESP] Matched : exp_bresp= 0 actual_bresp=0 write = 1 read = 0
UVM_INFO axi4_lite_subscriber.sv(40) @ 43875: uvm_test_top.env.sb [sb] INPUT COVERAGE = 100.00 %
UVM_INFO axi4_lite_inp_monitor.sv(44) @ 43875: uvm_test_top.env.aa.inp_mon [INPUT MONITOR]  WRITE awaddr=00000018 wdata=aab078ab wstrb=1000 
UVM_INFO axi4_lite_out_monitor.sv(28) @ 43895: uvm_test_top.env.pa.out_mon [OUTPUT MONITOR] BRESP = 0 RRESP = 0 RDATA = 00000000
UVM_INFO axi4_lite_driver.sv(34) @ 43895: uvm_test_top.env.aa.drv [DRV] awaddr = 00000018 wdata = aab078ab wstrb = 8 araddr = a9cb944c
UVM_INFO axi4_lite_scoreboard.sv(52) @ 43895: uvm_test_top.env.scb [BRESP] Matched : exp_bresp= 0 actual_bresp=0 write = 1 read = 0
UVM_INFO axi4_lite_subscriber.sv(40) @ 43935: uvm_test_top.env.sb [sb] INPUT COVERAGE = 100.00 %
UVM_INFO axi4_lite_inp_monitor.sv(44) @ 43935: uvm_test_top.env.aa.inp_mon [INPUT MONITOR]  WRITE awaddr=00000010 wdata=fa631706 wstrb=0001 
UVM_INFO axi4_lite_out_monitor.sv(28) @ 43955: uvm_test_top.env.pa.out_mon [OUTPUT MONITOR] BRESP = 0 RRESP = 0 RDATA = 00000000
UVM_INFO axi4_lite_driver.sv(34) @ 43955: uvm_test_top.env.aa.drv [DRV] awaddr = 00000010 wdata = fa631706 wstrb = 1 araddr = a7dcb5e0
UVM_INFO axi4_lite_scoreboard.sv(52) @ 43955: uvm_test_top.env.scb [BRESP] Matched : exp_bresp= 0 actual_bresp=0 write = 1 read = 0
UVM_INFO axi4_lite_subscriber.sv(40) @ 43995: uvm_test_top.env.sb [sb] INPUT COVERAGE = 100.00 %
UVM_INFO axi4_lite_inp_monitor.sv(44) @ 43995: uvm_test_top.env.aa.inp_mon [INPUT MONITOR]  WRITE awaddr=00000030 wdata=06df4259 wstrb=1100 
UVM_INFO axi4_lite_out_monitor.sv(28) @ 44015: uvm_test_top.env.pa.out_mon [OUTPUT MONITOR] BRESP = 2 RRESP = 0 RDATA = 00000000
UVM_INFO axi4_lite_driver.sv(34) @ 44015: uvm_test_top.env.aa.drv [DRV] awaddr = 00000030 wdata = 06df4259 wstrb = c araddr = ee848030
UVM_INFO axi4_lite_scoreboard.sv(52) @ 44015: uvm_test_top.env.scb [BRESP] Matched : exp_bresp= 2 actual_bresp=2 write = 1 read = 0
UVM_INFO axi4_lite_subscriber.sv(40) @ 44035: uvm_test_top.env.sb [sb] INPUT COVERAGE = 100.00 %
UVM_INFO axi4_lite_inp_monitor.sv(44) @ 44035: uvm_test_top.env.aa.inp_mon [INPUT MONITOR]  WRITE awaddr=00000020 wdata=1bcb1a85 wstrb=1100 
UVM_INFO axi4_lite_out_monitor.sv(28) @ 44055: uvm_test_top.env.pa.out_mon [OUTPUT MONITOR] BRESP = 0 RRESP = 0 RDATA = 00000000
UVM_INFO axi4_lite_driver.sv(34) @ 44055: uvm_test_top.env.aa.drv [DRV] awaddr = 00000020 wdata = 1bcb1a85 wstrb = c araddr = af48472c
UVM_INFO axi4_lite_scoreboard.sv(52) @ 44055: uvm_test_top.env.scb [BRESP] Matched : exp_bresp= 0 actual_bresp=0 write = 1 read = 0
UVM_INFO axi4_lite_subscriber.sv(40) @ 44105: uvm_test_top.env.sb [sb] INPUT COVERAGE = 100.00 %
UVM_INFO axi4_lite_inp_monitor.sv(44) @ 44105: uvm_test_top.env.aa.inp_mon [INPUT MONITOR]  WRITE awaddr=00000018 wdata=9ed2a96e wstrb=0111 
UVM_INFO axi4_lite_out_monitor.sv(28) @ 44125: uvm_test_top.env.pa.out_mon [OUTPUT MONITOR] BRESP = 0 RRESP = 0 RDATA = 00000000
UVM_INFO axi4_lite_driver.sv(34) @ 44125: uvm_test_top.env.aa.drv [DRV] awaddr = 00000018 wdata = 9ed2a96e wstrb = 7 araddr = e0ae2340
UVM_INFO axi4_lite_scoreboard.sv(52) @ 44125: uvm_test_top.env.scb [BRESP] Matched : exp_bresp= 0 actual_bresp=0 write = 1 read = 0
UVM_INFO axi4_lite_subscriber.sv(40) @ 44175: uvm_test_top.env.sb [sb] INPUT COVERAGE = 100.00 %
UVM_INFO axi4_lite_inp_monitor.sv(44) @ 44175: uvm_test_top.env.aa.inp_mon [INPUT MONITOR]  WRITE awaddr=00000034 wdata=55de0f5f wstrb=0011 
UVM_INFO axi4_lite_out_monitor.sv(28) @ 44195: uvm_test_top.env.pa.out_mon [OUTPUT MONITOR] BRESP = 0 RRESP = 0 RDATA = 00000000
UVM_INFO axi4_lite_driver.sv(34) @ 44195: uvm_test_top.env.aa.drv [DRV] awaddr = 00000034 wdata = 55de0f5f wstrb = 3 araddr = fc8e2cf8
UVM_INFO axi4_lite_scoreboard.sv(52) @ 44195: uvm_test_top.env.scb [BRESP] Matched : exp_bresp= 0 actual_bresp=0 write = 1 read = 0
UVM_INFO axi4_lite_subscriber.sv(40) @ 44225: uvm_test_top.env.sb [sb] INPUT COVERAGE = 100.00 %
UVM_INFO axi4_lite_inp_monitor.sv(44) @ 44225: uvm_test_top.env.aa.inp_mon [INPUT MONITOR]  WRITE awaddr=00000008 wdata=71b782be wstrb=1111 
UVM_INFO axi4_lite_out_monitor.sv(28) @ 44245: uvm_test_top.env.pa.out_mon [OUTPUT MONITOR] BRESP = 0 RRESP = 0 RDATA = 00000000
UVM_INFO axi4_lite_driver.sv(34) @ 44245: uvm_test_top.env.aa.drv [DRV] awaddr = 00000008 wdata = 71b782be wstrb = f araddr = 95e9d390
UVM_INFO axi4_lite_scoreboard.sv(52) @ 44245: uvm_test_top.env.scb [BRESP] Matched : exp_bresp= 0 actual_bresp=0 write = 1 read = 0
UVM_INFO axi4_lite_subscriber.sv(40) @ 44275: uvm_test_top.env.sb [sb] INPUT COVERAGE = 100.00 %
UVM_INFO axi4_lite_inp_monitor.sv(44) @ 44275: uvm_test_top.env.aa.inp_mon [INPUT MONITOR]  WRITE awaddr=00000000 wdata=75a17f56 wstrb=1100 
UVM_INFO axi4_lite_out_monitor.sv(28) @ 44295: uvm_test_top.env.pa.out_mon [OUTPUT MONITOR] BRESP = 0 RRESP = 0 RDATA = 00000000
UVM_INFO axi4_lite_driver.sv(34) @ 44295: uvm_test_top.env.aa.drv [DRV] awaddr = 00000000 wdata = 75a17f56 wstrb = c araddr = e703216c
UVM_INFO axi4_lite_scoreboard.sv(52) @ 44295: uvm_test_top.env.scb [BRESP] Matched : exp_bresp= 0 actual_bresp=0 write = 1 read = 0
UVM_INFO axi4_lite_subscriber.sv(40) @ 44315: uvm_test_top.env.sb [sb] INPUT COVERAGE = 100.00 %
UVM_INFO axi4_lite_inp_monitor.sv(44) @ 44315: uvm_test_top.env.aa.inp_mon [INPUT MONITOR]  WRITE awaddr=0000002c wdata=6f7703e2 wstrb=0011 
UVM_INFO axi4_lite_out_monitor.sv(28) @ 44335: uvm_test_top.env.pa.out_mon [OUTPUT MONITOR] BRESP = 2 RRESP = 0 RDATA = 00000000
UVM_INFO axi4_lite_driver.sv(34) @ 44335: uvm_test_top.env.aa.drv [DRV] awaddr = 0000002c wdata = 6f7703e2 wstrb = 3 araddr = d4593818
UVM_INFO axi4_lite_scoreboard.sv(52) @ 44335: uvm_test_top.env.scb [BRESP] Matched : exp_bresp= 2 actual_bresp=2 write = 1 read = 0
UVM_INFO axi4_lite_subscriber.sv(40) @ 44375: uvm_test_top.env.sb [sb] INPUT COVERAGE = 100.00 %
UVM_INFO axi4_lite_inp_monitor.sv(44) @ 44375: uvm_test_top.env.aa.inp_mon [INPUT MONITOR]  WRITE awaddr=00000008 wdata=65a4da50 wstrb=1111 
UVM_INFO axi4_lite_out_monitor.sv(28) @ 44395: uvm_test_top.env.pa.out_mon [OUTPUT MONITOR] BRESP = 0 RRESP = 0 RDATA = 00000000
UVM_INFO axi4_lite_driver.sv(34) @ 44395: uvm_test_top.env.aa.drv [DRV] awaddr = 00000008 wdata = 65a4da50 wstrb = f araddr = 2c5d00ec
UVM_INFO axi4_lite_scoreboard.sv(52) @ 44395: uvm_test_top.env.scb [BRESP] Matched : exp_bresp= 0 actual_bresp=0 write = 1 read = 0
UVM_INFO axi4_lite_subscriber.sv(40) @ 44425: uvm_test_top.env.sb [sb] INPUT COVERAGE = 100.00 %
UVM_INFO axi4_lite_inp_monitor.sv(44) @ 44425: uvm_test_top.env.aa.inp_mon [INPUT MONITOR]  WRITE awaddr=0000000c wdata=d87d7b4b wstrb=0101 
UVM_INFO axi4_lite_out_monitor.sv(28) @ 44445: uvm_test_top.env.pa.out_mon [OUTPUT MONITOR] BRESP = 0 RRESP = 0 RDATA = 00000000
UVM_INFO axi4_lite_driver.sv(34) @ 44445: uvm_test_top.env.aa.drv [DRV] awaddr = 0000000c wdata = d87d7b4b wstrb = 5 araddr = 8d5759e0
UVM_INFO axi4_lite_scoreboard.sv(52) @ 44445: uvm_test_top.env.scb [BRESP] Matched : exp_bresp= 0 actual_bresp=0 write = 1 read = 0
UVM_INFO axi4_lite_subscriber.sv(40) @ 44495: uvm_test_top.env.sb [sb] INPUT COVERAGE = 100.00 %
UVM_INFO axi4_lite_inp_monitor.sv(44) @ 44495: uvm_test_top.env.aa.inp_mon [INPUT MONITOR]  WRITE awaddr=0000002c wdata=b5533f87 wstrb=0010 
UVM_INFO axi4_lite_out_monitor.sv(28) @ 44515: uvm_test_top.env.pa.out_mon [OUTPUT MONITOR] BRESP = 2 RRESP = 0 RDATA = 00000000
UVM_INFO axi4_lite_driver.sv(34) @ 44515: uvm_test_top.env.aa.drv [DRV] awaddr = 0000002c wdata = b5533f87 wstrb = 2 araddr = 435da5ac
UVM_INFO axi4_lite_scoreboard.sv(52) @ 44515: uvm_test_top.env.scb [BRESP] Matched : exp_bresp= 2 actual_bresp=2 write = 1 read = 0
UVM_INFO axi4_lite_subscriber.sv(40) @ 44565: uvm_test_top.env.sb [sb] INPUT COVERAGE = 100.00 %
UVM_INFO axi4_lite_inp_monitor.sv(44) @ 44565: uvm_test_top.env.aa.inp_mon [INPUT MONITOR]  WRITE awaddr=00000028 wdata=6c1286b2 wstrb=0001 
UVM_INFO axi4_lite_out_monitor.sv(28) @ 44585: uvm_test_top.env.pa.out_mon [OUTPUT MONITOR] BRESP = 2 RRESP = 0 RDATA = 00000000
UVM_INFO axi4_lite_driver.sv(34) @ 44585: uvm_test_top.env.aa.drv [DRV] awaddr = 00000028 wdata = 6c1286b2 wstrb = 1 araddr = 1deafea8
UVM_INFO axi4_lite_scoreboard.sv(52) @ 44585: uvm_test_top.env.scb [BRESP] Matched : exp_bresp= 2 actual_bresp=2 write = 1 read = 0
UVM_INFO axi4_lite_subscriber.sv(40) @ 44625: uvm_test_top.env.sb [sb] INPUT COVERAGE = 100.00 %
UVM_INFO axi4_lite_inp_monitor.sv(44) @ 44625: uvm_test_top.env.aa.inp_mon [INPUT MONITOR]  WRITE awaddr=0000000c wdata=69b4e345 wstrb=0101 
UVM_INFO axi4_lite_out_monitor.sv(28) @ 44645: uvm_test_top.env.pa.out_mon [OUTPUT MONITOR] BRESP = 0 RRESP = 0 RDATA = 00000000
UVM_INFO axi4_lite_driver.sv(34) @ 44645: uvm_test_top.env.aa.drv [DRV] awaddr = 0000000c wdata = 69b4e345 wstrb = 5 araddr = 66f4c630
UVM_INFO axi4_lite_scoreboard.sv(52) @ 44645: uvm_test_top.env.scb [BRESP] Matched : exp_bresp= 0 actual_bresp=0 write = 1 read = 0
UVM_INFO axi4_lite_subscriber.sv(40) @ 44695: uvm_test_top.env.sb [sb] INPUT COVERAGE = 100.00 %
UVM_INFO axi4_lite_inp_monitor.sv(44) @ 44695: uvm_test_top.env.aa.inp_mon [INPUT MONITOR]  WRITE awaddr=00000038 wdata=ff7d07de wstrb=1000 
UVM_INFO axi4_lite_out_monitor.sv(28) @ 44715: uvm_test_top.env.pa.out_mon [OUTPUT MONITOR] BRESP = 0 RRESP = 0 RDATA = 00000000
UVM_INFO axi4_lite_driver.sv(34) @ 44715: uvm_test_top.env.aa.drv [DRV] awaddr = 00000038 wdata = ff7d07de wstrb = 8 araddr = cbd83798
UVM_INFO axi4_lite_scoreboard.sv(52) @ 44715: uvm_test_top.env.scb [BRESP] Matched : exp_bresp= 0 actual_bresp=0 write = 1 read = 0
UVM_INFO axi4_lite_subscriber.sv(40) @ 44755: uvm_test_top.env.sb [sb] INPUT COVERAGE = 100.00 %
UVM_INFO axi4_lite_inp_monitor.sv(44) @ 44755: uvm_test_top.env.aa.inp_mon [INPUT MONITOR]  WRITE awaddr=00000038 wdata=0831e65f wstrb=1001 
UVM_INFO axi4_lite_out_monitor.sv(28) @ 44775: uvm_test_top.env.pa.out_mon [OUTPUT MONITOR] BRESP = 0 RRESP = 0 RDATA = 00000000
UVM_INFO axi4_lite_driver.sv(34) @ 44775: uvm_test_top.env.aa.drv [DRV] awaddr = 00000038 wdata = 0831e65f wstrb = 9 araddr = a76c62e0
UVM_INFO axi4_lite_scoreboard.sv(52) @ 44775: uvm_test_top.env.scb [BRESP] Matched : exp_bresp= 0 actual_bresp=0 write = 1 read = 0
UVM_INFO axi4_lite_subscriber.sv(40) @ 44795: uvm_test_top.env.sb [sb] INPUT COVERAGE = 100.00 %
UVM_INFO axi4_lite_inp_monitor.sv(44) @ 44795: uvm_test_top.env.aa.inp_mon [INPUT MONITOR]  WRITE awaddr=00000030 wdata=2d8c9771 wstrb=1001 
UVM_INFO axi4_lite_out_monitor.sv(28) @ 44815: uvm_test_top.env.pa.out_mon [OUTPUT MONITOR] BRESP = 2 RRESP = 0 RDATA = 00000000
UVM_INFO axi4_lite_driver.sv(34) @ 44815: uvm_test_top.env.aa.drv [DRV] awaddr = 00000030 wdata = 2d8c9771 wstrb = 9 araddr = 2f9494dc
UVM_INFO axi4_lite_scoreboard.sv(52) @ 44815: uvm_test_top.env.scb [BRESP] Matched : exp_bresp= 2 actual_bresp=2 write = 1 read = 0
UVM_INFO axi4_lite_subscriber.sv(40) @ 44865: uvm_test_top.env.sb [sb] INPUT COVERAGE = 100.00 %
UVM_INFO axi4_lite_inp_monitor.sv(44) @ 44865: uvm_test_top.env.aa.inp_mon [INPUT MONITOR]  WRITE awaddr=00000024 wdata=05c33941 wstrb=0110 
UVM_INFO axi4_lite_out_monitor.sv(28) @ 44885: uvm_test_top.env.pa.out_mon [OUTPUT MONITOR] BRESP = 0 RRESP = 0 RDATA = 00000000
UVM_INFO axi4_lite_driver.sv(34) @ 44885: uvm_test_top.env.aa.drv [DRV] awaddr = 00000024 wdata = 05c33941 wstrb = 6 araddr = 7c2d7bf4
UVM_INFO axi4_lite_scoreboard.sv(52) @ 44885: uvm_test_top.env.scb [BRESP] Matched : exp_bresp= 0 actual_bresp=0 write = 1 read = 0
UVM_INFO axi4_lite_subscriber.sv(40) @ 44915: uvm_test_top.env.sb [sb] INPUT COVERAGE = 100.00 %
UVM_INFO axi4_lite_inp_monitor.sv(44) @ 44915: uvm_test_top.env.aa.inp_mon [INPUT MONITOR]  WRITE awaddr=0000001c wdata=d63828b8 wstrb=1101 
UVM_INFO axi4_lite_out_monitor.sv(28) @ 44935: uvm_test_top.env.pa.out_mon [OUTPUT MONITOR] BRESP = 0 RRESP = 0 RDATA = 00000000
UVM_INFO axi4_lite_driver.sv(34) @ 44935: uvm_test_top.env.aa.drv [DRV] awaddr = 0000001c wdata = d63828b8 wstrb = d araddr = fa5e38dc
UVM_INFO axi4_lite_scoreboard.sv(52) @ 44935: uvm_test_top.env.scb [BRESP] Matched : exp_bresp= 0 actual_bresp=0 write = 1 read = 0
UVM_INFO axi4_lite_subscriber.sv(40) @ 44965: uvm_test_top.env.sb [sb] INPUT COVERAGE = 100.00 %
UVM_INFO axi4_lite_inp_monitor.sv(44) @ 44965: uvm_test_top.env.aa.inp_mon [INPUT MONITOR]  WRITE awaddr=00000004 wdata=3708b309 wstrb=0001 
UVM_INFO axi4_lite_out_monitor.sv(28) @ 44985: uvm_test_top.env.pa.out_mon [OUTPUT MONITOR] BRESP = 0 RRESP = 0 RDATA = 00000000
UVM_INFO axi4_lite_driver.sv(34) @ 44985: uvm_test_top.env.aa.drv [DRV] awaddr = 00000004 wdata = 3708b309 wstrb = 1 araddr = 4b4535a8
UVM_INFO axi4_lite_scoreboard.sv(52) @ 44985: uvm_test_top.env.scb [BRESP] Matched : exp_bresp= 0 actual_bresp=0 write = 1 read = 0
UVM_INFO axi4_lite_subscriber.sv(40) @ 45015: uvm_test_top.env.sb [sb] INPUT COVERAGE = 100.00 %
UVM_INFO axi4_lite_inp_monitor.sv(44) @ 45015: uvm_test_top.env.aa.inp_mon [INPUT MONITOR]  WRITE awaddr=00000014 wdata=e88f02f4 wstrb=0111 
UVM_INFO axi4_lite_out_monitor.sv(28) @ 45035: uvm_test_top.env.pa.out_mon [OUTPUT MONITOR] BRESP = 0 RRESP = 0 RDATA = 00000000
UVM_INFO axi4_lite_driver.sv(34) @ 45035: uvm_test_top.env.aa.drv [DRV] awaddr = 00000014 wdata = e88f02f4 wstrb = 7 araddr = 891914e0
UVM_INFO axi4_lite_scoreboard.sv(52) @ 45035: uvm_test_top.env.scb [BRESP] Matched : exp_bresp= 0 actual_bresp=0 write = 1 read = 0
UVM_INFO axi4_lite_subscriber.sv(40) @ 45085: uvm_test_top.env.sb [sb] INPUT COVERAGE = 100.00 %
UVM_INFO axi4_lite_inp_monitor.sv(44) @ 45085: uvm_test_top.env.aa.inp_mon [INPUT MONITOR]  WRITE awaddr=0000001c wdata=ad178fa4 wstrb=0101 
UVM_INFO axi4_lite_out_monitor.sv(28) @ 45105: uvm_test_top.env.pa.out_mon [OUTPUT MONITOR] BRESP = 0 RRESP = 0 RDATA = 00000000
UVM_INFO axi4_lite_driver.sv(34) @ 45105: uvm_test_top.env.aa.drv [DRV] awaddr = 0000001c wdata = ad178fa4 wstrb = 5 araddr = e069bb30
UVM_INFO axi4_lite_scoreboard.sv(52) @ 45105: uvm_test_top.env.scb [BRESP] Matched : exp_bresp= 0 actual_bresp=0 write = 1 read = 0
UVM_INFO axi4_lite_subscriber.sv(40) @ 45155: uvm_test_top.env.sb [sb] INPUT COVERAGE = 100.00 %
UVM_INFO axi4_lite_inp_monitor.sv(44) @ 45155: uvm_test_top.env.aa.inp_mon [INPUT MONITOR]  WRITE awaddr=00000028 wdata=8f7404d7 wstrb=1110 
UVM_INFO axi4_lite_out_monitor.sv(28) @ 45175: uvm_test_top.env.pa.out_mon [OUTPUT MONITOR] BRESP = 2 RRESP = 0 RDATA = 00000000
UVM_INFO axi4_lite_driver.sv(34) @ 45175: uvm_test_top.env.aa.drv [DRV] awaddr = 00000028 wdata = 8f7404d7 wstrb = e araddr = 4e1dbf60
UVM_INFO axi4_lite_scoreboard.sv(52) @ 45175: uvm_test_top.env.scb [BRESP] Matched : exp_bresp= 2 actual_bresp=2 write = 1 read = 0
UVM_INFO axi4_lite_subscriber.sv(40) @ 45195: uvm_test_top.env.sb [sb] INPUT COVERAGE = 100.00 %
UVM_INFO axi4_lite_inp_monitor.sv(44) @ 45195: uvm_test_top.env.aa.inp_mon [INPUT MONITOR]  WRITE awaddr=00000004 wdata=b728c8b8 wstrb=1000 
UVM_INFO axi4_lite_out_monitor.sv(28) @ 45215: uvm_test_top.env.pa.out_mon [OUTPUT MONITOR] BRESP = 0 RRESP = 0 RDATA = 00000000
UVM_INFO axi4_lite_driver.sv(34) @ 45215: uvm_test_top.env.aa.drv [DRV] awaddr = 00000004 wdata = b728c8b8 wstrb = 8 araddr = b95425c8
UVM_INFO axi4_lite_scoreboard.sv(52) @ 45215: uvm_test_top.env.scb [BRESP] Matched : exp_bresp= 0 actual_bresp=0 write = 1 read = 0
UVM_INFO axi4_lite_subscriber.sv(40) @ 45255: uvm_test_top.env.sb [sb] INPUT COVERAGE = 100.00 %
UVM_INFO axi4_lite_inp_monitor.sv(44) @ 45255: uvm_test_top.env.aa.inp_mon [INPUT MONITOR]  WRITE awaddr=00000024 wdata=fd389fb0 wstrb=1100 
UVM_INFO axi4_lite_out_monitor.sv(28) @ 45275: uvm_test_top.env.pa.out_mon [OUTPUT MONITOR] BRESP = 0 RRESP = 0 RDATA = 00000000
UVM_INFO axi4_lite_driver.sv(34) @ 45275: uvm_test_top.env.aa.drv [DRV] awaddr = 00000024 wdata = fd389fb0 wstrb = c araddr = a25add38
UVM_INFO axi4_lite_scoreboard.sv(52) @ 45275: uvm_test_top.env.scb [BRESP] Matched : exp_bresp= 0 actual_bresp=0 write = 1 read = 0
UVM_INFO axi4_lite_subscriber.sv(40) @ 45305: uvm_test_top.env.sb [sb] INPUT COVERAGE = 100.00 %
UVM_INFO axi4_lite_inp_monitor.sv(44) @ 45305: uvm_test_top.env.aa.inp_mon [INPUT MONITOR]  WRITE awaddr=00000030 wdata=aa690fc1 wstrb=1111 
UVM_INFO axi4_lite_out_monitor.sv(28) @ 45325: uvm_test_top.env.pa.out_mon [OUTPUT MONITOR] BRESP = 2 RRESP = 0 RDATA = 00000000
UVM_INFO axi4_lite_driver.sv(34) @ 45325: uvm_test_top.env.aa.drv [DRV] awaddr = 00000030 wdata = aa690fc1 wstrb = f araddr = 23230b4c
UVM_INFO axi4_lite_scoreboard.sv(52) @ 45325: uvm_test_top.env.scb [BRESP] Matched : exp_bresp= 2 actual_bresp=2 write = 1 read = 0
UVM_INFO axi4_lite_subscriber.sv(40) @ 45345: uvm_test_top.env.sb [sb] INPUT COVERAGE = 100.00 %
UVM_INFO axi4_lite_inp_monitor.sv(44) @ 45345: uvm_test_top.env.aa.inp_mon [INPUT MONITOR]  WRITE awaddr=00000008 wdata=f9297a8a wstrb=1100 
UVM_INFO axi4_lite_out_monitor.sv(28) @ 45365: uvm_test_top.env.pa.out_mon [OUTPUT MONITOR] BRESP = 0 RRESP = 0 RDATA = 00000000
UVM_INFO axi4_lite_driver.sv(34) @ 45365: uvm_test_top.env.aa.drv [DRV] awaddr = 00000008 wdata = f9297a8a wstrb = c araddr = 868d43a0
UVM_INFO axi4_lite_scoreboard.sv(52) @ 45365: uvm_test_top.env.scb [BRESP] Matched : exp_bresp= 0 actual_bresp=0 write = 1 read = 0
UVM_INFO axi4_lite_subscriber.sv(40) @ 45415: uvm_test_top.env.sb [sb] INPUT COVERAGE = 100.00 %
UVM_INFO axi4_lite_inp_monitor.sv(44) @ 45415: uvm_test_top.env.aa.inp_mon [INPUT MONITOR]  WRITE awaddr=00000030 wdata=692b8738 wstrb=1001 
UVM_INFO axi4_lite_out_monitor.sv(28) @ 45435: uvm_test_top.env.pa.out_mon [OUTPUT MONITOR] BRESP = 2 RRESP = 0 RDATA = 00000000
UVM_INFO axi4_lite_driver.sv(34) @ 45435: uvm_test_top.env.aa.drv [DRV] awaddr = 00000030 wdata = 692b8738 wstrb = 9 araddr = 91d067b8
UVM_INFO axi4_lite_scoreboard.sv(52) @ 45435: uvm_test_top.env.scb [BRESP] Matched : exp_bresp= 2 actual_bresp=2 write = 1 read = 0
UVM_INFO axi4_lite_subscriber.sv(40) @ 45465: uvm_test_top.env.sb [sb] INPUT COVERAGE = 100.00 %
UVM_INFO axi4_lite_inp_monitor.sv(44) @ 45465: uvm_test_top.env.aa.inp_mon [INPUT MONITOR]  WRITE awaddr=00000024 wdata=97acb16b wstrb=1000 
UVM_INFO axi4_lite_out_monitor.sv(28) @ 45485: uvm_test_top.env.pa.out_mon [OUTPUT MONITOR] BRESP = 0 RRESP = 0 RDATA = 00000000
UVM_INFO axi4_lite_driver.sv(34) @ 45485: uvm_test_top.env.aa.drv [DRV] awaddr = 00000024 wdata = 97acb16b wstrb = 8 araddr = 38acab38
UVM_INFO axi4_lite_scoreboard.sv(52) @ 45485: uvm_test_top.env.scb [BRESP] Matched : exp_bresp= 0 actual_bresp=0 write = 1 read = 0
UVM_INFO axi4_lite_subscriber.sv(40) @ 45515: uvm_test_top.env.sb [sb] INPUT COVERAGE = 100.00 %
UVM_INFO axi4_lite_inp_monitor.sv(44) @ 45515: uvm_test_top.env.aa.inp_mon [INPUT MONITOR]  WRITE awaddr=00000000 wdata=ee7944ad wstrb=0111 
UVM_INFO axi4_lite_out_monitor.sv(28) @ 45535: uvm_test_top.env.pa.out_mon [OUTPUT MONITOR] BRESP = 0 RRESP = 0 RDATA = 00000000
UVM_INFO axi4_lite_driver.sv(34) @ 45535: uvm_test_top.env.aa.drv [DRV] awaddr = 00000000 wdata = ee7944ad wstrb = 7 araddr = f25732a8
UVM_INFO axi4_lite_scoreboard.sv(52) @ 45535: uvm_test_top.env.scb [BRESP] Matched : exp_bresp= 0 actual_bresp=0 write = 1 read = 0
UVM_INFO axi4_lite_subscriber.sv(40) @ 45555: uvm_test_top.env.sb [sb] INPUT COVERAGE = 100.00 %
UVM_INFO axi4_lite_inp_monitor.sv(44) @ 45555: uvm_test_top.env.aa.inp_mon [INPUT MONITOR]  WRITE awaddr=00000000 wdata=918b4c7e wstrb=1111 
UVM_INFO axi4_lite_out_monitor.sv(28) @ 45575: uvm_test_top.env.pa.out_mon [OUTPUT MONITOR] BRESP = 0 RRESP = 0 RDATA = 00000000
UVM_INFO axi4_lite_driver.sv(34) @ 45575: uvm_test_top.env.aa.drv [DRV] awaddr = 00000000 wdata = 918b4c7e wstrb = f araddr = e0fa89d8
UVM_INFO axi4_lite_scoreboard.sv(52) @ 45575: uvm_test_top.env.scb [BRESP] Matched : exp_bresp= 0 actual_bresp=0 write = 1 read = 0
UVM_INFO axi4_lite_subscriber.sv(40) @ 45625: uvm_test_top.env.sb [sb] INPUT COVERAGE = 100.00 %
UVM_INFO axi4_lite_inp_monitor.sv(44) @ 45625: uvm_test_top.env.aa.inp_mon [INPUT MONITOR]  WRITE awaddr=00000018 wdata=18198153 wstrb=0101 
UVM_INFO axi4_lite_out_monitor.sv(28) @ 45645: uvm_test_top.env.pa.out_mon [OUTPUT MONITOR] BRESP = 0 RRESP = 0 RDATA = 00000000
UVM_INFO axi4_lite_driver.sv(34) @ 45645: uvm_test_top.env.aa.drv [DRV] awaddr = 00000018 wdata = 18198153 wstrb = 5 araddr = a2c67760
UVM_INFO axi4_lite_scoreboard.sv(52) @ 45645: uvm_test_top.env.scb [BRESP] Matched : exp_bresp= 0 actual_bresp=0 write = 1 read = 0
UVM_INFO axi4_lite_subscriber.sv(40) @ 45665: uvm_test_top.env.sb [sb] INPUT COVERAGE = 100.00 %
UVM_INFO axi4_lite_inp_monitor.sv(44) @ 45665: uvm_test_top.env.aa.inp_mon [INPUT MONITOR]  WRITE awaddr=00000038 wdata=2cc128bb wstrb=0111 
UVM_INFO axi4_lite_out_monitor.sv(28) @ 45685: uvm_test_top.env.pa.out_mon [OUTPUT MONITOR] BRESP = 0 RRESP = 0 RDATA = 00000000
UVM_INFO axi4_lite_driver.sv(34) @ 45685: uvm_test_top.env.aa.drv [DRV] awaddr = 00000038 wdata = 2cc128bb wstrb = 7 araddr = d8a3fdd4
UVM_INFO axi4_lite_scoreboard.sv(52) @ 45685: uvm_test_top.env.scb [BRESP] Matched : exp_bresp= 0 actual_bresp=0 write = 1 read = 0
UVM_INFO axi4_lite_subscriber.sv(40) @ 45735: uvm_test_top.env.sb [sb] INPUT COVERAGE = 100.00 %
UVM_INFO axi4_lite_inp_monitor.sv(44) @ 45735: uvm_test_top.env.aa.inp_mon [INPUT MONITOR]  WRITE awaddr=00000014 wdata=031e576b wstrb=0101 
UVM_INFO axi4_lite_out_monitor.sv(28) @ 45755: uvm_test_top.env.pa.out_mon [OUTPUT MONITOR] BRESP = 0 RRESP = 0 RDATA = 00000000
UVM_INFO axi4_lite_driver.sv(34) @ 45755: uvm_test_top.env.aa.drv [DRV] awaddr = 00000014 wdata = 031e576b wstrb = 5 araddr = cb3acb80
UVM_INFO axi4_lite_scoreboard.sv(52) @ 45755: uvm_test_top.env.scb [BRESP] Matched : exp_bresp= 0 actual_bresp=0 write = 1 read = 0
UVM_INFO axi4_lite_subscriber.sv(40) @ 45775: uvm_test_top.env.sb [sb] INPUT COVERAGE = 100.00 %
UVM_INFO axi4_lite_inp_monitor.sv(44) @ 45775: uvm_test_top.env.aa.inp_mon [INPUT MONITOR]  WRITE awaddr=00000030 wdata=5adfe22e wstrb=0101 
UVM_INFO axi4_lite_out_monitor.sv(28) @ 45795: uvm_test_top.env.pa.out_mon [OUTPUT MONITOR] BRESP = 2 RRESP = 0 RDATA = 00000000
UVM_INFO axi4_lite_driver.sv(34) @ 45795: uvm_test_top.env.aa.drv [DRV] awaddr = 00000030 wdata = 5adfe22e wstrb = 5 araddr = 7a54d26c
UVM_INFO axi4_lite_scoreboard.sv(52) @ 45795: uvm_test_top.env.scb [BRESP] Matched : exp_bresp= 2 actual_bresp=2 write = 1 read = 0
UVM_INFO axi4_lite_subscriber.sv(40) @ 45825: uvm_test_top.env.sb [sb] INPUT COVERAGE = 100.00 %
UVM_INFO axi4_lite_inp_monitor.sv(44) @ 45825: uvm_test_top.env.aa.inp_mon [INPUT MONITOR]  WRITE awaddr=00000004 wdata=5f34d5de wstrb=1111 
UVM_INFO axi4_lite_out_monitor.sv(28) @ 45845: uvm_test_top.env.pa.out_mon [OUTPUT MONITOR] BRESP = 0 RRESP = 0 RDATA = 00000000
UVM_INFO axi4_lite_driver.sv(34) @ 45845: uvm_test_top.env.aa.drv [DRV] awaddr = 00000004 wdata = 5f34d5de wstrb = f araddr = 7243419c
UVM_INFO axi4_lite_scoreboard.sv(52) @ 45845: uvm_test_top.env.scb [BRESP] Matched : exp_bresp= 0 actual_bresp=0 write = 1 read = 0
UVM_INFO axi4_lite_subscriber.sv(40) @ 45865: uvm_test_top.env.sb [sb] INPUT COVERAGE = 100.00 %
UVM_INFO axi4_lite_inp_monitor.sv(44) @ 45865: uvm_test_top.env.aa.inp_mon [INPUT MONITOR]  WRITE awaddr=00000038 wdata=5eadc90c wstrb=1111 
UVM_INFO axi4_lite_out_monitor.sv(28) @ 45885: uvm_test_top.env.pa.out_mon [OUTPUT MONITOR] BRESP = 0 RRESP = 0 RDATA = 00000000
UVM_INFO axi4_lite_driver.sv(34) @ 45885: uvm_test_top.env.aa.drv [DRV] awaddr = 00000038 wdata = 5eadc90c wstrb = f araddr = a8ee4a58
UVM_INFO axi4_lite_scoreboard.sv(52) @ 45885: uvm_test_top.env.scb [BRESP] Matched : exp_bresp= 0 actual_bresp=0 write = 1 read = 0
UVM_INFO axi4_lite_subscriber.sv(40) @ 45905: uvm_test_top.env.sb [sb] INPUT COVERAGE = 100.00 %
UVM_INFO axi4_lite_inp_monitor.sv(44) @ 45905: uvm_test_top.env.aa.inp_mon [INPUT MONITOR]  WRITE awaddr=00000010 wdata=5f0e8629 wstrb=0010 
UVM_INFO axi4_lite_out_monitor.sv(28) @ 45925: uvm_test_top.env.pa.out_mon [OUTPUT MONITOR] BRESP = 0 RRESP = 0 RDATA = 00000000
UVM_INFO axi4_lite_driver.sv(34) @ 45925: uvm_test_top.env.aa.drv [DRV] awaddr = 00000010 wdata = 5f0e8629 wstrb = 2 araddr = 24912c2c
UVM_INFO axi4_lite_scoreboard.sv(52) @ 45925: uvm_test_top.env.scb [BRESP] Matched : exp_bresp= 0 actual_bresp=0 write = 1 read = 0
UVM_INFO axi4_lite_subscriber.sv(40) @ 45975: uvm_test_top.env.sb [sb] INPUT COVERAGE = 100.00 %
UVM_INFO axi4_lite_inp_monitor.sv(44) @ 45975: uvm_test_top.env.aa.inp_mon [INPUT MONITOR]  WRITE awaddr=00000000 wdata=cde16cd3 wstrb=1111 
UVM_INFO axi4_lite_out_monitor.sv(28) @ 45995: uvm_test_top.env.pa.out_mon [OUTPUT MONITOR] BRESP = 0 RRESP = 0 RDATA = 00000000
UVM_INFO axi4_lite_driver.sv(34) @ 45995: uvm_test_top.env.aa.drv [DRV] awaddr = 00000000 wdata = cde16cd3 wstrb = f araddr = 69c37f54
UVM_INFO axi4_lite_scoreboard.sv(52) @ 45995: uvm_test_top.env.scb [BRESP] Matched : exp_bresp= 0 actual_bresp=0 write = 1 read = 0
UVM_INFO axi4_lite_subscriber.sv(40) @ 46035: uvm_test_top.env.sb [sb] INPUT COVERAGE = 100.00 %
UVM_INFO axi4_lite_inp_monitor.sv(44) @ 46035: uvm_test_top.env.aa.inp_mon [INPUT MONITOR]  WRITE awaddr=00000000 wdata=537506dc wstrb=1101 
UVM_INFO axi4_lite_out_monitor.sv(28) @ 46055: uvm_test_top.env.pa.out_mon [OUTPUT MONITOR] BRESP = 0 RRESP = 0 RDATA = 00000000
UVM_INFO axi4_lite_driver.sv(34) @ 46055: uvm_test_top.env.aa.drv [DRV] awaddr = 00000000 wdata = 537506dc wstrb = d araddr = 4b5c96cc
UVM_INFO axi4_lite_scoreboard.sv(52) @ 46055: uvm_test_top.env.scb [BRESP] Matched : exp_bresp= 0 actual_bresp=0 write = 1 read = 0
UVM_INFO axi4_lite_subscriber.sv(40) @ 46085: uvm_test_top.env.sb [sb] INPUT COVERAGE = 100.00 %
UVM_INFO axi4_lite_inp_monitor.sv(44) @ 46085: uvm_test_top.env.aa.inp_mon [INPUT MONITOR]  WRITE awaddr=0000000c wdata=2038c9b7 wstrb=1100 
UVM_INFO axi4_lite_out_monitor.sv(28) @ 46105: uvm_test_top.env.pa.out_mon [OUTPUT MONITOR] BRESP = 0 RRESP = 0 RDATA = 00000000
UVM_INFO axi4_lite_driver.sv(34) @ 46105: uvm_test_top.env.aa.drv [DRV] awaddr = 0000000c wdata = 2038c9b7 wstrb = c araddr = 70ed4be8
UVM_INFO axi4_lite_scoreboard.sv(52) @ 46105: uvm_test_top.env.scb [BRESP] Matched : exp_bresp= 0 actual_bresp=0 write = 1 read = 0
UVM_INFO axi4_lite_subscriber.sv(40) @ 46135: uvm_test_top.env.sb [sb] INPUT COVERAGE = 100.00 %
UVM_INFO axi4_lite_inp_monitor.sv(44) @ 46135: uvm_test_top.env.aa.inp_mon [INPUT MONITOR]  WRITE awaddr=0000001c wdata=a1608e21 wstrb=0000 
UVM_INFO axi4_lite_out_monitor.sv(28) @ 46155: uvm_test_top.env.pa.out_mon [OUTPUT MONITOR] BRESP = 0 RRESP = 0 RDATA = 00000000
UVM_INFO axi4_lite_driver.sv(34) @ 46155: uvm_test_top.env.aa.drv [DRV] awaddr = 0000001c wdata = a1608e21 wstrb = 0 araddr = 73c91844
UVM_INFO axi4_lite_scoreboard.sv(52) @ 46155: uvm_test_top.env.scb [BRESP] Matched : exp_bresp= 0 actual_bresp=0 write = 1 read = 0
UVM_INFO axi4_lite_subscriber.sv(40) @ 46205: uvm_test_top.env.sb [sb] INPUT COVERAGE = 100.00 %
UVM_INFO axi4_lite_inp_monitor.sv(44) @ 46205: uvm_test_top.env.aa.inp_mon [INPUT MONITOR]  WRITE awaddr=00000000 wdata=0f3ac9ee wstrb=1111 
UVM_INFO axi4_lite_out_monitor.sv(28) @ 46225: uvm_test_top.env.pa.out_mon [OUTPUT MONITOR] BRESP = 0 RRESP = 0 RDATA = 00000000
UVM_INFO axi4_lite_driver.sv(34) @ 46225: uvm_test_top.env.aa.drv [DRV] awaddr = 00000000 wdata = 0f3ac9ee wstrb = f araddr = f9ddda10
UVM_INFO axi4_lite_scoreboard.sv(52) @ 46225: uvm_test_top.env.scb [BRESP] Matched : exp_bresp= 0 actual_bresp=0 write = 1 read = 0
UVM_INFO axi4_lite_subscriber.sv(40) @ 46265: uvm_test_top.env.sb [sb] INPUT COVERAGE = 100.00 %
UVM_INFO axi4_lite_inp_monitor.sv(44) @ 46265: uvm_test_top.env.aa.inp_mon [INPUT MONITOR]  WRITE awaddr=0000001c wdata=c00620bf wstrb=1101 
UVM_INFO axi4_lite_out_monitor.sv(28) @ 46285: uvm_test_top.env.pa.out_mon [OUTPUT MONITOR] BRESP = 0 RRESP = 0 RDATA = 00000000
UVM_INFO axi4_lite_driver.sv(34) @ 46285: uvm_test_top.env.aa.drv [DRV] awaddr = 0000001c wdata = c00620bf wstrb = d araddr = ec276c0c
UVM_INFO axi4_lite_scoreboard.sv(52) @ 46285: uvm_test_top.env.scb [BRESP] Matched : exp_bresp= 0 actual_bresp=0 write = 1 read = 0
UVM_INFO axi4_lite_subscriber.sv(40) @ 46315: uvm_test_top.env.sb [sb] INPUT COVERAGE = 100.00 %
UVM_INFO axi4_lite_inp_monitor.sv(44) @ 46315: uvm_test_top.env.aa.inp_mon [INPUT MONITOR]  WRITE awaddr=00000030 wdata=b751c506 wstrb=1000 
UVM_INFO axi4_lite_out_monitor.sv(28) @ 46335: uvm_test_top.env.pa.out_mon [OUTPUT MONITOR] BRESP = 2 RRESP = 0 RDATA = 00000000
UVM_INFO axi4_lite_driver.sv(34) @ 46335: uvm_test_top.env.aa.drv [DRV] awaddr = 00000030 wdata = b751c506 wstrb = 8 araddr = 9957ea28
UVM_INFO axi4_lite_scoreboard.sv(52) @ 46335: uvm_test_top.env.scb [BRESP] Matched : exp_bresp= 2 actual_bresp=2 write = 1 read = 0
UVM_INFO axi4_lite_subscriber.sv(40) @ 46365: uvm_test_top.env.sb [sb] INPUT COVERAGE = 100.00 %
UVM_INFO axi4_lite_inp_monitor.sv(44) @ 46365: uvm_test_top.env.aa.inp_mon [INPUT MONITOR]  WRITE awaddr=00000008 wdata=2a952a7b wstrb=0011 
UVM_INFO axi4_lite_out_monitor.sv(28) @ 46385: uvm_test_top.env.pa.out_mon [OUTPUT MONITOR] BRESP = 0 RRESP = 0 RDATA = 00000000
UVM_INFO axi4_lite_driver.sv(34) @ 46385: uvm_test_top.env.aa.drv [DRV] awaddr = 00000008 wdata = 2a952a7b wstrb = 3 araddr = 579bb07c
UVM_INFO axi4_lite_scoreboard.sv(52) @ 46385: uvm_test_top.env.scb [BRESP] Matched : exp_bresp= 0 actual_bresp=0 write = 1 read = 0
UVM_INFO axi4_lite_subscriber.sv(40) @ 46425: uvm_test_top.env.sb [sb] INPUT COVERAGE = 100.00 %
UVM_INFO axi4_lite_inp_monitor.sv(44) @ 46425: uvm_test_top.env.aa.inp_mon [INPUT MONITOR]  WRITE awaddr=00000010 wdata=a4942c9b wstrb=1100 
UVM_INFO axi4_lite_out_monitor.sv(28) @ 46445: uvm_test_top.env.pa.out_mon [OUTPUT MONITOR] BRESP = 0 RRESP = 0 RDATA = 00000000
UVM_INFO axi4_lite_driver.sv(34) @ 46445: uvm_test_top.env.aa.drv [DRV] awaddr = 00000010 wdata = a4942c9b wstrb = c araddr = 720ba268
UVM_INFO axi4_lite_scoreboard.sv(52) @ 46445: uvm_test_top.env.scb [BRESP] Matched : exp_bresp= 0 actual_bresp=0 write = 1 read = 0
UVM_INFO axi4_lite_subscriber.sv(40) @ 46485: uvm_test_top.env.sb [sb] INPUT COVERAGE = 100.00 %
UVM_INFO axi4_lite_inp_monitor.sv(44) @ 46485: uvm_test_top.env.aa.inp_mon [INPUT MONITOR]  WRITE awaddr=00000010 wdata=f7c9ea44 wstrb=1001 
UVM_INFO axi4_lite_out_monitor.sv(28) @ 46505: uvm_test_top.env.pa.out_mon [OUTPUT MONITOR] BRESP = 0 RRESP = 0 RDATA = 00000000
UVM_INFO axi4_lite_driver.sv(34) @ 46505: uvm_test_top.env.aa.drv [DRV] awaddr = 00000010 wdata = f7c9ea44 wstrb = 9 araddr = c6e3e578
UVM_INFO axi4_lite_scoreboard.sv(52) @ 46505: uvm_test_top.env.scb [BRESP] Matched : exp_bresp= 0 actual_bresp=0 write = 1 read = 0
UVM_INFO axi4_lite_subscriber.sv(40) @ 46545: uvm_test_top.env.sb [sb] INPUT COVERAGE = 100.00 %
UVM_INFO axi4_lite_inp_monitor.sv(44) @ 46545: uvm_test_top.env.aa.inp_mon [INPUT MONITOR]  WRITE awaddr=00000004 wdata=12efa31d wstrb=0010 
UVM_INFO axi4_lite_out_monitor.sv(28) @ 46565: uvm_test_top.env.pa.out_mon [OUTPUT MONITOR] BRESP = 0 RRESP = 0 RDATA = 00000000
UVM_INFO axi4_lite_driver.sv(34) @ 46565: uvm_test_top.env.aa.drv [DRV] awaddr = 00000004 wdata = 12efa31d wstrb = 2 araddr = 4f224474
UVM_INFO axi4_lite_scoreboard.sv(52) @ 46565: uvm_test_top.env.scb [BRESP] Matched : exp_bresp= 0 actual_bresp=0 write = 1 read = 0
UVM_INFO axi4_lite_subscriber.sv(40) @ 46605: uvm_test_top.env.sb [sb] INPUT COVERAGE = 100.00 %
UVM_INFO axi4_lite_inp_monitor.sv(44) @ 46605: uvm_test_top.env.aa.inp_mon [INPUT MONITOR]  WRITE awaddr=00000008 wdata=8282ff08 wstrb=1100 
UVM_INFO axi4_lite_out_monitor.sv(28) @ 46625: uvm_test_top.env.pa.out_mon [OUTPUT MONITOR] BRESP = 0 RRESP = 0 RDATA = 00000000
UVM_INFO axi4_lite_driver.sv(34) @ 46625: uvm_test_top.env.aa.drv [DRV] awaddr = 00000008 wdata = 8282ff08 wstrb = c araddr = 59e73394
UVM_INFO axi4_lite_scoreboard.sv(52) @ 46625: uvm_test_top.env.scb [BRESP] Matched : exp_bresp= 0 actual_bresp=0 write = 1 read = 0
UVM_INFO axi4_lite_subscriber.sv(40) @ 46675: uvm_test_top.env.sb [sb] INPUT COVERAGE = 100.00 %
UVM_INFO axi4_lite_inp_monitor.sv(44) @ 46675: uvm_test_top.env.aa.inp_mon [INPUT MONITOR]  WRITE awaddr=00000020 wdata=9f9a488c wstrb=1010 
UVM_INFO axi4_lite_out_monitor.sv(28) @ 46695: uvm_test_top.env.pa.out_mon [OUTPUT MONITOR] BRESP = 0 RRESP = 0 RDATA = 00000000
UVM_INFO axi4_lite_driver.sv(34) @ 46695: uvm_test_top.env.aa.drv [DRV] awaddr = 00000020 wdata = 9f9a488c wstrb = a araddr = 0176fe9c
UVM_INFO axi4_lite_scoreboard.sv(52) @ 46695: uvm_test_top.env.scb [BRESP] Matched : exp_bresp= 0 actual_bresp=0 write = 1 read = 0
UVM_INFO axi4_lite_subscriber.sv(40) @ 46745: uvm_test_top.env.sb [sb] INPUT COVERAGE = 100.00 %
UVM_INFO axi4_lite_inp_monitor.sv(44) @ 46745: uvm_test_top.env.aa.inp_mon [INPUT MONITOR]  WRITE awaddr=00000014 wdata=00151c3e wstrb=1010 
UVM_INFO axi4_lite_out_monitor.sv(28) @ 46765: uvm_test_top.env.pa.out_mon [OUTPUT MONITOR] BRESP = 0 RRESP = 0 RDATA = 00000000
UVM_INFO axi4_lite_driver.sv(34) @ 46765: uvm_test_top.env.aa.drv [DRV] awaddr = 00000014 wdata = 00151c3e wstrb = a araddr = 903c072c
UVM_INFO axi4_lite_scoreboard.sv(52) @ 46765: uvm_test_top.env.scb [BRESP] Matched : exp_bresp= 0 actual_bresp=0 write = 1 read = 0
UVM_INFO axi4_lite_subscriber.sv(40) @ 46795: uvm_test_top.env.sb [sb] INPUT COVERAGE = 100.00 %
UVM_INFO axi4_lite_inp_monitor.sv(44) @ 46795: uvm_test_top.env.aa.inp_mon [INPUT MONITOR]  WRITE awaddr=0000001c wdata=02510e94 wstrb=1010 
UVM_INFO axi4_lite_out_monitor.sv(28) @ 46815: uvm_test_top.env.pa.out_mon [OUTPUT MONITOR] BRESP = 0 RRESP = 0 RDATA = 00000000
UVM_INFO axi4_lite_driver.sv(34) @ 46815: uvm_test_top.env.aa.drv [DRV] awaddr = 0000001c wdata = 02510e94 wstrb = a araddr = a6970e7c
UVM_INFO axi4_lite_scoreboard.sv(52) @ 46815: uvm_test_top.env.scb [BRESP] Matched : exp_bresp= 0 actual_bresp=0 write = 1 read = 0
UVM_INFO axi4_lite_subscriber.sv(40) @ 46845: uvm_test_top.env.sb [sb] INPUT COVERAGE = 100.00 %
UVM_INFO axi4_lite_inp_monitor.sv(44) @ 46845: uvm_test_top.env.aa.inp_mon [INPUT MONITOR]  WRITE awaddr=00000038 wdata=91016ebe wstrb=0000 
UVM_INFO axi4_lite_out_monitor.sv(28) @ 46865: uvm_test_top.env.pa.out_mon [OUTPUT MONITOR] BRESP = 0 RRESP = 0 RDATA = 00000000
UVM_INFO axi4_lite_driver.sv(34) @ 46865: uvm_test_top.env.aa.drv [DRV] awaddr = 00000038 wdata = 91016ebe wstrb = 0 araddr = f703443c
UVM_INFO axi4_lite_scoreboard.sv(52) @ 46865: uvm_test_top.env.scb [BRESP] Matched : exp_bresp= 0 actual_bresp=0 write = 1 read = 0
UVM_INFO axi4_lite_subscriber.sv(40) @ 46905: uvm_test_top.env.sb [sb] INPUT COVERAGE = 100.00 %
UVM_INFO axi4_lite_inp_monitor.sv(44) @ 46905: uvm_test_top.env.aa.inp_mon [INPUT MONITOR]  WRITE awaddr=00000000 wdata=10c33b3d wstrb=1011 
UVM_INFO axi4_lite_out_monitor.sv(28) @ 46925: uvm_test_top.env.pa.out_mon [OUTPUT MONITOR] BRESP = 0 RRESP = 0 RDATA = 00000000
UVM_INFO axi4_lite_driver.sv(34) @ 46925: uvm_test_top.env.aa.drv [DRV] awaddr = 00000000 wdata = 10c33b3d wstrb = b araddr = d0d6dcf0
UVM_INFO axi4_lite_scoreboard.sv(52) @ 46925: uvm_test_top.env.scb [BRESP] Matched : exp_bresp= 0 actual_bresp=0 write = 1 read = 0
UVM_INFO axi4_lite_subscriber.sv(40) @ 46965: uvm_test_top.env.sb [sb] INPUT COVERAGE = 100.00 %
UVM_INFO axi4_lite_inp_monitor.sv(44) @ 46965: uvm_test_top.env.aa.inp_mon [INPUT MONITOR]  WRITE awaddr=0000002c wdata=3e8e0474 wstrb=0001 
UVM_INFO axi4_lite_out_monitor.sv(28) @ 46985: uvm_test_top.env.pa.out_mon [OUTPUT MONITOR] BRESP = 2 RRESP = 0 RDATA = 00000000
UVM_INFO axi4_lite_driver.sv(34) @ 46985: uvm_test_top.env.aa.drv [DRV] awaddr = 0000002c wdata = 3e8e0474 wstrb = 1 araddr = 8d81c0d4
UVM_INFO axi4_lite_scoreboard.sv(52) @ 46985: uvm_test_top.env.scb [BRESP] Matched : exp_bresp= 2 actual_bresp=2 write = 1 read = 0
UVM_INFO axi4_lite_subscriber.sv(40) @ 47025: uvm_test_top.env.sb [sb] INPUT COVERAGE = 100.00 %
UVM_INFO axi4_lite_inp_monitor.sv(44) @ 47025: uvm_test_top.env.aa.inp_mon [INPUT MONITOR]  WRITE awaddr=00000020 wdata=426ce58c wstrb=0101 
UVM_INFO axi4_lite_out_monitor.sv(28) @ 47045: uvm_test_top.env.pa.out_mon [OUTPUT MONITOR] BRESP = 0 RRESP = 0 RDATA = 00000000
UVM_INFO axi4_lite_driver.sv(34) @ 47045: uvm_test_top.env.aa.drv [DRV] awaddr = 00000020 wdata = 426ce58c wstrb = 5 araddr = 6391d080
UVM_INFO axi4_lite_scoreboard.sv(52) @ 47045: uvm_test_top.env.scb [BRESP] Matched : exp_bresp= 0 actual_bresp=0 write = 1 read = 0
UVM_INFO axi4_lite_subscriber.sv(40) @ 47085: uvm_test_top.env.sb [sb] INPUT COVERAGE = 100.00 %
UVM_INFO axi4_lite_inp_monitor.sv(44) @ 47085: uvm_test_top.env.aa.inp_mon [INPUT MONITOR]  WRITE awaddr=00000018 wdata=76e12fb4 wstrb=1101 
UVM_INFO axi4_lite_out_monitor.sv(28) @ 47105: uvm_test_top.env.pa.out_mon [OUTPUT MONITOR] BRESP = 0 RRESP = 0 RDATA = 00000000
UVM_INFO axi4_lite_driver.sv(34) @ 47105: uvm_test_top.env.aa.drv [DRV] awaddr = 00000018 wdata = 76e12fb4 wstrb = d araddr = 12e513a8
UVM_INFO axi4_lite_scoreboard.sv(52) @ 47105: uvm_test_top.env.scb [BRESP] Matched : exp_bresp= 0 actual_bresp=0 write = 1 read = 0
UVM_INFO axi4_lite_subscriber.sv(40) @ 47135: uvm_test_top.env.sb [sb] INPUT COVERAGE = 100.00 %
UVM_INFO axi4_lite_inp_monitor.sv(44) @ 47135: uvm_test_top.env.aa.inp_mon [INPUT MONITOR]  WRITE awaddr=00000034 wdata=4a83b610 wstrb=0111 
UVM_INFO axi4_lite_out_monitor.sv(28) @ 47155: uvm_test_top.env.pa.out_mon [OUTPUT MONITOR] BRESP = 0 RRESP = 0 RDATA = 00000000
UVM_INFO axi4_lite_driver.sv(34) @ 47155: uvm_test_top.env.aa.drv [DRV] awaddr = 00000034 wdata = 4a83b610 wstrb = 7 araddr = 52208830
UVM_INFO axi4_lite_scoreboard.sv(52) @ 47155: uvm_test_top.env.scb [BRESP] Matched : exp_bresp= 0 actual_bresp=0 write = 1 read = 0
UVM_INFO axi4_lite_subscriber.sv(40) @ 47185: uvm_test_top.env.sb [sb] INPUT COVERAGE = 100.00 %
UVM_INFO axi4_lite_inp_monitor.sv(44) @ 47185: uvm_test_top.env.aa.inp_mon [INPUT MONITOR]  WRITE awaddr=00000020 wdata=2a1d19d7 wstrb=0001 
UVM_INFO axi4_lite_out_monitor.sv(28) @ 47205: uvm_test_top.env.pa.out_mon [OUTPUT MONITOR] BRESP = 0 RRESP = 0 RDATA = 00000000
UVM_INFO axi4_lite_driver.sv(34) @ 47205: uvm_test_top.env.aa.drv [DRV] awaddr = 00000020 wdata = 2a1d19d7 wstrb = 1 araddr = 3c4c4124
UVM_INFO axi4_lite_scoreboard.sv(52) @ 47205: uvm_test_top.env.scb [BRESP] Matched : exp_bresp= 0 actual_bresp=0 write = 1 read = 0
UVM_INFO axi4_lite_subscriber.sv(40) @ 47245: uvm_test_top.env.sb [sb] INPUT COVERAGE = 100.00 %
UVM_INFO axi4_lite_inp_monitor.sv(44) @ 47245: uvm_test_top.env.aa.inp_mon [INPUT MONITOR]  WRITE awaddr=00000000 wdata=204fc742 wstrb=1001 
UVM_INFO axi4_lite_out_monitor.sv(28) @ 47265: uvm_test_top.env.pa.out_mon [OUTPUT MONITOR] BRESP = 0 RRESP = 0 RDATA = 00000000
UVM_INFO axi4_lite_driver.sv(34) @ 47265: uvm_test_top.env.aa.drv [DRV] awaddr = 00000000 wdata = 204fc742 wstrb = 9 araddr = 3dc8417c
UVM_INFO axi4_lite_scoreboard.sv(52) @ 47265: uvm_test_top.env.scb [BRESP] Matched : exp_bresp= 0 actual_bresp=0 write = 1 read = 0
UVM_INFO axi4_lite_subscriber.sv(40) @ 47305: uvm_test_top.env.sb [sb] INPUT COVERAGE = 100.00 %
UVM_INFO axi4_lite_inp_monitor.sv(44) @ 47305: uvm_test_top.env.aa.inp_mon [INPUT MONITOR]  WRITE awaddr=00000014 wdata=3333fd58 wstrb=1001 
UVM_INFO axi4_lite_out_monitor.sv(28) @ 47325: uvm_test_top.env.pa.out_mon [OUTPUT MONITOR] BRESP = 0 RRESP = 0 RDATA = 00000000
UVM_INFO axi4_lite_driver.sv(34) @ 47325: uvm_test_top.env.aa.drv [DRV] awaddr = 00000014 wdata = 3333fd58 wstrb = 9 araddr = a4ca09fc
UVM_INFO axi4_lite_scoreboard.sv(52) @ 47325: uvm_test_top.env.scb [BRESP] Matched : exp_bresp= 0 actual_bresp=0 write = 1 read = 0
UVM_INFO axi4_lite_subscriber.sv(40) @ 47355: uvm_test_top.env.sb [sb] INPUT COVERAGE = 100.00 %
UVM_INFO axi4_lite_inp_monitor.sv(44) @ 47355: uvm_test_top.env.aa.inp_mon [INPUT MONITOR]  WRITE awaddr=00000030 wdata=4d5fe1a6 wstrb=0111 
UVM_INFO axi4_lite_out_monitor.sv(28) @ 47375: uvm_test_top.env.pa.out_mon [OUTPUT MONITOR] BRESP = 2 RRESP = 0 RDATA = 00000000
UVM_INFO axi4_lite_driver.sv(34) @ 47375: uvm_test_top.env.aa.drv [DRV] awaddr = 00000030 wdata = 4d5fe1a6 wstrb = 7 araddr = 1249b744
UVM_INFO axi4_lite_scoreboard.sv(52) @ 47375: uvm_test_top.env.scb [BRESP] Matched : exp_bresp= 2 actual_bresp=2 write = 1 read = 0
UVM_INFO axi4_lite_subscriber.sv(40) @ 47425: uvm_test_top.env.sb [sb] INPUT COVERAGE = 100.00 %
UVM_INFO axi4_lite_inp_monitor.sv(44) @ 47425: uvm_test_top.env.aa.inp_mon [INPUT MONITOR]  WRITE awaddr=0000001c wdata=db19ef92 wstrb=1011 
UVM_INFO axi4_lite_out_monitor.sv(28) @ 47445: uvm_test_top.env.pa.out_mon [OUTPUT MONITOR] BRESP = 0 RRESP = 0 RDATA = 00000000
UVM_INFO axi4_lite_driver.sv(34) @ 47445: uvm_test_top.env.aa.drv [DRV] awaddr = 0000001c wdata = db19ef92 wstrb = b araddr = 44cc2a6c
UVM_INFO axi4_lite_scoreboard.sv(52) @ 47445: uvm_test_top.env.scb [BRESP] Matched : exp_bresp= 0 actual_bresp=0 write = 1 read = 0
UVM_INFO axi4_lite_subscriber.sv(40) @ 47475: uvm_test_top.env.sb [sb] INPUT COVERAGE = 100.00 %
UVM_INFO axi4_lite_inp_monitor.sv(44) @ 47475: uvm_test_top.env.aa.inp_mon [INPUT MONITOR]  WRITE awaddr=00000020 wdata=815ff19d wstrb=1111 
UVM_INFO axi4_lite_out_monitor.sv(28) @ 47495: uvm_test_top.env.pa.out_mon [OUTPUT MONITOR] BRESP = 0 RRESP = 0 RDATA = 00000000
UVM_INFO axi4_lite_driver.sv(34) @ 47495: uvm_test_top.env.aa.drv [DRV] awaddr = 00000020 wdata = 815ff19d wstrb = f araddr = c3fafb08
UVM_INFO axi4_lite_scoreboard.sv(52) @ 47495: uvm_test_top.env.scb [BRESP] Matched : exp_bresp= 0 actual_bresp=0 write = 1 read = 0
UVM_INFO axi4_lite_subscriber.sv(40) @ 47545: uvm_test_top.env.sb [sb] INPUT COVERAGE = 100.00 %
UVM_INFO axi4_lite_inp_monitor.sv(44) @ 47545: uvm_test_top.env.aa.inp_mon [INPUT MONITOR]  WRITE awaddr=00000000 wdata=30a46272 wstrb=0001 
UVM_INFO axi4_lite_out_monitor.sv(28) @ 47565: uvm_test_top.env.pa.out_mon [OUTPUT MONITOR] BRESP = 0 RRESP = 0 RDATA = 00000000
UVM_INFO axi4_lite_driver.sv(34) @ 47565: uvm_test_top.env.aa.drv [DRV] awaddr = 00000000 wdata = 30a46272 wstrb = 1 araddr = 6f006d98
UVM_INFO axi4_lite_scoreboard.sv(52) @ 47565: uvm_test_top.env.scb [BRESP] Matched : exp_bresp= 0 actual_bresp=0 write = 1 read = 0
UVM_INFO axi4_lite_subscriber.sv(40) @ 47605: uvm_test_top.env.sb [sb] INPUT COVERAGE = 100.00 %
UVM_INFO axi4_lite_inp_monitor.sv(44) @ 47605: uvm_test_top.env.aa.inp_mon [INPUT MONITOR]  WRITE awaddr=00000030 wdata=c47fcfb7 wstrb=0101 
UVM_INFO axi4_lite_out_monitor.sv(28) @ 47625: uvm_test_top.env.pa.out_mon [OUTPUT MONITOR] BRESP = 2 RRESP = 0 RDATA = 00000000
UVM_INFO axi4_lite_driver.sv(34) @ 47625: uvm_test_top.env.aa.drv [DRV] awaddr = 00000030 wdata = c47fcfb7 wstrb = 5 araddr = 1e399664
UVM_INFO axi4_lite_scoreboard.sv(52) @ 47625: uvm_test_top.env.scb [BRESP] Matched : exp_bresp= 2 actual_bresp=2 write = 1 read = 0
UVM_INFO axi4_lite_subscriber.sv(40) @ 47645: uvm_test_top.env.sb [sb] INPUT COVERAGE = 100.00 %
UVM_INFO axi4_lite_inp_monitor.sv(44) @ 47645: uvm_test_top.env.aa.inp_mon [INPUT MONITOR]  WRITE awaddr=00000020 wdata=b737ca09 wstrb=0001 
UVM_INFO axi4_lite_out_monitor.sv(28) @ 47665: uvm_test_top.env.pa.out_mon [OUTPUT MONITOR] BRESP = 0 RRESP = 0 RDATA = 00000000
UVM_INFO axi4_lite_driver.sv(34) @ 47665: uvm_test_top.env.aa.drv [DRV] awaddr = 00000020 wdata = b737ca09 wstrb = 1 araddr = abc12324
UVM_INFO axi4_lite_scoreboard.sv(52) @ 47665: uvm_test_top.env.scb [BRESP] Matched : exp_bresp= 0 actual_bresp=0 write = 1 read = 0
UVM_INFO axi4_lite_subscriber.sv(40) @ 47685: uvm_test_top.env.sb [sb] INPUT COVERAGE = 100.00 %
UVM_INFO axi4_lite_inp_monitor.sv(44) @ 47685: uvm_test_top.env.aa.inp_mon [INPUT MONITOR]  WRITE awaddr=00000004 wdata=69c9a5e8 wstrb=0111 
UVM_INFO axi4_lite_out_monitor.sv(28) @ 47705: uvm_test_top.env.pa.out_mon [OUTPUT MONITOR] BRESP = 0 RRESP = 0 RDATA = 00000000
UVM_INFO axi4_lite_driver.sv(34) @ 47705: uvm_test_top.env.aa.drv [DRV] awaddr = 00000004 wdata = 69c9a5e8 wstrb = 7 araddr = 6865ba14
UVM_INFO axi4_lite_scoreboard.sv(52) @ 47705: uvm_test_top.env.scb [BRESP] Matched : exp_bresp= 0 actual_bresp=0 write = 1 read = 0
UVM_INFO axi4_lite_subscriber.sv(40) @ 47735: uvm_test_top.env.sb [sb] INPUT COVERAGE = 100.00 %
UVM_INFO axi4_lite_inp_monitor.sv(44) @ 47735: uvm_test_top.env.aa.inp_mon [INPUT MONITOR]  WRITE awaddr=00000034 wdata=508c4f6f wstrb=1011 
UVM_INFO axi4_lite_out_monitor.sv(28) @ 47755: uvm_test_top.env.pa.out_mon [OUTPUT MONITOR] BRESP = 0 RRESP = 0 RDATA = 00000000
UVM_INFO axi4_lite_driver.sv(34) @ 47755: uvm_test_top.env.aa.drv [DRV] awaddr = 00000034 wdata = 508c4f6f wstrb = b araddr = 3eaae93c
UVM_INFO axi4_lite_scoreboard.sv(52) @ 47755: uvm_test_top.env.scb [BRESP] Matched : exp_bresp= 0 actual_bresp=0 write = 1 read = 0
UVM_INFO axi4_lite_subscriber.sv(40) @ 47785: uvm_test_top.env.sb [sb] INPUT COVERAGE = 100.00 %
UVM_INFO axi4_lite_inp_monitor.sv(44) @ 47785: uvm_test_top.env.aa.inp_mon [INPUT MONITOR]  WRITE awaddr=0000000c wdata=41d569b1 wstrb=1000 
UVM_INFO axi4_lite_out_monitor.sv(28) @ 47805: uvm_test_top.env.pa.out_mon [OUTPUT MONITOR] BRESP = 0 RRESP = 0 RDATA = 00000000
UVM_INFO axi4_lite_driver.sv(34) @ 47805: uvm_test_top.env.aa.drv [DRV] awaddr = 0000000c wdata = 41d569b1 wstrb = 8 araddr = ebe43fb0
UVM_INFO axi4_lite_scoreboard.sv(52) @ 47805: uvm_test_top.env.scb [BRESP] Matched : exp_bresp= 0 actual_bresp=0 write = 1 read = 0
UVM_INFO axi4_lite_subscriber.sv(40) @ 47825: uvm_test_top.env.sb [sb] INPUT COVERAGE = 100.00 %
UVM_INFO axi4_lite_inp_monitor.sv(44) @ 47825: uvm_test_top.env.aa.inp_mon [INPUT MONITOR]  WRITE awaddr=00000014 wdata=2f34de21 wstrb=1100 
UVM_INFO axi4_lite_out_monitor.sv(28) @ 47845: uvm_test_top.env.pa.out_mon [OUTPUT MONITOR] BRESP = 0 RRESP = 0 RDATA = 00000000
UVM_INFO axi4_lite_driver.sv(34) @ 47845: uvm_test_top.env.aa.drv [DRV] awaddr = 00000014 wdata = 2f34de21 wstrb = c araddr = 09480004
UVM_INFO axi4_lite_scoreboard.sv(52) @ 47845: uvm_test_top.env.scb [BRESP] Matched : exp_bresp= 0 actual_bresp=0 write = 1 read = 0
UVM_INFO axi4_lite_subscriber.sv(40) @ 47865: uvm_test_top.env.sb [sb] INPUT COVERAGE = 100.00 %
UVM_INFO axi4_lite_inp_monitor.sv(44) @ 47865: uvm_test_top.env.aa.inp_mon [INPUT MONITOR]  WRITE awaddr=00000008 wdata=e7701e6e wstrb=1001 
UVM_INFO axi4_lite_out_monitor.sv(28) @ 47885: uvm_test_top.env.pa.out_mon [OUTPUT MONITOR] BRESP = 0 RRESP = 0 RDATA = 00000000
UVM_INFO axi4_lite_driver.sv(34) @ 47885: uvm_test_top.env.aa.drv [DRV] awaddr = 00000008 wdata = e7701e6e wstrb = 9 araddr = a9fc46d0
UVM_INFO axi4_lite_scoreboard.sv(52) @ 47885: uvm_test_top.env.scb [BRESP] Matched : exp_bresp= 0 actual_bresp=0 write = 1 read = 0
Addr with data delay completed
UVM_INFO axi4_lite_subscriber.sv(40) @ 47915: uvm_test_top.env.sb [sb] INPUT COVERAGE = 100.00 %
UVM_INFO axi4_lite_inp_monitor.sv(44) @ 47915: uvm_test_top.env.aa.inp_mon [INPUT MONITOR]  WRITE awaddr=00000028 wdata=0682a9af wstrb=0110 
UVM_INFO axi4_lite_out_monitor.sv(28) @ 47935: uvm_test_top.env.pa.out_mon [OUTPUT MONITOR] BRESP = 2 RRESP = 0 RDATA = 00000000
UVM_INFO axi4_lite_driver.sv(34) @ 47935: uvm_test_top.env.aa.drv [DRV] awaddr = 00000028 wdata = 0682a9af wstrb = 6 araddr = 28469030
UVM_INFO axi4_lite_scoreboard.sv(52) @ 47935: uvm_test_top.env.scb [BRESP] Matched : exp_bresp= 2 actual_bresp=2 write = 1 read = 0
UVM_INFO axi4_lite_subscriber.sv(40) @ 47985: uvm_test_top.env.sb [sb] INPUT COVERAGE = 100.00 %
UVM_INFO axi4_lite_inp_monitor.sv(44) @ 47985: uvm_test_top.env.aa.inp_mon [INPUT MONITOR]  WRITE awaddr=00000034 wdata=dd063eb5 wstrb=1100 
UVM_INFO axi4_lite_out_monitor.sv(28) @ 48005: uvm_test_top.env.pa.out_mon [OUTPUT MONITOR] BRESP = 0 RRESP = 0 RDATA = 00000000
UVM_INFO axi4_lite_driver.sv(34) @ 48005: uvm_test_top.env.aa.drv [DRV] awaddr = 00000034 wdata = dd063eb5 wstrb = c araddr = 1712a980
UVM_INFO axi4_lite_scoreboard.sv(52) @ 48005: uvm_test_top.env.scb [BRESP] Matched : exp_bresp= 0 actual_bresp=0 write = 1 read = 0
UVM_INFO axi4_lite_subscriber.sv(40) @ 48055: uvm_test_top.env.sb [sb] INPUT COVERAGE = 100.00 %
UVM_INFO axi4_lite_inp_monitor.sv(44) @ 48055: uvm_test_top.env.aa.inp_mon [INPUT MONITOR]  WRITE awaddr=00000008 wdata=f8ec50b0 wstrb=0111 
UVM_INFO axi4_lite_out_monitor.sv(28) @ 48075: uvm_test_top.env.pa.out_mon [OUTPUT MONITOR] BRESP = 0 RRESP = 0 RDATA = 00000000
UVM_INFO axi4_lite_driver.sv(34) @ 48075: uvm_test_top.env.aa.drv [DRV] awaddr = 00000008 wdata = f8ec50b0 wstrb = 7 araddr = b482c22c
UVM_INFO axi4_lite_scoreboard.sv(52) @ 48075: uvm_test_top.env.scb [BRESP] Matched : exp_bresp= 0 actual_bresp=0 write = 1 read = 0
UVM_INFO axi4_lite_subscriber.sv(40) @ 48125: uvm_test_top.env.sb [sb] INPUT COVERAGE = 100.00 %
UVM_INFO axi4_lite_inp_monitor.sv(44) @ 48125: uvm_test_top.env.aa.inp_mon [INPUT MONITOR]  WRITE awaddr=00000024 wdata=b061d96d wstrb=0001 
UVM_INFO axi4_lite_out_monitor.sv(28) @ 48145: uvm_test_top.env.pa.out_mon [OUTPUT MONITOR] BRESP = 0 RRESP = 0 RDATA = 00000000
UVM_INFO axi4_lite_driver.sv(34) @ 48145: uvm_test_top.env.aa.drv [DRV] awaddr = 00000024 wdata = b061d96d wstrb = 1 araddr = 2a406d90
UVM_INFO axi4_lite_scoreboard.sv(52) @ 48145: uvm_test_top.env.scb [BRESP] Matched : exp_bresp= 0 actual_bresp=0 write = 1 read = 0
UVM_INFO axi4_lite_subscriber.sv(40) @ 48185: uvm_test_top.env.sb [sb] INPUT COVERAGE = 100.00 %
UVM_INFO axi4_lite_inp_monitor.sv(44) @ 48185: uvm_test_top.env.aa.inp_mon [INPUT MONITOR]  WRITE awaddr=00000034 wdata=7ac9bb0d wstrb=0111 
UVM_INFO axi4_lite_out_monitor.sv(28) @ 48205: uvm_test_top.env.pa.out_mon [OUTPUT MONITOR] BRESP = 0 RRESP = 0 RDATA = 00000000
UVM_INFO axi4_lite_driver.sv(34) @ 48205: uvm_test_top.env.aa.drv [DRV] awaddr = 00000034 wdata = 7ac9bb0d wstrb = 7 araddr = 75fb1634
UVM_INFO axi4_lite_scoreboard.sv(52) @ 48205: uvm_test_top.env.scb [BRESP] Matched : exp_bresp= 0 actual_bresp=0 write = 1 read = 0
UVM_INFO axi4_lite_subscriber.sv(40) @ 48255: uvm_test_top.env.sb [sb] INPUT COVERAGE = 100.00 %
UVM_INFO axi4_lite_inp_monitor.sv(44) @ 48255: uvm_test_top.env.aa.inp_mon [INPUT MONITOR]  WRITE awaddr=00000024 wdata=d7035665 wstrb=0101 
UVM_INFO axi4_lite_out_monitor.sv(28) @ 48275: uvm_test_top.env.pa.out_mon [OUTPUT MONITOR] BRESP = 0 RRESP = 0 RDATA = 00000000
UVM_INFO axi4_lite_driver.sv(34) @ 48275: uvm_test_top.env.aa.drv [DRV] awaddr = 00000024 wdata = d7035665 wstrb = 5 araddr = 3ab386ec
UVM_INFO axi4_lite_scoreboard.sv(52) @ 48275: uvm_test_top.env.scb [BRESP] Matched : exp_bresp= 0 actual_bresp=0 write = 1 read = 0
UVM_INFO axi4_lite_subscriber.sv(40) @ 48305: uvm_test_top.env.sb [sb] INPUT COVERAGE = 100.00 %
UVM_INFO axi4_lite_inp_monitor.sv(44) @ 48305: uvm_test_top.env.aa.inp_mon [INPUT MONITOR]  WRITE awaddr=00000034 wdata=cadeb3dc wstrb=1110 
UVM_INFO axi4_lite_out_monitor.sv(28) @ 48325: uvm_test_top.env.pa.out_mon [OUTPUT MONITOR] BRESP = 0 RRESP = 0 RDATA = 00000000
UVM_INFO axi4_lite_driver.sv(34) @ 48325: uvm_test_top.env.aa.drv [DRV] awaddr = 00000034 wdata = cadeb3dc wstrb = e araddr = c9f9667c
UVM_INFO axi4_lite_scoreboard.sv(52) @ 48325: uvm_test_top.env.scb [BRESP] Matched : exp_bresp= 0 actual_bresp=0 write = 1 read = 0
UVM_INFO axi4_lite_subscriber.sv(40) @ 48355: uvm_test_top.env.sb [sb] INPUT COVERAGE = 100.00 %
UVM_INFO axi4_lite_inp_monitor.sv(44) @ 48355: uvm_test_top.env.aa.inp_mon [INPUT MONITOR]  WRITE awaddr=00000034 wdata=e98a3edf wstrb=0110 
UVM_INFO axi4_lite_out_monitor.sv(28) @ 48375: uvm_test_top.env.pa.out_mon [OUTPUT MONITOR] BRESP = 0 RRESP = 0 RDATA = 00000000
UVM_INFO axi4_lite_driver.sv(34) @ 48375: uvm_test_top.env.aa.drv [DRV] awaddr = 00000034 wdata = e98a3edf wstrb = 6 araddr = 7889ea78
UVM_INFO axi4_lite_scoreboard.sv(52) @ 48375: uvm_test_top.env.scb [BRESP] Matched : exp_bresp= 0 actual_bresp=0 write = 1 read = 0
UVM_INFO axi4_lite_subscriber.sv(40) @ 48405: uvm_test_top.env.sb [sb] INPUT COVERAGE = 100.00 %
UVM_INFO axi4_lite_inp_monitor.sv(44) @ 48405: uvm_test_top.env.aa.inp_mon [INPUT MONITOR]  WRITE awaddr=00000004 wdata=697c1a2e wstrb=0001 
UVM_INFO axi4_lite_out_monitor.sv(28) @ 48425: uvm_test_top.env.pa.out_mon [OUTPUT MONITOR] BRESP = 0 RRESP = 0 RDATA = 00000000
UVM_INFO axi4_lite_driver.sv(34) @ 48425: uvm_test_top.env.aa.drv [DRV] awaddr = 00000004 wdata = 697c1a2e wstrb = 1 araddr = 38f26314
UVM_INFO axi4_lite_scoreboard.sv(52) @ 48425: uvm_test_top.env.scb [BRESP] Matched : exp_bresp= 0 actual_bresp=0 write = 1 read = 0
UVM_INFO axi4_lite_subscriber.sv(40) @ 48455: uvm_test_top.env.sb [sb] INPUT COVERAGE = 100.00 %
UVM_INFO axi4_lite_inp_monitor.sv(44) @ 48455: uvm_test_top.env.aa.inp_mon [INPUT MONITOR]  WRITE awaddr=00000004 wdata=146b20ef wstrb=0111 
UVM_INFO axi4_lite_out_monitor.sv(28) @ 48475: uvm_test_top.env.pa.out_mon [OUTPUT MONITOR] BRESP = 0 RRESP = 0 RDATA = 00000000
UVM_INFO axi4_lite_driver.sv(34) @ 48475: uvm_test_top.env.aa.drv [DRV] awaddr = 00000004 wdata = 146b20ef wstrb = 7 araddr = ebc50764
UVM_INFO axi4_lite_scoreboard.sv(52) @ 48475: uvm_test_top.env.scb [BRESP] Matched : exp_bresp= 0 actual_bresp=0 write = 1 read = 0
UVM_INFO axi4_lite_subscriber.sv(40) @ 48495: uvm_test_top.env.sb [sb] INPUT COVERAGE = 100.00 %
UVM_INFO axi4_lite_inp_monitor.sv(44) @ 48495: uvm_test_top.env.aa.inp_mon [INPUT MONITOR]  WRITE awaddr=00000010 wdata=1845806a wstrb=0100 
UVM_INFO axi4_lite_out_monitor.sv(28) @ 48515: uvm_test_top.env.pa.out_mon [OUTPUT MONITOR] BRESP = 0 RRESP = 0 RDATA = 00000000
UVM_INFO axi4_lite_driver.sv(34) @ 48515: uvm_test_top.env.aa.drv [DRV] awaddr = 00000010 wdata = 1845806a wstrb = 4 araddr = a3a373f4
UVM_INFO axi4_lite_scoreboard.sv(52) @ 48515: uvm_test_top.env.scb [BRESP] Matched : exp_bresp= 0 actual_bresp=0 write = 1 read = 0
UVM_INFO axi4_lite_subscriber.sv(40) @ 48565: uvm_test_top.env.sb [sb] INPUT COVERAGE = 100.00 %
UVM_INFO axi4_lite_inp_monitor.sv(44) @ 48565: uvm_test_top.env.aa.inp_mon [INPUT MONITOR]  WRITE awaddr=00000038 wdata=5f6ee3c1 wstrb=1100 
UVM_INFO axi4_lite_out_monitor.sv(28) @ 48585: uvm_test_top.env.pa.out_mon [OUTPUT MONITOR] BRESP = 0 RRESP = 0 RDATA = 00000000
UVM_INFO axi4_lite_driver.sv(34) @ 48585: uvm_test_top.env.aa.drv [DRV] awaddr = 00000038 wdata = 5f6ee3c1 wstrb = c araddr = 38a9cab8
UVM_INFO axi4_lite_scoreboard.sv(52) @ 48585: uvm_test_top.env.scb [BRESP] Matched : exp_bresp= 0 actual_bresp=0 write = 1 read = 0
UVM_INFO axi4_lite_subscriber.sv(40) @ 48625: uvm_test_top.env.sb [sb] INPUT COVERAGE = 100.00 %
UVM_INFO axi4_lite_inp_monitor.sv(44) @ 48625: uvm_test_top.env.aa.inp_mon [INPUT MONITOR]  WRITE awaddr=00000014 wdata=e66d5c26 wstrb=1110 
UVM_INFO axi4_lite_out_monitor.sv(28) @ 48645: uvm_test_top.env.pa.out_mon [OUTPUT MONITOR] BRESP = 0 RRESP = 0 RDATA = 00000000
UVM_INFO axi4_lite_driver.sv(34) @ 48645: uvm_test_top.env.aa.drv [DRV] awaddr = 00000014 wdata = e66d5c26 wstrb = e araddr = 6c84ed0c
UVM_INFO axi4_lite_scoreboard.sv(52) @ 48645: uvm_test_top.env.scb [BRESP] Matched : exp_bresp= 0 actual_bresp=0 write = 1 read = 0
UVM_INFO axi4_lite_subscriber.sv(40) @ 48685: uvm_test_top.env.sb [sb] INPUT COVERAGE = 100.00 %
UVM_INFO axi4_lite_inp_monitor.sv(44) @ 48685: uvm_test_top.env.aa.inp_mon [INPUT MONITOR]  WRITE awaddr=00000010 wdata=f2d086b3 wstrb=0010 
UVM_INFO axi4_lite_out_monitor.sv(28) @ 48705: uvm_test_top.env.pa.out_mon [OUTPUT MONITOR] BRESP = 0 RRESP = 0 RDATA = 00000000
UVM_INFO axi4_lite_driver.sv(34) @ 48705: uvm_test_top.env.aa.drv [DRV] awaddr = 00000010 wdata = f2d086b3 wstrb = 2 araddr = d00e0938
UVM_INFO axi4_lite_scoreboard.sv(52) @ 48705: uvm_test_top.env.scb [BRESP] Matched : exp_bresp= 0 actual_bresp=0 write = 1 read = 0
UVM_INFO axi4_lite_subscriber.sv(40) @ 48755: uvm_test_top.env.sb [sb] INPUT COVERAGE = 100.00 %
UVM_INFO axi4_lite_inp_monitor.sv(44) @ 48755: uvm_test_top.env.aa.inp_mon [INPUT MONITOR]  WRITE awaddr=00000018 wdata=395ef576 wstrb=1000 
UVM_INFO axi4_lite_out_monitor.sv(28) @ 48775: uvm_test_top.env.pa.out_mon [OUTPUT MONITOR] BRESP = 0 RRESP = 0 RDATA = 00000000
UVM_INFO axi4_lite_driver.sv(34) @ 48775: uvm_test_top.env.aa.drv [DRV] awaddr = 00000018 wdata = 395ef576 wstrb = 8 araddr = 2cfed084
UVM_INFO axi4_lite_scoreboard.sv(52) @ 48775: uvm_test_top.env.scb [BRESP] Matched : exp_bresp= 0 actual_bresp=0 write = 1 read = 0
UVM_INFO axi4_lite_subscriber.sv(40) @ 48795: uvm_test_top.env.sb [sb] INPUT COVERAGE = 100.00 %
UVM_INFO axi4_lite_inp_monitor.sv(44) @ 48795: uvm_test_top.env.aa.inp_mon [INPUT MONITOR]  WRITE awaddr=00000000 wdata=0415f363 wstrb=0000 
UVM_INFO axi4_lite_out_monitor.sv(28) @ 48815: uvm_test_top.env.pa.out_mon [OUTPUT MONITOR] BRESP = 0 RRESP = 0 RDATA = 00000000
UVM_INFO axi4_lite_driver.sv(34) @ 48815: uvm_test_top.env.aa.drv [DRV] awaddr = 00000000 wdata = 0415f363 wstrb = 0 araddr = 2ddd4980
UVM_INFO axi4_lite_scoreboard.sv(52) @ 48815: uvm_test_top.env.scb [BRESP] Matched : exp_bresp= 0 actual_bresp=0 write = 1 read = 0
UVM_INFO axi4_lite_subscriber.sv(40) @ 48865: uvm_test_top.env.sb [sb] INPUT COVERAGE = 100.00 %
UVM_INFO axi4_lite_inp_monitor.sv(44) @ 48865: uvm_test_top.env.aa.inp_mon [INPUT MONITOR]  WRITE awaddr=0000000c wdata=baa1145c wstrb=0100 
UVM_INFO axi4_lite_out_monitor.sv(28) @ 48885: uvm_test_top.env.pa.out_mon [OUTPUT MONITOR] BRESP = 0 RRESP = 0 RDATA = 00000000
UVM_INFO axi4_lite_driver.sv(34) @ 48885: uvm_test_top.env.aa.drv [DRV] awaddr = 0000000c wdata = baa1145c wstrb = 4 araddr = 01e00bac
UVM_INFO axi4_lite_scoreboard.sv(52) @ 48885: uvm_test_top.env.scb [BRESP] Matched : exp_bresp= 0 actual_bresp=0 write = 1 read = 0
UVM_INFO axi4_lite_subscriber.sv(40) @ 48925: uvm_test_top.env.sb [sb] INPUT COVERAGE = 100.00 %
UVM_INFO axi4_lite_inp_monitor.sv(44) @ 48925: uvm_test_top.env.aa.inp_mon [INPUT MONITOR]  WRITE awaddr=00000014 wdata=2d5e88e1 wstrb=0110 
UVM_INFO axi4_lite_out_monitor.sv(28) @ 48945: uvm_test_top.env.pa.out_mon [OUTPUT MONITOR] BRESP = 0 RRESP = 0 RDATA = 00000000
UVM_INFO axi4_lite_driver.sv(34) @ 48945: uvm_test_top.env.aa.drv [DRV] awaddr = 00000014 wdata = 2d5e88e1 wstrb = 6 araddr = db8aba44
UVM_INFO axi4_lite_scoreboard.sv(52) @ 48945: uvm_test_top.env.scb [BRESP] Matched : exp_bresp= 0 actual_bresp=0 write = 1 read = 0
UVM_INFO axi4_lite_subscriber.sv(40) @ 48995: uvm_test_top.env.sb [sb] INPUT COVERAGE = 100.00 %
UVM_INFO axi4_lite_inp_monitor.sv(44) @ 48995: uvm_test_top.env.aa.inp_mon [INPUT MONITOR]  WRITE awaddr=00000008 wdata=bf797857 wstrb=0011 
UVM_INFO axi4_lite_out_monitor.sv(28) @ 49015: uvm_test_top.env.pa.out_mon [OUTPUT MONITOR] BRESP = 0 RRESP = 0 RDATA = 00000000
UVM_INFO axi4_lite_driver.sv(34) @ 49015: uvm_test_top.env.aa.drv [DRV] awaddr = 00000008 wdata = bf797857 wstrb = 3 araddr = 669bc738
UVM_INFO axi4_lite_scoreboard.sv(52) @ 49015: uvm_test_top.env.scb [BRESP] Matched : exp_bresp= 0 actual_bresp=0 write = 1 read = 0
UVM_INFO axi4_lite_subscriber.sv(40) @ 49055: uvm_test_top.env.sb [sb] INPUT COVERAGE = 100.00 %
UVM_INFO axi4_lite_inp_monitor.sv(44) @ 49055: uvm_test_top.env.aa.inp_mon [INPUT MONITOR]  WRITE awaddr=0000000c wdata=0f301e0f wstrb=1100 
UVM_INFO axi4_lite_out_monitor.sv(28) @ 49075: uvm_test_top.env.pa.out_mon [OUTPUT MONITOR] BRESP = 0 RRESP = 0 RDATA = 00000000
UVM_INFO axi4_lite_driver.sv(34) @ 49075: uvm_test_top.env.aa.drv [DRV] awaddr = 0000000c wdata = 0f301e0f wstrb = c araddr = 8b077dac
UVM_INFO axi4_lite_scoreboard.sv(52) @ 49075: uvm_test_top.env.scb [BRESP] Matched : exp_bresp= 0 actual_bresp=0 write = 1 read = 0
UVM_INFO axi4_lite_subscriber.sv(40) @ 49125: uvm_test_top.env.sb [sb] INPUT COVERAGE = 100.00 %
UVM_INFO axi4_lite_inp_monitor.sv(44) @ 49125: uvm_test_top.env.aa.inp_mon [INPUT MONITOR]  WRITE awaddr=00000008 wdata=7e27947f wstrb=1001 
UVM_INFO axi4_lite_out_monitor.sv(28) @ 49145: uvm_test_top.env.pa.out_mon [OUTPUT MONITOR] BRESP = 0 RRESP = 0 RDATA = 00000000
UVM_INFO axi4_lite_driver.sv(34) @ 49145: uvm_test_top.env.aa.drv [DRV] awaddr = 00000008 wdata = 7e27947f wstrb = 9 araddr = 7f733180
UVM_INFO axi4_lite_scoreboard.sv(52) @ 49145: uvm_test_top.env.scb [BRESP] Matched : exp_bresp= 0 actual_bresp=0 write = 1 read = 0
UVM_INFO axi4_lite_subscriber.sv(40) @ 49185: uvm_test_top.env.sb [sb] INPUT COVERAGE = 100.00 %
UVM_INFO axi4_lite_inp_monitor.sv(44) @ 49185: uvm_test_top.env.aa.inp_mon [INPUT MONITOR]  WRITE awaddr=0000000c wdata=ff2fee75 wstrb=1010 
UVM_INFO axi4_lite_out_monitor.sv(28) @ 49205: uvm_test_top.env.pa.out_mon [OUTPUT MONITOR] BRESP = 0 RRESP = 0 RDATA = 00000000
UVM_INFO axi4_lite_driver.sv(34) @ 49205: uvm_test_top.env.aa.drv [DRV] awaddr = 0000000c wdata = ff2fee75 wstrb = a araddr = dd5e6134
UVM_INFO axi4_lite_scoreboard.sv(52) @ 49205: uvm_test_top.env.scb [BRESP] Matched : exp_bresp= 0 actual_bresp=0 write = 1 read = 0
UVM_INFO axi4_lite_subscriber.sv(40) @ 49235: uvm_test_top.env.sb [sb] INPUT COVERAGE = 100.00 %
UVM_INFO axi4_lite_inp_monitor.sv(44) @ 49235: uvm_test_top.env.aa.inp_mon [INPUT MONITOR]  WRITE awaddr=0000002c wdata=166b3eda wstrb=0110 
UVM_INFO axi4_lite_out_monitor.sv(28) @ 49255: uvm_test_top.env.pa.out_mon [OUTPUT MONITOR] BRESP = 2 RRESP = 0 RDATA = 00000000
UVM_INFO axi4_lite_driver.sv(34) @ 49255: uvm_test_top.env.aa.drv [DRV] awaddr = 0000002c wdata = 166b3eda wstrb = 6 araddr = 7045b930
UVM_INFO axi4_lite_scoreboard.sv(52) @ 49255: uvm_test_top.env.scb [BRESP] Matched : exp_bresp= 2 actual_bresp=2 write = 1 read = 0
UVM_INFO axi4_lite_subscriber.sv(40) @ 49275: uvm_test_top.env.sb [sb] INPUT COVERAGE = 100.00 %
UVM_INFO axi4_lite_inp_monitor.sv(44) @ 49275: uvm_test_top.env.aa.inp_mon [INPUT MONITOR]  WRITE awaddr=0000002c wdata=9000e1cb wstrb=0110 
UVM_INFO axi4_lite_out_monitor.sv(28) @ 49295: uvm_test_top.env.pa.out_mon [OUTPUT MONITOR] BRESP = 2 RRESP = 0 RDATA = 00000000
UVM_INFO axi4_lite_driver.sv(34) @ 49295: uvm_test_top.env.aa.drv [DRV] awaddr = 0000002c wdata = 9000e1cb wstrb = 6 araddr = 763ef1c0
UVM_INFO axi4_lite_scoreboard.sv(52) @ 49295: uvm_test_top.env.scb [BRESP] Matched : exp_bresp= 2 actual_bresp=2 write = 1 read = 0
UVM_INFO axi4_lite_subscriber.sv(40) @ 49325: uvm_test_top.env.sb [sb] INPUT COVERAGE = 100.00 %
UVM_INFO axi4_lite_inp_monitor.sv(44) @ 49325: uvm_test_top.env.aa.inp_mon [INPUT MONITOR]  WRITE awaddr=0000002c wdata=af56be49 wstrb=1011 
UVM_INFO axi4_lite_out_monitor.sv(28) @ 49345: uvm_test_top.env.pa.out_mon [OUTPUT MONITOR] BRESP = 2 RRESP = 0 RDATA = 00000000
UVM_INFO axi4_lite_driver.sv(34) @ 49345: uvm_test_top.env.aa.drv [DRV] awaddr = 0000002c wdata = af56be49 wstrb = b araddr = 27ad3d48
UVM_INFO axi4_lite_scoreboard.sv(52) @ 49345: uvm_test_top.env.scb [BRESP] Matched : exp_bresp= 2 actual_bresp=2 write = 1 read = 0
UVM_INFO axi4_lite_subscriber.sv(40) @ 49385: uvm_test_top.env.sb [sb] INPUT COVERAGE = 100.00 %
UVM_INFO axi4_lite_inp_monitor.sv(44) @ 49385: uvm_test_top.env.aa.inp_mon [INPUT MONITOR]  WRITE awaddr=00000034 wdata=d1f948b0 wstrb=1000 
UVM_INFO axi4_lite_out_monitor.sv(28) @ 49405: uvm_test_top.env.pa.out_mon [OUTPUT MONITOR] BRESP = 0 RRESP = 0 RDATA = 00000000
UVM_INFO axi4_lite_driver.sv(34) @ 49405: uvm_test_top.env.aa.drv [DRV] awaddr = 00000034 wdata = d1f948b0 wstrb = 8 araddr = 113a1728
UVM_INFO axi4_lite_scoreboard.sv(52) @ 49405: uvm_test_top.env.scb [BRESP] Matched : exp_bresp= 0 actual_bresp=0 write = 1 read = 0
UVM_INFO axi4_lite_subscriber.sv(40) @ 49445: uvm_test_top.env.sb [sb] INPUT COVERAGE = 100.00 %
UVM_INFO axi4_lite_inp_monitor.sv(44) @ 49445: uvm_test_top.env.aa.inp_mon [INPUT MONITOR]  WRITE awaddr=00000030 wdata=1e4f5a1b wstrb=1001 
UVM_INFO axi4_lite_out_monitor.sv(28) @ 49465: uvm_test_top.env.pa.out_mon [OUTPUT MONITOR] BRESP = 2 RRESP = 0 RDATA = 00000000
UVM_INFO axi4_lite_driver.sv(34) @ 49465: uvm_test_top.env.aa.drv [DRV] awaddr = 00000030 wdata = 1e4f5a1b wstrb = 9 araddr = f0db4b38
UVM_INFO axi4_lite_scoreboard.sv(52) @ 49465: uvm_test_top.env.scb [BRESP] Matched : exp_bresp= 2 actual_bresp=2 write = 1 read = 0
UVM_INFO axi4_lite_subscriber.sv(40) @ 49505: uvm_test_top.env.sb [sb] INPUT COVERAGE = 100.00 %
UVM_INFO axi4_lite_inp_monitor.sv(44) @ 49505: uvm_test_top.env.aa.inp_mon [INPUT MONITOR]  WRITE awaddr=00000038 wdata=f36a5677 wstrb=0100 
UVM_INFO axi4_lite_out_monitor.sv(28) @ 49525: uvm_test_top.env.pa.out_mon [OUTPUT MONITOR] BRESP = 0 RRESP = 0 RDATA = 00000000
UVM_INFO axi4_lite_driver.sv(34) @ 49525: uvm_test_top.env.aa.drv [DRV] awaddr = 00000038 wdata = f36a5677 wstrb = 4 araddr = 88a1960c
UVM_INFO axi4_lite_scoreboard.sv(52) @ 49525: uvm_test_top.env.scb [BRESP] Matched : exp_bresp= 0 actual_bresp=0 write = 1 read = 0
UVM_INFO axi4_lite_subscriber.sv(40) @ 49575: uvm_test_top.env.sb [sb] INPUT COVERAGE = 100.00 %
UVM_INFO axi4_lite_inp_monitor.sv(44) @ 49575: uvm_test_top.env.aa.inp_mon [INPUT MONITOR]  WRITE awaddr=00000030 wdata=4350ec75 wstrb=1010 
UVM_INFO axi4_lite_out_monitor.sv(28) @ 49595: uvm_test_top.env.pa.out_mon [OUTPUT MONITOR] BRESP = 2 RRESP = 0 RDATA = 00000000
UVM_INFO axi4_lite_driver.sv(34) @ 49595: uvm_test_top.env.aa.drv [DRV] awaddr = 00000030 wdata = 4350ec75 wstrb = a araddr = cfe2ca38
UVM_INFO axi4_lite_scoreboard.sv(52) @ 49595: uvm_test_top.env.scb [BRESP] Matched : exp_bresp= 2 actual_bresp=2 write = 1 read = 0
UVM_INFO axi4_lite_subscriber.sv(40) @ 49635: uvm_test_top.env.sb [sb] INPUT COVERAGE = 100.00 %
UVM_INFO axi4_lite_inp_monitor.sv(44) @ 49635: uvm_test_top.env.aa.inp_mon [INPUT MONITOR]  WRITE awaddr=00000028 wdata=03719069 wstrb=0101 
UVM_INFO axi4_lite_out_monitor.sv(28) @ 49655: uvm_test_top.env.pa.out_mon [OUTPUT MONITOR] BRESP = 2 RRESP = 0 RDATA = 00000000
UVM_INFO axi4_lite_driver.sv(34) @ 49655: uvm_test_top.env.aa.drv [DRV] awaddr = 00000028 wdata = 03719069 wstrb = 5 araddr = 15086ea0
UVM_INFO axi4_lite_scoreboard.sv(52) @ 49655: uvm_test_top.env.scb [BRESP] Matched : exp_bresp= 2 actual_bresp=2 write = 1 read = 0
UVM_INFO axi4_lite_subscriber.sv(40) @ 49675: uvm_test_top.env.sb [sb] INPUT COVERAGE = 100.00 %
UVM_INFO axi4_lite_inp_monitor.sv(44) @ 49675: uvm_test_top.env.aa.inp_mon [INPUT MONITOR]  WRITE awaddr=00000038 wdata=93272cc1 wstrb=0010 
UVM_INFO axi4_lite_out_monitor.sv(28) @ 49695: uvm_test_top.env.pa.out_mon [OUTPUT MONITOR] BRESP = 0 RRESP = 0 RDATA = 00000000
UVM_INFO axi4_lite_driver.sv(34) @ 49695: uvm_test_top.env.aa.drv [DRV] awaddr = 00000038 wdata = 93272cc1 wstrb = 2 araddr = aa895fe0
UVM_INFO axi4_lite_scoreboard.sv(52) @ 49695: uvm_test_top.env.scb [BRESP] Matched : exp_bresp= 0 actual_bresp=0 write = 1 read = 0
UVM_INFO axi4_lite_subscriber.sv(40) @ 49735: uvm_test_top.env.sb [sb] INPUT COVERAGE = 100.00 %
UVM_INFO axi4_lite_inp_monitor.sv(44) @ 49735: uvm_test_top.env.aa.inp_mon [INPUT MONITOR]  WRITE awaddr=00000000 wdata=5375ae1b wstrb=1100 
UVM_INFO axi4_lite_out_monitor.sv(28) @ 49755: uvm_test_top.env.pa.out_mon [OUTPUT MONITOR] BRESP = 0 RRESP = 0 RDATA = 00000000
UVM_INFO axi4_lite_driver.sv(34) @ 49755: uvm_test_top.env.aa.drv [DRV] awaddr = 00000000 wdata = 5375ae1b wstrb = c araddr = ba61dc80
UVM_INFO axi4_lite_scoreboard.sv(52) @ 49755: uvm_test_top.env.scb [BRESP] Matched : exp_bresp= 0 actual_bresp=0 write = 1 read = 0
UVM_INFO axi4_lite_subscriber.sv(40) @ 49785: uvm_test_top.env.sb [sb] INPUT COVERAGE = 100.00 %
UVM_INFO axi4_lite_inp_monitor.sv(44) @ 49785: uvm_test_top.env.aa.inp_mon [INPUT MONITOR]  WRITE awaddr=00000024 wdata=4d448ea6 wstrb=1001 
UVM_INFO axi4_lite_out_monitor.sv(28) @ 49805: uvm_test_top.env.pa.out_mon [OUTPUT MONITOR] BRESP = 0 RRESP = 0 RDATA = 00000000
UVM_INFO axi4_lite_driver.sv(34) @ 49805: uvm_test_top.env.aa.drv [DRV] awaddr = 00000024 wdata = 4d448ea6 wstrb = 9 araddr = 37c5d0b0
UVM_INFO axi4_lite_scoreboard.sv(52) @ 49805: uvm_test_top.env.scb [BRESP] Matched : exp_bresp= 0 actual_bresp=0 write = 1 read = 0
UVM_INFO axi4_lite_subscriber.sv(40) @ 49845: uvm_test_top.env.sb [sb] INPUT COVERAGE = 100.00 %
UVM_INFO axi4_lite_inp_monitor.sv(44) @ 49845: uvm_test_top.env.aa.inp_mon [INPUT MONITOR]  WRITE awaddr=00000010 wdata=4d48fc2e wstrb=0001 
UVM_INFO axi4_lite_out_monitor.sv(28) @ 49865: uvm_test_top.env.pa.out_mon [OUTPUT MONITOR] BRESP = 0 RRESP = 0 RDATA = 00000000
UVM_INFO axi4_lite_driver.sv(34) @ 49865: uvm_test_top.env.aa.drv [DRV] awaddr = 00000010 wdata = 4d48fc2e wstrb = 1 araddr = a9cc137c
UVM_INFO axi4_lite_scoreboard.sv(52) @ 49865: uvm_test_top.env.scb [BRESP] Matched : exp_bresp= 0 actual_bresp=0 write = 1 read = 0
UVM_INFO axi4_lite_subscriber.sv(40) @ 49915: uvm_test_top.env.sb [sb] INPUT COVERAGE = 100.00 %
UVM_INFO axi4_lite_inp_monitor.sv(44) @ 49915: uvm_test_top.env.aa.inp_mon [INPUT MONITOR]  WRITE awaddr=00000000 wdata=27f90149 wstrb=1101 
UVM_INFO axi4_lite_out_monitor.sv(28) @ 49935: uvm_test_top.env.pa.out_mon [OUTPUT MONITOR] BRESP = 0 RRESP = 0 RDATA = 00000000
UVM_INFO axi4_lite_driver.sv(34) @ 49935: uvm_test_top.env.aa.drv [DRV] awaddr = 00000000 wdata = 27f90149 wstrb = d araddr = e6d5b8f4
UVM_INFO axi4_lite_scoreboard.sv(52) @ 49935: uvm_test_top.env.scb [BRESP] Matched : exp_bresp= 0 actual_bresp=0 write = 1 read = 0
UVM_INFO axi4_lite_subscriber.sv(40) @ 49965: uvm_test_top.env.sb [sb] INPUT COVERAGE = 100.00 %
UVM_INFO axi4_lite_inp_monitor.sv(44) @ 49965: uvm_test_top.env.aa.inp_mon [INPUT MONITOR]  WRITE awaddr=00000024 wdata=915f77e4 wstrb=1001 
UVM_INFO axi4_lite_out_monitor.sv(28) @ 49985: uvm_test_top.env.pa.out_mon [OUTPUT MONITOR] BRESP = 0 RRESP = 0 RDATA = 00000000
UVM_INFO axi4_lite_driver.sv(34) @ 49985: uvm_test_top.env.aa.drv [DRV] awaddr = 00000024 wdata = 915f77e4 wstrb = 9 araddr = daecec0c
UVM_INFO axi4_lite_scoreboard.sv(52) @ 49985: uvm_test_top.env.scb [BRESP] Matched : exp_bresp= 0 actual_bresp=0 write = 1 read = 0
UVM_INFO axi4_lite_subscriber.sv(40) @ 50035: uvm_test_top.env.sb [sb] INPUT COVERAGE = 100.00 %
UVM_INFO axi4_lite_inp_monitor.sv(44) @ 50035: uvm_test_top.env.aa.inp_mon [INPUT MONITOR]  WRITE awaddr=00000024 wdata=95a1d407 wstrb=1100 
UVM_INFO axi4_lite_out_monitor.sv(28) @ 50055: uvm_test_top.env.pa.out_mon [OUTPUT MONITOR] BRESP = 0 RRESP = 0 RDATA = 00000000
UVM_INFO axi4_lite_driver.sv(34) @ 50055: uvm_test_top.env.aa.drv [DRV] awaddr = 00000024 wdata = 95a1d407 wstrb = c araddr = 65ea9e9c
UVM_INFO axi4_lite_scoreboard.sv(52) @ 50055: uvm_test_top.env.scb [BRESP] Matched : exp_bresp= 0 actual_bresp=0 write = 1 read = 0
UVM_INFO axi4_lite_subscriber.sv(40) @ 50105: uvm_test_top.env.sb [sb] INPUT COVERAGE = 100.00 %
UVM_INFO axi4_lite_inp_monitor.sv(44) @ 50105: uvm_test_top.env.aa.inp_mon [INPUT MONITOR]  WRITE awaddr=00000010 wdata=2bb1151c wstrb=1100 
UVM_INFO axi4_lite_out_monitor.sv(28) @ 50125: uvm_test_top.env.pa.out_mon [OUTPUT MONITOR] BRESP = 0 RRESP = 0 RDATA = 00000000
UVM_INFO axi4_lite_driver.sv(34) @ 50125: uvm_test_top.env.aa.drv [DRV] awaddr = 00000010 wdata = 2bb1151c wstrb = c araddr = e3c0246c
UVM_INFO axi4_lite_scoreboard.sv(52) @ 50125: uvm_test_top.env.scb [BRESP] Matched : exp_bresp= 0 actual_bresp=0 write = 1 read = 0
UVM_INFO axi4_lite_subscriber.sv(40) @ 50145: uvm_test_top.env.sb [sb] INPUT COVERAGE = 100.00 %
UVM_INFO axi4_lite_inp_monitor.sv(44) @ 50145: uvm_test_top.env.aa.inp_mon [INPUT MONITOR]  WRITE awaddr=00000028 wdata=f960725b wstrb=1011 
UVM_INFO axi4_lite_out_monitor.sv(28) @ 50165: uvm_test_top.env.pa.out_mon [OUTPUT MONITOR] BRESP = 2 RRESP = 0 RDATA = 00000000
UVM_INFO axi4_lite_driver.sv(34) @ 50165: uvm_test_top.env.aa.drv [DRV] awaddr = 00000028 wdata = f960725b wstrb = b araddr = efedd608
UVM_INFO axi4_lite_scoreboard.sv(52) @ 50165: uvm_test_top.env.scb [BRESP] Matched : exp_bresp= 2 actual_bresp=2 write = 1 read = 0
UVM_INFO axi4_lite_subscriber.sv(40) @ 50185: uvm_test_top.env.sb [sb] INPUT COVERAGE = 100.00 %
UVM_INFO axi4_lite_inp_monitor.sv(44) @ 50185: uvm_test_top.env.aa.inp_mon [INPUT MONITOR]  WRITE awaddr=0000000c wdata=73663dab wstrb=0011 
UVM_INFO axi4_lite_out_monitor.sv(28) @ 50205: uvm_test_top.env.pa.out_mon [OUTPUT MONITOR] BRESP = 0 RRESP = 0 RDATA = 00000000
UVM_INFO axi4_lite_driver.sv(34) @ 50205: uvm_test_top.env.aa.drv [DRV] awaddr = 0000000c wdata = 73663dab wstrb = 3 araddr = 8fe9a6d4
UVM_INFO axi4_lite_scoreboard.sv(52) @ 50205: uvm_test_top.env.scb [BRESP] Matched : exp_bresp= 0 actual_bresp=0 write = 1 read = 0
UVM_INFO axi4_lite_subscriber.sv(40) @ 50245: uvm_test_top.env.sb [sb] INPUT COVERAGE = 100.00 %
UVM_INFO axi4_lite_inp_monitor.sv(44) @ 50245: uvm_test_top.env.aa.inp_mon [INPUT MONITOR]  WRITE awaddr=00000004 wdata=4283409c wstrb=1000 
UVM_INFO axi4_lite_out_monitor.sv(28) @ 50265: uvm_test_top.env.pa.out_mon [OUTPUT MONITOR] BRESP = 0 RRESP = 0 RDATA = 00000000
UVM_INFO axi4_lite_driver.sv(34) @ 50265: uvm_test_top.env.aa.drv [DRV] awaddr = 00000004 wdata = 4283409c wstrb = 8 araddr = b6d5c0a0
UVM_INFO axi4_lite_scoreboard.sv(52) @ 50265: uvm_test_top.env.scb [BRESP] Matched : exp_bresp= 0 actual_bresp=0 write = 1 read = 0
UVM_INFO axi4_lite_subscriber.sv(40) @ 50295: uvm_test_top.env.sb [sb] INPUT COVERAGE = 100.00 %
UVM_INFO axi4_lite_inp_monitor.sv(44) @ 50295: uvm_test_top.env.aa.inp_mon [INPUT MONITOR]  WRITE awaddr=00000014 wdata=cb3b6a1b wstrb=0111 
UVM_INFO axi4_lite_out_monitor.sv(28) @ 50315: uvm_test_top.env.pa.out_mon [OUTPUT MONITOR] BRESP = 0 RRESP = 0 RDATA = 00000000
UVM_INFO axi4_lite_driver.sv(34) @ 50315: uvm_test_top.env.aa.drv [DRV] awaddr = 00000014 wdata = cb3b6a1b wstrb = 7 araddr = 44971068
UVM_INFO axi4_lite_scoreboard.sv(52) @ 50315: uvm_test_top.env.scb [BRESP] Matched : exp_bresp= 0 actual_bresp=0 write = 1 read = 0
UVM_INFO axi4_lite_subscriber.sv(40) @ 50355: uvm_test_top.env.sb [sb] INPUT COVERAGE = 100.00 %
UVM_INFO axi4_lite_inp_monitor.sv(44) @ 50355: uvm_test_top.env.aa.inp_mon [INPUT MONITOR]  WRITE awaddr=00000020 wdata=17444ede wstrb=0110 
UVM_INFO axi4_lite_out_monitor.sv(28) @ 50375: uvm_test_top.env.pa.out_mon [OUTPUT MONITOR] BRESP = 0 RRESP = 0 RDATA = 00000000
UVM_INFO axi4_lite_driver.sv(34) @ 50375: uvm_test_top.env.aa.drv [DRV] awaddr = 00000020 wdata = 17444ede wstrb = 6 araddr = 4bbf4a68
UVM_INFO axi4_lite_scoreboard.sv(52) @ 50375: uvm_test_top.env.scb [BRESP] Matched : exp_bresp= 0 actual_bresp=0 write = 1 read = 0
UVM_INFO axi4_lite_subscriber.sv(40) @ 50425: uvm_test_top.env.sb [sb] INPUT COVERAGE = 100.00 %
UVM_INFO axi4_lite_inp_monitor.sv(44) @ 50425: uvm_test_top.env.aa.inp_mon [INPUT MONITOR]  WRITE awaddr=00000038 wdata=71a1bdc9 wstrb=0110 
UVM_INFO axi4_lite_out_monitor.sv(28) @ 50445: uvm_test_top.env.pa.out_mon [OUTPUT MONITOR] BRESP = 0 RRESP = 0 RDATA = 00000000
UVM_INFO axi4_lite_driver.sv(34) @ 50445: uvm_test_top.env.aa.drv [DRV] awaddr = 00000038 wdata = 71a1bdc9 wstrb = 6 araddr = 1fe1ec84
UVM_INFO axi4_lite_scoreboard.sv(52) @ 50445: uvm_test_top.env.scb [BRESP] Matched : exp_bresp= 0 actual_bresp=0 write = 1 read = 0
UVM_INFO axi4_lite_subscriber.sv(40) @ 50495: uvm_test_top.env.sb [sb] INPUT COVERAGE = 100.00 %
UVM_INFO axi4_lite_inp_monitor.sv(44) @ 50495: uvm_test_top.env.aa.inp_mon [INPUT MONITOR]  WRITE awaddr=00000028 wdata=901777ec wstrb=1001 
UVM_INFO axi4_lite_out_monitor.sv(28) @ 50515: uvm_test_top.env.pa.out_mon [OUTPUT MONITOR] BRESP = 2 RRESP = 0 RDATA = 00000000
UVM_INFO axi4_lite_driver.sv(34) @ 50515: uvm_test_top.env.aa.drv [DRV] awaddr = 00000028 wdata = 901777ec wstrb = 9 araddr = 51a224d8
UVM_INFO axi4_lite_scoreboard.sv(52) @ 50515: uvm_test_top.env.scb [BRESP] Matched : exp_bresp= 2 actual_bresp=2 write = 1 read = 0
UVM_INFO axi4_lite_subscriber.sv(40) @ 50565: uvm_test_top.env.sb [sb] INPUT COVERAGE = 100.00 %
UVM_INFO axi4_lite_inp_monitor.sv(44) @ 50565: uvm_test_top.env.aa.inp_mon [INPUT MONITOR]  WRITE awaddr=00000014 wdata=7cec39d0 wstrb=1101 
UVM_INFO axi4_lite_out_monitor.sv(28) @ 50585: uvm_test_top.env.pa.out_mon [OUTPUT MONITOR] BRESP = 0 RRESP = 0 RDATA = 00000000
UVM_INFO axi4_lite_driver.sv(34) @ 50585: uvm_test_top.env.aa.drv [DRV] awaddr = 00000014 wdata = 7cec39d0 wstrb = d araddr = 3a2054c0
UVM_INFO axi4_lite_scoreboard.sv(52) @ 50585: uvm_test_top.env.scb [BRESP] Matched : exp_bresp= 0 actual_bresp=0 write = 1 read = 0
UVM_INFO axi4_lite_subscriber.sv(40) @ 50605: uvm_test_top.env.sb [sb] INPUT COVERAGE = 100.00 %
UVM_INFO axi4_lite_inp_monitor.sv(44) @ 50605: uvm_test_top.env.aa.inp_mon [INPUT MONITOR]  WRITE awaddr=00000000 wdata=0c347d72 wstrb=0011 
UVM_INFO axi4_lite_out_monitor.sv(28) @ 50625: uvm_test_top.env.pa.out_mon [OUTPUT MONITOR] BRESP = 0 RRESP = 0 RDATA = 00000000
UVM_INFO axi4_lite_driver.sv(34) @ 50625: uvm_test_top.env.aa.drv [DRV] awaddr = 00000000 wdata = 0c347d72 wstrb = 3 araddr = 70828a9c
UVM_INFO axi4_lite_scoreboard.sv(52) @ 50625: uvm_test_top.env.scb [BRESP] Matched : exp_bresp= 0 actual_bresp=0 write = 1 read = 0
UVM_INFO axi4_lite_subscriber.sv(40) @ 50645: uvm_test_top.env.sb [sb] INPUT COVERAGE = 100.00 %
UVM_INFO axi4_lite_inp_monitor.sv(44) @ 50645: uvm_test_top.env.aa.inp_mon [INPUT MONITOR]  WRITE awaddr=00000008 wdata=680ded7a wstrb=0110 
UVM_INFO axi4_lite_out_monitor.sv(28) @ 50665: uvm_test_top.env.pa.out_mon [OUTPUT MONITOR] BRESP = 0 RRESP = 0 RDATA = 00000000
UVM_INFO axi4_lite_driver.sv(34) @ 50665: uvm_test_top.env.aa.drv [DRV] awaddr = 00000008 wdata = 680ded7a wstrb = 6 araddr = d5c1ffa8
UVM_INFO axi4_lite_scoreboard.sv(52) @ 50665: uvm_test_top.env.scb [BRESP] Matched : exp_bresp= 0 actual_bresp=0 write = 1 read = 0
UVM_INFO axi4_lite_subscriber.sv(40) @ 50715: uvm_test_top.env.sb [sb] INPUT COVERAGE = 100.00 %
UVM_INFO axi4_lite_inp_monitor.sv(44) @ 50715: uvm_test_top.env.aa.inp_mon [INPUT MONITOR]  WRITE awaddr=00000020 wdata=217fe56e wstrb=0111 
UVM_INFO axi4_lite_out_monitor.sv(28) @ 50735: uvm_test_top.env.pa.out_mon [OUTPUT MONITOR] BRESP = 0 RRESP = 0 RDATA = 00000000
UVM_INFO axi4_lite_driver.sv(34) @ 50735: uvm_test_top.env.aa.drv [DRV] awaddr = 00000020 wdata = 217fe56e wstrb = 7 araddr = ce11030c
UVM_INFO axi4_lite_scoreboard.sv(52) @ 50735: uvm_test_top.env.scb [BRESP] Matched : exp_bresp= 0 actual_bresp=0 write = 1 read = 0
UVM_INFO axi4_lite_subscriber.sv(40) @ 50755: uvm_test_top.env.sb [sb] INPUT COVERAGE = 100.00 %
UVM_INFO axi4_lite_inp_monitor.sv(44) @ 50755: uvm_test_top.env.aa.inp_mon [INPUT MONITOR]  WRITE awaddr=00000034 wdata=d15d4297 wstrb=1100 
UVM_INFO axi4_lite_out_monitor.sv(28) @ 50775: uvm_test_top.env.pa.out_mon [OUTPUT MONITOR] BRESP = 0 RRESP = 0 RDATA = 00000000
UVM_INFO axi4_lite_driver.sv(34) @ 50775: uvm_test_top.env.aa.drv [DRV] awaddr = 00000034 wdata = d15d4297 wstrb = c araddr = f3c636f4
UVM_INFO axi4_lite_scoreboard.sv(52) @ 50775: uvm_test_top.env.scb [BRESP] Matched : exp_bresp= 0 actual_bresp=0 write = 1 read = 0
UVM_INFO axi4_lite_subscriber.sv(40) @ 50815: uvm_test_top.env.sb [sb] INPUT COVERAGE = 100.00 %
UVM_INFO axi4_lite_inp_monitor.sv(44) @ 50815: uvm_test_top.env.aa.inp_mon [INPUT MONITOR]  WRITE awaddr=00000014 wdata=db6c9c63 wstrb=1000 
UVM_INFO axi4_lite_out_monitor.sv(28) @ 50835: uvm_test_top.env.pa.out_mon [OUTPUT MONITOR] BRESP = 0 RRESP = 0 RDATA = 00000000
UVM_INFO axi4_lite_driver.sv(34) @ 50835: uvm_test_top.env.aa.drv [DRV] awaddr = 00000014 wdata = db6c9c63 wstrb = 8 araddr = 60b4c670
UVM_INFO axi4_lite_scoreboard.sv(52) @ 50835: uvm_test_top.env.scb [BRESP] Matched : exp_bresp= 0 actual_bresp=0 write = 1 read = 0
UVM_INFO axi4_lite_subscriber.sv(40) @ 50865: uvm_test_top.env.sb [sb] INPUT COVERAGE = 100.00 %
UVM_INFO axi4_lite_inp_monitor.sv(44) @ 50865: uvm_test_top.env.aa.inp_mon [INPUT MONITOR]  WRITE awaddr=00000014 wdata=0cfeb861 wstrb=0001 
UVM_INFO axi4_lite_out_monitor.sv(28) @ 50885: uvm_test_top.env.pa.out_mon [OUTPUT MONITOR] BRESP = 0 RRESP = 0 RDATA = 00000000
UVM_INFO axi4_lite_driver.sv(34) @ 50885: uvm_test_top.env.aa.drv [DRV] awaddr = 00000014 wdata = 0cfeb861 wstrb = 1 araddr = 29f991b0
UVM_INFO axi4_lite_scoreboard.sv(52) @ 50885: uvm_test_top.env.scb [BRESP] Matched : exp_bresp= 0 actual_bresp=0 write = 1 read = 0
UVM_INFO axi4_lite_subscriber.sv(40) @ 50905: uvm_test_top.env.sb [sb] INPUT COVERAGE = 100.00 %
UVM_INFO axi4_lite_inp_monitor.sv(44) @ 50905: uvm_test_top.env.aa.inp_mon [INPUT MONITOR]  WRITE awaddr=00000008 wdata=cc6b35ff wstrb=0010 
UVM_INFO axi4_lite_out_monitor.sv(28) @ 50925: uvm_test_top.env.pa.out_mon [OUTPUT MONITOR] BRESP = 0 RRESP = 0 RDATA = 00000000
UVM_INFO axi4_lite_driver.sv(34) @ 50925: uvm_test_top.env.aa.drv [DRV] awaddr = 00000008 wdata = cc6b35ff wstrb = 2 araddr = a14127d4
UVM_INFO axi4_lite_scoreboard.sv(52) @ 50925: uvm_test_top.env.scb [BRESP] Matched : exp_bresp= 0 actual_bresp=0 write = 1 read = 0
UVM_INFO axi4_lite_subscriber.sv(40) @ 50965: uvm_test_top.env.sb [sb] INPUT COVERAGE = 100.00 %
UVM_INFO axi4_lite_inp_monitor.sv(44) @ 50965: uvm_test_top.env.aa.inp_mon [INPUT MONITOR]  WRITE awaddr=0000000c wdata=2df66e68 wstrb=0000 
UVM_INFO axi4_lite_out_monitor.sv(28) @ 50985: uvm_test_top.env.pa.out_mon [OUTPUT MONITOR] BRESP = 0 RRESP = 0 RDATA = 00000000
UVM_INFO axi4_lite_driver.sv(34) @ 50985: uvm_test_top.env.aa.drv [DRV] awaddr = 0000000c wdata = 2df66e68 wstrb = 0 araddr = 47c85bdc
UVM_INFO axi4_lite_scoreboard.sv(52) @ 50985: uvm_test_top.env.scb [BRESP] Matched : exp_bresp= 0 actual_bresp=0 write = 1 read = 0
UVM_INFO axi4_lite_subscriber.sv(40) @ 51035: uvm_test_top.env.sb [sb] INPUT COVERAGE = 100.00 %
UVM_INFO axi4_lite_inp_monitor.sv(44) @ 51035: uvm_test_top.env.aa.inp_mon [INPUT MONITOR]  WRITE awaddr=00000028 wdata=87cf1294 wstrb=0100 
UVM_INFO axi4_lite_out_monitor.sv(28) @ 51055: uvm_test_top.env.pa.out_mon [OUTPUT MONITOR] BRESP = 2 RRESP = 0 RDATA = 00000000
UVM_INFO axi4_lite_driver.sv(34) @ 51055: uvm_test_top.env.aa.drv [DRV] awaddr = 00000028 wdata = 87cf1294 wstrb = 4 araddr = 60f5a780
UVM_INFO axi4_lite_scoreboard.sv(52) @ 51055: uvm_test_top.env.scb [BRESP] Matched : exp_bresp= 2 actual_bresp=2 write = 1 read = 0
UVM_INFO axi4_lite_subscriber.sv(40) @ 51075: uvm_test_top.env.sb [sb] INPUT COVERAGE = 100.00 %
UVM_INFO axi4_lite_inp_monitor.sv(44) @ 51075: uvm_test_top.env.aa.inp_mon [INPUT MONITOR]  WRITE awaddr=00000034 wdata=5e20be8f wstrb=0001 
UVM_INFO axi4_lite_out_monitor.sv(28) @ 51095: uvm_test_top.env.pa.out_mon [OUTPUT MONITOR] BRESP = 0 RRESP = 0 RDATA = 00000000
UVM_INFO axi4_lite_driver.sv(34) @ 51095: uvm_test_top.env.aa.drv [DRV] awaddr = 00000034 wdata = 5e20be8f wstrb = 1 araddr = 5147dfc4
UVM_INFO axi4_lite_scoreboard.sv(52) @ 51095: uvm_test_top.env.scb [BRESP] Matched : exp_bresp= 0 actual_bresp=0 write = 1 read = 0
UVM_INFO axi4_lite_subscriber.sv(40) @ 51115: uvm_test_top.env.sb [sb] INPUT COVERAGE = 100.00 %
UVM_INFO axi4_lite_inp_monitor.sv(44) @ 51115: uvm_test_top.env.aa.inp_mon [INPUT MONITOR]  WRITE awaddr=00000038 wdata=4ffef083 wstrb=1010 
UVM_INFO axi4_lite_out_monitor.sv(28) @ 51135: uvm_test_top.env.pa.out_mon [OUTPUT MONITOR] BRESP = 0 RRESP = 0 RDATA = 00000000
UVM_INFO axi4_lite_driver.sv(34) @ 51135: uvm_test_top.env.aa.drv [DRV] awaddr = 00000038 wdata = 4ffef083 wstrb = a araddr = 9d5ae840
UVM_INFO axi4_lite_scoreboard.sv(52) @ 51135: uvm_test_top.env.scb [BRESP] Matched : exp_bresp= 0 actual_bresp=0 write = 1 read = 0
UVM_INFO axi4_lite_subscriber.sv(40) @ 51175: uvm_test_top.env.sb [sb] INPUT COVERAGE = 100.00 %
UVM_INFO axi4_lite_inp_monitor.sv(44) @ 51175: uvm_test_top.env.aa.inp_mon [INPUT MONITOR]  WRITE awaddr=0000001c wdata=4f7288f6 wstrb=0110 
UVM_INFO axi4_lite_out_monitor.sv(28) @ 51195: uvm_test_top.env.pa.out_mon [OUTPUT MONITOR] BRESP = 0 RRESP = 0 RDATA = 00000000
UVM_INFO axi4_lite_driver.sv(34) @ 51195: uvm_test_top.env.aa.drv [DRV] awaddr = 0000001c wdata = 4f7288f6 wstrb = 6 araddr = 32d32a54
UVM_INFO axi4_lite_scoreboard.sv(52) @ 51195: uvm_test_top.env.scb [BRESP] Matched : exp_bresp= 0 actual_bresp=0 write = 1 read = 0
UVM_INFO axi4_lite_subscriber.sv(40) @ 51215: uvm_test_top.env.sb [sb] INPUT COVERAGE = 100.00 %
UVM_INFO axi4_lite_inp_monitor.sv(44) @ 51215: uvm_test_top.env.aa.inp_mon [INPUT MONITOR]  WRITE awaddr=0000000c wdata=1ee82239 wstrb=0011 
UVM_INFO axi4_lite_out_monitor.sv(28) @ 51235: uvm_test_top.env.pa.out_mon [OUTPUT MONITOR] BRESP = 0 RRESP = 0 RDATA = 00000000
UVM_INFO axi4_lite_driver.sv(34) @ 51235: uvm_test_top.env.aa.drv [DRV] awaddr = 0000000c wdata = 1ee82239 wstrb = 3 araddr = ad1f9774
UVM_INFO axi4_lite_scoreboard.sv(52) @ 51235: uvm_test_top.env.scb [BRESP] Matched : exp_bresp= 0 actual_bresp=0 write = 1 read = 0
UVM_INFO axi4_lite_subscriber.sv(40) @ 51265: uvm_test_top.env.sb [sb] INPUT COVERAGE = 100.00 %
UVM_INFO axi4_lite_inp_monitor.sv(44) @ 51265: uvm_test_top.env.aa.inp_mon [INPUT MONITOR]  WRITE awaddr=00000004 wdata=f4411c34 wstrb=1111 
UVM_INFO axi4_lite_out_monitor.sv(28) @ 51285: uvm_test_top.env.pa.out_mon [OUTPUT MONITOR] BRESP = 0 RRESP = 0 RDATA = 00000000
UVM_INFO axi4_lite_driver.sv(34) @ 51285: uvm_test_top.env.aa.drv [DRV] awaddr = 00000004 wdata = f4411c34 wstrb = f araddr = 1611b2ec
UVM_INFO axi4_lite_scoreboard.sv(52) @ 51285: uvm_test_top.env.scb [BRESP] Matched : exp_bresp= 0 actual_bresp=0 write = 1 read = 0
UVM_INFO axi4_lite_subscriber.sv(40) @ 51335: uvm_test_top.env.sb [sb] INPUT COVERAGE = 100.00 %
UVM_INFO axi4_lite_inp_monitor.sv(44) @ 51335: uvm_test_top.env.aa.inp_mon [INPUT MONITOR]  WRITE awaddr=00000034 wdata=3664a31c wstrb=1011 
UVM_INFO axi4_lite_out_monitor.sv(28) @ 51355: uvm_test_top.env.pa.out_mon [OUTPUT MONITOR] BRESP = 0 RRESP = 0 RDATA = 00000000
UVM_INFO axi4_lite_driver.sv(34) @ 51355: uvm_test_top.env.aa.drv [DRV] awaddr = 00000034 wdata = 3664a31c wstrb = b araddr = 73a4ec84
UVM_INFO axi4_lite_scoreboard.sv(52) @ 51355: uvm_test_top.env.scb [BRESP] Matched : exp_bresp= 0 actual_bresp=0 write = 1 read = 0
UVM_INFO axi4_lite_subscriber.sv(40) @ 51395: uvm_test_top.env.sb [sb] INPUT COVERAGE = 100.00 %
UVM_INFO axi4_lite_inp_monitor.sv(44) @ 51395: uvm_test_top.env.aa.inp_mon [INPUT MONITOR]  WRITE awaddr=00000004 wdata=37621e79 wstrb=0011 
UVM_INFO axi4_lite_out_monitor.sv(28) @ 51415: uvm_test_top.env.pa.out_mon [OUTPUT MONITOR] BRESP = 0 RRESP = 0 RDATA = 00000000
UVM_INFO axi4_lite_driver.sv(34) @ 51415: uvm_test_top.env.aa.drv [DRV] awaddr = 00000004 wdata = 37621e79 wstrb = 3 araddr = 8882bc0c
UVM_INFO axi4_lite_scoreboard.sv(52) @ 51415: uvm_test_top.env.scb [BRESP] Matched : exp_bresp= 0 actual_bresp=0 write = 1 read = 0
UVM_INFO axi4_lite_subscriber.sv(40) @ 51465: uvm_test_top.env.sb [sb] INPUT COVERAGE = 100.00 %
UVM_INFO axi4_lite_inp_monitor.sv(44) @ 51465: uvm_test_top.env.aa.inp_mon [INPUT MONITOR]  WRITE awaddr=00000020 wdata=24addf5a wstrb=0001 
UVM_INFO axi4_lite_out_monitor.sv(28) @ 51485: uvm_test_top.env.pa.out_mon [OUTPUT MONITOR] BRESP = 0 RRESP = 0 RDATA = 00000000
UVM_INFO axi4_lite_driver.sv(34) @ 51485: uvm_test_top.env.aa.drv [DRV] awaddr = 00000020 wdata = 24addf5a wstrb = 1 araddr = 62a05fa8
UVM_INFO axi4_lite_scoreboard.sv(52) @ 51485: uvm_test_top.env.scb [BRESP] Matched : exp_bresp= 0 actual_bresp=0 write = 1 read = 0
UVM_INFO axi4_lite_subscriber.sv(40) @ 51505: uvm_test_top.env.sb [sb] INPUT COVERAGE = 100.00 %
UVM_INFO axi4_lite_inp_monitor.sv(44) @ 51505: uvm_test_top.env.aa.inp_mon [INPUT MONITOR]  WRITE awaddr=00000024 wdata=1bf93aa3 wstrb=1000 
UVM_INFO axi4_lite_out_monitor.sv(28) @ 51525: uvm_test_top.env.pa.out_mon [OUTPUT MONITOR] BRESP = 0 RRESP = 0 RDATA = 00000000
UVM_INFO axi4_lite_driver.sv(34) @ 51525: uvm_test_top.env.aa.drv [DRV] awaddr = 00000024 wdata = 1bf93aa3 wstrb = 8 araddr = 9aeac0c8
UVM_INFO axi4_lite_scoreboard.sv(52) @ 51525: uvm_test_top.env.scb [BRESP] Matched : exp_bresp= 0 actual_bresp=0 write = 1 read = 0
UVM_INFO axi4_lite_subscriber.sv(40) @ 51545: uvm_test_top.env.sb [sb] INPUT COVERAGE = 100.00 %
UVM_INFO axi4_lite_inp_monitor.sv(44) @ 51545: uvm_test_top.env.aa.inp_mon [INPUT MONITOR]  WRITE awaddr=00000020 wdata=d9692382 wstrb=0011 
UVM_INFO axi4_lite_out_monitor.sv(28) @ 51565: uvm_test_top.env.pa.out_mon [OUTPUT MONITOR] BRESP = 0 RRESP = 0 RDATA = 00000000
UVM_INFO axi4_lite_driver.sv(34) @ 51565: uvm_test_top.env.aa.drv [DRV] awaddr = 00000020 wdata = d9692382 wstrb = 3 araddr = 30cb0724
UVM_INFO axi4_lite_scoreboard.sv(52) @ 51565: uvm_test_top.env.scb [BRESP] Matched : exp_bresp= 0 actual_bresp=0 write = 1 read = 0
UVM_INFO axi4_lite_subscriber.sv(40) @ 51605: uvm_test_top.env.sb [sb] INPUT COVERAGE = 100.00 %
UVM_INFO axi4_lite_inp_monitor.sv(44) @ 51605: uvm_test_top.env.aa.inp_mon [INPUT MONITOR]  WRITE awaddr=00000038 wdata=3b390271 wstrb=0100 
UVM_INFO axi4_lite_out_monitor.sv(28) @ 51625: uvm_test_top.env.pa.out_mon [OUTPUT MONITOR] BRESP = 0 RRESP = 0 RDATA = 00000000
UVM_INFO axi4_lite_driver.sv(34) @ 51625: uvm_test_top.env.aa.drv [DRV] awaddr = 00000038 wdata = 3b390271 wstrb = 4 araddr = b8db0974
UVM_INFO axi4_lite_scoreboard.sv(52) @ 51625: uvm_test_top.env.scb [BRESP] Matched : exp_bresp= 0 actual_bresp=0 write = 1 read = 0
UVM_INFO axi4_lite_subscriber.sv(40) @ 51675: uvm_test_top.env.sb [sb] INPUT COVERAGE = 100.00 %
UVM_INFO axi4_lite_inp_monitor.sv(44) @ 51675: uvm_test_top.env.aa.inp_mon [INPUT MONITOR]  WRITE awaddr=00000034 wdata=f7c53594 wstrb=0000 
UVM_INFO axi4_lite_out_monitor.sv(28) @ 51695: uvm_test_top.env.pa.out_mon [OUTPUT MONITOR] BRESP = 0 RRESP = 0 RDATA = 00000000
UVM_INFO axi4_lite_driver.sv(34) @ 51695: uvm_test_top.env.aa.drv [DRV] awaddr = 00000034 wdata = f7c53594 wstrb = 0 araddr = d595e51c
UVM_INFO axi4_lite_scoreboard.sv(52) @ 51695: uvm_test_top.env.scb [BRESP] Matched : exp_bresp= 0 actual_bresp=0 write = 1 read = 0
UVM_INFO axi4_lite_subscriber.sv(40) @ 51715: uvm_test_top.env.sb [sb] INPUT COVERAGE = 100.00 %
UVM_INFO axi4_lite_inp_monitor.sv(44) @ 51715: uvm_test_top.env.aa.inp_mon [INPUT MONITOR]  WRITE awaddr=00000020 wdata=31fda718 wstrb=0000 
UVM_INFO axi4_lite_out_monitor.sv(28) @ 51735: uvm_test_top.env.pa.out_mon [OUTPUT MONITOR] BRESP = 0 RRESP = 0 RDATA = 00000000
UVM_INFO axi4_lite_driver.sv(34) @ 51735: uvm_test_top.env.aa.drv [DRV] awaddr = 00000020 wdata = 31fda718 wstrb = 0 araddr = 2c7e13b8
UVM_INFO axi4_lite_scoreboard.sv(52) @ 51735: uvm_test_top.env.scb [BRESP] Matched : exp_bresp= 0 actual_bresp=0 write = 1 read = 0
UVM_INFO axi4_lite_subscriber.sv(40) @ 51785: uvm_test_top.env.sb [sb] INPUT COVERAGE = 100.00 %
UVM_INFO axi4_lite_inp_monitor.sv(44) @ 51785: uvm_test_top.env.aa.inp_mon [INPUT MONITOR]  WRITE awaddr=00000000 wdata=7d4f2360 wstrb=1010 
UVM_INFO axi4_lite_out_monitor.sv(28) @ 51805: uvm_test_top.env.pa.out_mon [OUTPUT MONITOR] BRESP = 0 RRESP = 0 RDATA = 00000000
UVM_INFO axi4_lite_driver.sv(34) @ 51805: uvm_test_top.env.aa.drv [DRV] awaddr = 00000000 wdata = 7d4f2360 wstrb = a araddr = 0e1c7434
UVM_INFO axi4_lite_scoreboard.sv(52) @ 51805: uvm_test_top.env.scb [BRESP] Matched : exp_bresp= 0 actual_bresp=0 write = 1 read = 0
UVM_INFO axi4_lite_subscriber.sv(40) @ 51845: uvm_test_top.env.sb [sb] INPUT COVERAGE = 100.00 %
UVM_INFO axi4_lite_inp_monitor.sv(44) @ 51845: uvm_test_top.env.aa.inp_mon [INPUT MONITOR]  WRITE awaddr=00000000 wdata=9ced39bf wstrb=1011 
UVM_INFO axi4_lite_out_monitor.sv(28) @ 51865: uvm_test_top.env.pa.out_mon [OUTPUT MONITOR] BRESP = 0 RRESP = 0 RDATA = 00000000
UVM_INFO axi4_lite_driver.sv(34) @ 51865: uvm_test_top.env.aa.drv [DRV] awaddr = 00000000 wdata = 9ced39bf wstrb = b araddr = ac744314
UVM_INFO axi4_lite_scoreboard.sv(52) @ 51865: uvm_test_top.env.scb [BRESP] Matched : exp_bresp= 0 actual_bresp=0 write = 1 read = 0
UVM_INFO axi4_lite_subscriber.sv(40) @ 51905: uvm_test_top.env.sb [sb] INPUT COVERAGE = 100.00 %
UVM_INFO axi4_lite_inp_monitor.sv(44) @ 51905: uvm_test_top.env.aa.inp_mon [INPUT MONITOR]  WRITE awaddr=00000030 wdata=30ddecfb wstrb=0000 
UVM_INFO axi4_lite_out_monitor.sv(28) @ 51925: uvm_test_top.env.pa.out_mon [OUTPUT MONITOR] BRESP = 2 RRESP = 0 RDATA = 00000000
UVM_INFO axi4_lite_driver.sv(34) @ 51925: uvm_test_top.env.aa.drv [DRV] awaddr = 00000030 wdata = 30ddecfb wstrb = 0 araddr = 25481360
UVM_INFO axi4_lite_scoreboard.sv(52) @ 51925: uvm_test_top.env.scb [BRESP] Matched : exp_bresp= 2 actual_bresp=2 write = 1 read = 0
UVM_INFO axi4_lite_subscriber.sv(40) @ 51945: uvm_test_top.env.sb [sb] INPUT COVERAGE = 100.00 %
UVM_INFO axi4_lite_inp_monitor.sv(44) @ 51945: uvm_test_top.env.aa.inp_mon [INPUT MONITOR]  WRITE awaddr=00000020 wdata=1ceb2d0b wstrb=0000 
UVM_INFO axi4_lite_out_monitor.sv(28) @ 51965: uvm_test_top.env.pa.out_mon [OUTPUT MONITOR] BRESP = 0 RRESP = 0 RDATA = 00000000
UVM_INFO axi4_lite_driver.sv(34) @ 51965: uvm_test_top.env.aa.drv [DRV] awaddr = 00000020 wdata = 1ceb2d0b wstrb = 0 araddr = cd6725a4
UVM_INFO axi4_lite_scoreboard.sv(52) @ 51965: uvm_test_top.env.scb [BRESP] Matched : exp_bresp= 0 actual_bresp=0 write = 1 read = 0
UVM_INFO axi4_lite_subscriber.sv(40) @ 51985: uvm_test_top.env.sb [sb] INPUT COVERAGE = 100.00 %
UVM_INFO axi4_lite_inp_monitor.sv(44) @ 51985: uvm_test_top.env.aa.inp_mon [INPUT MONITOR]  WRITE awaddr=00000030 wdata=aa1f9f96 wstrb=0100 
UVM_INFO axi4_lite_out_monitor.sv(28) @ 52005: uvm_test_top.env.pa.out_mon [OUTPUT MONITOR] BRESP = 2 RRESP = 0 RDATA = 00000000
UVM_INFO axi4_lite_driver.sv(34) @ 52005: uvm_test_top.env.aa.drv [DRV] awaddr = 00000030 wdata = aa1f9f96 wstrb = 4 araddr = a2f5f2ec
UVM_INFO axi4_lite_scoreboard.sv(52) @ 52005: uvm_test_top.env.scb [BRESP] Matched : exp_bresp= 2 actual_bresp=2 write = 1 read = 0
UVM_INFO axi4_lite_subscriber.sv(40) @ 52025: uvm_test_top.env.sb [sb] INPUT COVERAGE = 100.00 %
UVM_INFO axi4_lite_inp_monitor.sv(44) @ 52025: uvm_test_top.env.aa.inp_mon [INPUT MONITOR]  WRITE awaddr=0000002c wdata=b72c1f4c wstrb=1010 
UVM_INFO axi4_lite_out_monitor.sv(28) @ 52045: uvm_test_top.env.pa.out_mon [OUTPUT MONITOR] BRESP = 2 RRESP = 0 RDATA = 00000000
UVM_INFO axi4_lite_driver.sv(34) @ 52045: uvm_test_top.env.aa.drv [DRV] awaddr = 0000002c wdata = b72c1f4c wstrb = a araddr = efe42dec
UVM_INFO axi4_lite_scoreboard.sv(52) @ 52045: uvm_test_top.env.scb [BRESP] Matched : exp_bresp= 2 actual_bresp=2 write = 1 read = 0
UVM_INFO axi4_lite_subscriber.sv(40) @ 52065: uvm_test_top.env.sb [sb] INPUT COVERAGE = 100.00 %
UVM_INFO axi4_lite_inp_monitor.sv(44) @ 52065: uvm_test_top.env.aa.inp_mon [INPUT MONITOR]  WRITE awaddr=0000002c wdata=a6d54c3d wstrb=1001 
UVM_INFO axi4_lite_out_monitor.sv(28) @ 52085: uvm_test_top.env.pa.out_mon [OUTPUT MONITOR] BRESP = 2 RRESP = 0 RDATA = 00000000
UVM_INFO axi4_lite_driver.sv(34) @ 52085: uvm_test_top.env.aa.drv [DRV] awaddr = 0000002c wdata = a6d54c3d wstrb = 9 araddr = b4757c8c
UVM_INFO axi4_lite_scoreboard.sv(52) @ 52085: uvm_test_top.env.scb [BRESP] Matched : exp_bresp= 2 actual_bresp=2 write = 1 read = 0
UVM_INFO axi4_lite_subscriber.sv(40) @ 52115: uvm_test_top.env.sb [sb] INPUT COVERAGE = 100.00 %
UVM_INFO axi4_lite_inp_monitor.sv(44) @ 52115: uvm_test_top.env.aa.inp_mon [INPUT MONITOR]  WRITE awaddr=00000008 wdata=3cdf3941 wstrb=1000 
UVM_INFO axi4_lite_out_monitor.sv(28) @ 52135: uvm_test_top.env.pa.out_mon [OUTPUT MONITOR] BRESP = 0 RRESP = 0 RDATA = 00000000
UVM_INFO axi4_lite_driver.sv(34) @ 52135: uvm_test_top.env.aa.drv [DRV] awaddr = 00000008 wdata = 3cdf3941 wstrb = 8 araddr = adeb1524
UVM_INFO axi4_lite_scoreboard.sv(52) @ 52135: uvm_test_top.env.scb [BRESP] Matched : exp_bresp= 0 actual_bresp=0 write = 1 read = 0
UVM_INFO axi4_lite_subscriber.sv(40) @ 52175: uvm_test_top.env.sb [sb] INPUT COVERAGE = 100.00 %
UVM_INFO axi4_lite_inp_monitor.sv(44) @ 52175: uvm_test_top.env.aa.inp_mon [INPUT MONITOR]  WRITE awaddr=00000008 wdata=b8320678 wstrb=0111 
UVM_INFO axi4_lite_out_monitor.sv(28) @ 52195: uvm_test_top.env.pa.out_mon [OUTPUT MONITOR] BRESP = 0 RRESP = 0 RDATA = 00000000
UVM_INFO axi4_lite_driver.sv(34) @ 52195: uvm_test_top.env.aa.drv [DRV] awaddr = 00000008 wdata = b8320678 wstrb = 7 araddr = be752a28
UVM_INFO axi4_lite_scoreboard.sv(52) @ 52195: uvm_test_top.env.scb [BRESP] Matched : exp_bresp= 0 actual_bresp=0 write = 1 read = 0
UVM_INFO axi4_lite_subscriber.sv(40) @ 52235: uvm_test_top.env.sb [sb] INPUT COVERAGE = 100.00 %
UVM_INFO axi4_lite_inp_monitor.sv(44) @ 52235: uvm_test_top.env.aa.inp_mon [INPUT MONITOR]  WRITE awaddr=00000010 wdata=b2ee639d wstrb=0101 
UVM_INFO axi4_lite_out_monitor.sv(28) @ 52255: uvm_test_top.env.pa.out_mon [OUTPUT MONITOR] BRESP = 0 RRESP = 0 RDATA = 00000000
UVM_INFO axi4_lite_driver.sv(34) @ 52255: uvm_test_top.env.aa.drv [DRV] awaddr = 00000010 wdata = b2ee639d wstrb = 5 araddr = 39d86860
UVM_INFO axi4_lite_scoreboard.sv(52) @ 52255: uvm_test_top.env.scb [BRESP] Matched : exp_bresp= 0 actual_bresp=0 write = 1 read = 0
UVM_INFO axi4_lite_subscriber.sv(40) @ 52285: uvm_test_top.env.sb [sb] INPUT COVERAGE = 100.00 %
UVM_INFO axi4_lite_inp_monitor.sv(44) @ 52285: uvm_test_top.env.aa.inp_mon [INPUT MONITOR]  WRITE awaddr=00000038 wdata=811da324 wstrb=1010 
UVM_INFO axi4_lite_out_monitor.sv(28) @ 52305: uvm_test_top.env.pa.out_mon [OUTPUT MONITOR] BRESP = 0 RRESP = 0 RDATA = 00000000
UVM_INFO axi4_lite_driver.sv(34) @ 52305: uvm_test_top.env.aa.drv [DRV] awaddr = 00000038 wdata = 811da324 wstrb = a araddr = 3cacfa68
UVM_INFO axi4_lite_scoreboard.sv(52) @ 52305: uvm_test_top.env.scb [BRESP] Matched : exp_bresp= 0 actual_bresp=0 write = 1 read = 0
UVM_INFO axi4_lite_subscriber.sv(40) @ 52335: uvm_test_top.env.sb [sb] INPUT COVERAGE = 100.00 %
UVM_INFO axi4_lite_inp_monitor.sv(44) @ 52335: uvm_test_top.env.aa.inp_mon [INPUT MONITOR]  WRITE awaddr=00000014 wdata=5fd4340b wstrb=0000 
UVM_INFO axi4_lite_out_monitor.sv(28) @ 52355: uvm_test_top.env.pa.out_mon [OUTPUT MONITOR] BRESP = 0 RRESP = 0 RDATA = 00000000
UVM_INFO axi4_lite_driver.sv(34) @ 52355: uvm_test_top.env.aa.drv [DRV] awaddr = 00000014 wdata = 5fd4340b wstrb = 0 araddr = 517b8324
UVM_INFO axi4_lite_scoreboard.sv(52) @ 52355: uvm_test_top.env.scb [BRESP] Matched : exp_bresp= 0 actual_bresp=0 write = 1 read = 0
UVM_INFO axi4_lite_subscriber.sv(40) @ 52375: uvm_test_top.env.sb [sb] INPUT COVERAGE = 100.00 %
UVM_INFO axi4_lite_inp_monitor.sv(44) @ 52375: uvm_test_top.env.aa.inp_mon [INPUT MONITOR]  WRITE awaddr=0000001c wdata=aef076f4 wstrb=1001 
UVM_INFO axi4_lite_out_monitor.sv(28) @ 52395: uvm_test_top.env.pa.out_mon [OUTPUT MONITOR] BRESP = 0 RRESP = 0 RDATA = 00000000
UVM_INFO axi4_lite_driver.sv(34) @ 52395: uvm_test_top.env.aa.drv [DRV] awaddr = 0000001c wdata = aef076f4 wstrb = 9 araddr = 7a1efe14
UVM_INFO axi4_lite_scoreboard.sv(52) @ 52395: uvm_test_top.env.scb [BRESP] Matched : exp_bresp= 0 actual_bresp=0 write = 1 read = 0
UVM_INFO axi4_lite_subscriber.sv(40) @ 52435: uvm_test_top.env.sb [sb] INPUT COVERAGE = 100.00 %
UVM_INFO axi4_lite_inp_monitor.sv(44) @ 52435: uvm_test_top.env.aa.inp_mon [INPUT MONITOR]  WRITE awaddr=00000020 wdata=f76569af wstrb=0100 
UVM_INFO axi4_lite_out_monitor.sv(28) @ 52455: uvm_test_top.env.pa.out_mon [OUTPUT MONITOR] BRESP = 0 RRESP = 0 RDATA = 00000000
UVM_INFO axi4_lite_driver.sv(34) @ 52455: uvm_test_top.env.aa.drv [DRV] awaddr = 00000020 wdata = f76569af wstrb = 4 araddr = e6467178
UVM_INFO axi4_lite_scoreboard.sv(52) @ 52455: uvm_test_top.env.scb [BRESP] Matched : exp_bresp= 0 actual_bresp=0 write = 1 read = 0
UVM_INFO axi4_lite_subscriber.sv(40) @ 52495: uvm_test_top.env.sb [sb] INPUT COVERAGE = 100.00 %
UVM_INFO axi4_lite_inp_monitor.sv(44) @ 52495: uvm_test_top.env.aa.inp_mon [INPUT MONITOR]  WRITE awaddr=00000000 wdata=b3c4464c wstrb=1110 
UVM_INFO axi4_lite_out_monitor.sv(28) @ 52515: uvm_test_top.env.pa.out_mon [OUTPUT MONITOR] BRESP = 0 RRESP = 0 RDATA = 00000000
UVM_INFO axi4_lite_driver.sv(34) @ 52515: uvm_test_top.env.aa.drv [DRV] awaddr = 00000000 wdata = b3c4464c wstrb = e araddr = 33e20518
UVM_INFO axi4_lite_scoreboard.sv(52) @ 52515: uvm_test_top.env.scb [BRESP] Matched : exp_bresp= 0 actual_bresp=0 write = 1 read = 0
UVM_INFO axi4_lite_subscriber.sv(40) @ 52555: uvm_test_top.env.sb [sb] INPUT COVERAGE = 100.00 %
UVM_INFO axi4_lite_inp_monitor.sv(44) @ 52555: uvm_test_top.env.aa.inp_mon [INPUT MONITOR]  WRITE awaddr=00000000 wdata=624087c5 wstrb=0101 
UVM_INFO axi4_lite_out_monitor.sv(28) @ 52575: uvm_test_top.env.pa.out_mon [OUTPUT MONITOR] BRESP = 0 RRESP = 0 RDATA = 00000000
UVM_INFO axi4_lite_driver.sv(34) @ 52575: uvm_test_top.env.aa.drv [DRV] awaddr = 00000000 wdata = 624087c5 wstrb = 5 araddr = a93dff40
UVM_INFO axi4_lite_scoreboard.sv(52) @ 52575: uvm_test_top.env.scb [BRESP] Matched : exp_bresp= 0 actual_bresp=0 write = 1 read = 0
UVM_INFO axi4_lite_subscriber.sv(40) @ 52615: uvm_test_top.env.sb [sb] INPUT COVERAGE = 100.00 %
UVM_INFO axi4_lite_inp_monitor.sv(44) @ 52615: uvm_test_top.env.aa.inp_mon [INPUT MONITOR]  WRITE awaddr=00000014 wdata=e9918685 wstrb=0001 
UVM_INFO axi4_lite_out_monitor.sv(28) @ 52635: uvm_test_top.env.pa.out_mon [OUTPUT MONITOR] BRESP = 0 RRESP = 0 RDATA = 00000000
UVM_INFO axi4_lite_driver.sv(34) @ 52635: uvm_test_top.env.aa.drv [DRV] awaddr = 00000014 wdata = e9918685 wstrb = 1 araddr = a7c485d8
UVM_INFO axi4_lite_scoreboard.sv(52) @ 52635: uvm_test_top.env.scb [BRESP] Matched : exp_bresp= 0 actual_bresp=0 write = 1 read = 0
UVM_INFO axi4_lite_subscriber.sv(40) @ 52675: uvm_test_top.env.sb [sb] INPUT COVERAGE = 100.00 %
UVM_INFO axi4_lite_inp_monitor.sv(44) @ 52675: uvm_test_top.env.aa.inp_mon [INPUT MONITOR]  WRITE awaddr=00000010 wdata=9943284d wstrb=0101 
UVM_INFO axi4_lite_out_monitor.sv(28) @ 52695: uvm_test_top.env.pa.out_mon [OUTPUT MONITOR] BRESP = 0 RRESP = 0 RDATA = 00000000
UVM_INFO axi4_lite_driver.sv(34) @ 52695: uvm_test_top.env.aa.drv [DRV] awaddr = 00000010 wdata = 9943284d wstrb = 5 araddr = 6bc8fee4
UVM_INFO axi4_lite_scoreboard.sv(52) @ 52695: uvm_test_top.env.scb [BRESP] Matched : exp_bresp= 0 actual_bresp=0 write = 1 read = 0
UVM_INFO axi4_lite_subscriber.sv(40) @ 52745: uvm_test_top.env.sb [sb] INPUT COVERAGE = 100.00 %
UVM_INFO axi4_lite_inp_monitor.sv(44) @ 52745: uvm_test_top.env.aa.inp_mon [INPUT MONITOR]  WRITE awaddr=0000000c wdata=0ad6a55f wstrb=0001 
UVM_INFO axi4_lite_out_monitor.sv(28) @ 52765: uvm_test_top.env.pa.out_mon [OUTPUT MONITOR] BRESP = 0 RRESP = 0 RDATA = 00000000
UVM_INFO axi4_lite_driver.sv(34) @ 52765: uvm_test_top.env.aa.drv [DRV] awaddr = 0000000c wdata = 0ad6a55f wstrb = 1 araddr = 98612904
UVM_INFO axi4_lite_scoreboard.sv(52) @ 52765: uvm_test_top.env.scb [BRESP] Matched : exp_bresp= 0 actual_bresp=0 write = 1 read = 0
UVM_INFO axi4_lite_subscriber.sv(40) @ 52785: uvm_test_top.env.sb [sb] INPUT COVERAGE = 100.00 %
UVM_INFO axi4_lite_inp_monitor.sv(44) @ 52785: uvm_test_top.env.aa.inp_mon [INPUT MONITOR]  WRITE awaddr=00000028 wdata=616b850d wstrb=0001 
UVM_INFO axi4_lite_out_monitor.sv(28) @ 52805: uvm_test_top.env.pa.out_mon [OUTPUT MONITOR] BRESP = 2 RRESP = 0 RDATA = 00000000
UVM_INFO axi4_lite_driver.sv(34) @ 52805: uvm_test_top.env.aa.drv [DRV] awaddr = 00000028 wdata = 616b850d wstrb = 1 araddr = 6ca1c9cc
UVM_INFO axi4_lite_scoreboard.sv(52) @ 52805: uvm_test_top.env.scb [BRESP] Matched : exp_bresp= 2 actual_bresp=2 write = 1 read = 0
UVM_INFO axi4_lite_subscriber.sv(40) @ 52855: uvm_test_top.env.sb [sb] INPUT COVERAGE = 100.00 %
UVM_INFO axi4_lite_inp_monitor.sv(44) @ 52855: uvm_test_top.env.aa.inp_mon [INPUT MONITOR]  WRITE awaddr=00000018 wdata=a80ffb24 wstrb=1101 
UVM_INFO axi4_lite_out_monitor.sv(28) @ 52875: uvm_test_top.env.pa.out_mon [OUTPUT MONITOR] BRESP = 0 RRESP = 0 RDATA = 00000000
UVM_INFO axi4_lite_driver.sv(34) @ 52875: uvm_test_top.env.aa.drv [DRV] awaddr = 00000018 wdata = a80ffb24 wstrb = d araddr = 4c2d576c
UVM_INFO axi4_lite_scoreboard.sv(52) @ 52875: uvm_test_top.env.scb [BRESP] Matched : exp_bresp= 0 actual_bresp=0 write = 1 read = 0
UVM_INFO axi4_lite_subscriber.sv(40) @ 52905: uvm_test_top.env.sb [sb] INPUT COVERAGE = 100.00 %
UVM_INFO axi4_lite_inp_monitor.sv(44) @ 52905: uvm_test_top.env.aa.inp_mon [INPUT MONITOR]  WRITE awaddr=00000014 wdata=1edd44be wstrb=0010 
UVM_INFO axi4_lite_out_monitor.sv(28) @ 52925: uvm_test_top.env.pa.out_mon [OUTPUT MONITOR] BRESP = 0 RRESP = 0 RDATA = 00000000
UVM_INFO axi4_lite_driver.sv(34) @ 52925: uvm_test_top.env.aa.drv [DRV] awaddr = 00000014 wdata = 1edd44be wstrb = 2 araddr = 9d4dd2ac
UVM_INFO axi4_lite_scoreboard.sv(52) @ 52925: uvm_test_top.env.scb [BRESP] Matched : exp_bresp= 0 actual_bresp=0 write = 1 read = 0
UVM_INFO axi4_lite_subscriber.sv(40) @ 52975: uvm_test_top.env.sb [sb] INPUT COVERAGE = 100.00 %
UVM_INFO axi4_lite_inp_monitor.sv(44) @ 52975: uvm_test_top.env.aa.inp_mon [INPUT MONITOR]  WRITE awaddr=00000014 wdata=0d3bdb17 wstrb=1010 
UVM_INFO axi4_lite_out_monitor.sv(28) @ 52995: uvm_test_top.env.pa.out_mon [OUTPUT MONITOR] BRESP = 0 RRESP = 0 RDATA = 00000000
UVM_INFO axi4_lite_driver.sv(34) @ 52995: uvm_test_top.env.aa.drv [DRV] awaddr = 00000014 wdata = 0d3bdb17 wstrb = a araddr = 2bb3ca54
UVM_INFO axi4_lite_scoreboard.sv(52) @ 52995: uvm_test_top.env.scb [BRESP] Matched : exp_bresp= 0 actual_bresp=0 write = 1 read = 0
UVM_INFO axi4_lite_subscriber.sv(40) @ 53015: uvm_test_top.env.sb [sb] INPUT COVERAGE = 100.00 %
UVM_INFO axi4_lite_inp_monitor.sv(44) @ 53015: uvm_test_top.env.aa.inp_mon [INPUT MONITOR]  WRITE awaddr=00000020 wdata=24d2c420 wstrb=0011 
UVM_INFO axi4_lite_out_monitor.sv(28) @ 53035: uvm_test_top.env.pa.out_mon [OUTPUT MONITOR] BRESP = 0 RRESP = 0 RDATA = 00000000
UVM_INFO axi4_lite_driver.sv(34) @ 53035: uvm_test_top.env.aa.drv [DRV] awaddr = 00000020 wdata = 24d2c420 wstrb = 3 araddr = fadb88b8
UVM_INFO axi4_lite_scoreboard.sv(52) @ 53035: uvm_test_top.env.scb [BRESP] Matched : exp_bresp= 0 actual_bresp=0 write = 1 read = 0
UVM_INFO axi4_lite_subscriber.sv(40) @ 53075: uvm_test_top.env.sb [sb] INPUT COVERAGE = 100.00 %
UVM_INFO axi4_lite_inp_monitor.sv(44) @ 53075: uvm_test_top.env.aa.inp_mon [INPUT MONITOR]  WRITE awaddr=00000010 wdata=b21ef910 wstrb=1010 
UVM_INFO axi4_lite_out_monitor.sv(28) @ 53095: uvm_test_top.env.pa.out_mon [OUTPUT MONITOR] BRESP = 0 RRESP = 0 RDATA = 00000000
UVM_INFO axi4_lite_driver.sv(34) @ 53095: uvm_test_top.env.aa.drv [DRV] awaddr = 00000010 wdata = b21ef910 wstrb = a araddr = 1e8142bc
UVM_INFO axi4_lite_scoreboard.sv(52) @ 53095: uvm_test_top.env.scb [BRESP] Matched : exp_bresp= 0 actual_bresp=0 write = 1 read = 0
UVM_INFO axi4_lite_subscriber.sv(40) @ 53125: uvm_test_top.env.sb [sb] INPUT COVERAGE = 100.00 %
UVM_INFO axi4_lite_inp_monitor.sv(44) @ 53125: uvm_test_top.env.aa.inp_mon [INPUT MONITOR]  WRITE awaddr=0000001c wdata=f101463b wstrb=0010 
UVM_INFO axi4_lite_out_monitor.sv(28) @ 53145: uvm_test_top.env.pa.out_mon [OUTPUT MONITOR] BRESP = 0 RRESP = 0 RDATA = 00000000
UVM_INFO axi4_lite_driver.sv(34) @ 53145: uvm_test_top.env.aa.drv [DRV] awaddr = 0000001c wdata = f101463b wstrb = 2 araddr = 44cc3230
UVM_INFO axi4_lite_scoreboard.sv(52) @ 53145: uvm_test_top.env.scb [BRESP] Matched : exp_bresp= 0 actual_bresp=0 write = 1 read = 0
UVM_INFO axi4_lite_subscriber.sv(40) @ 53165: uvm_test_top.env.sb [sb] INPUT COVERAGE = 100.00 %
UVM_INFO axi4_lite_inp_monitor.sv(44) @ 53165: uvm_test_top.env.aa.inp_mon [INPUT MONITOR]  WRITE awaddr=00000010 wdata=b1b356e3 wstrb=0110 
UVM_INFO axi4_lite_out_monitor.sv(28) @ 53185: uvm_test_top.env.pa.out_mon [OUTPUT MONITOR] BRESP = 0 RRESP = 0 RDATA = 00000000
UVM_INFO axi4_lite_driver.sv(34) @ 53185: uvm_test_top.env.aa.drv [DRV] awaddr = 00000010 wdata = b1b356e3 wstrb = 6 araddr = d00547c8
UVM_INFO axi4_lite_scoreboard.sv(52) @ 53185: uvm_test_top.env.scb [BRESP] Matched : exp_bresp= 0 actual_bresp=0 write = 1 read = 0
UVM_INFO axi4_lite_subscriber.sv(40) @ 53225: uvm_test_top.env.sb [sb] INPUT COVERAGE = 100.00 %
UVM_INFO axi4_lite_inp_monitor.sv(44) @ 53225: uvm_test_top.env.aa.inp_mon [INPUT MONITOR]  WRITE awaddr=00000000 wdata=63b9af06 wstrb=0100 
UVM_INFO axi4_lite_out_monitor.sv(28) @ 53245: uvm_test_top.env.pa.out_mon [OUTPUT MONITOR] BRESP = 0 RRESP = 0 RDATA = 00000000
UVM_INFO axi4_lite_driver.sv(34) @ 53245: uvm_test_top.env.aa.drv [DRV] awaddr = 00000000 wdata = 63b9af06 wstrb = 4 araddr = f147770c
UVM_INFO axi4_lite_scoreboard.sv(52) @ 53245: uvm_test_top.env.scb [BRESP] Matched : exp_bresp= 0 actual_bresp=0 write = 1 read = 0
UVM_INFO axi4_lite_subscriber.sv(40) @ 53265: uvm_test_top.env.sb [sb] INPUT COVERAGE = 100.00 %
UVM_INFO axi4_lite_inp_monitor.sv(44) @ 53265: uvm_test_top.env.aa.inp_mon [INPUT MONITOR]  WRITE awaddr=00000030 wdata=4dd710ea wstrb=0010 
UVM_INFO axi4_lite_out_monitor.sv(28) @ 53285: uvm_test_top.env.pa.out_mon [OUTPUT MONITOR] BRESP = 2 RRESP = 0 RDATA = 00000000
UVM_INFO axi4_lite_driver.sv(34) @ 53285: uvm_test_top.env.aa.drv [DRV] awaddr = 00000030 wdata = 4dd710ea wstrb = 2 araddr = a9c83bfc
UVM_INFO axi4_lite_scoreboard.sv(52) @ 53285: uvm_test_top.env.scb [BRESP] Matched : exp_bresp= 2 actual_bresp=2 write = 1 read = 0
UVM_INFO axi4_lite_subscriber.sv(40) @ 53325: uvm_test_top.env.sb [sb] INPUT COVERAGE = 100.00 %
UVM_INFO axi4_lite_inp_monitor.sv(44) @ 53325: uvm_test_top.env.aa.inp_mon [INPUT MONITOR]  WRITE awaddr=00000020 wdata=f9554de9 wstrb=0100 
UVM_INFO axi4_lite_out_monitor.sv(28) @ 53345: uvm_test_top.env.pa.out_mon [OUTPUT MONITOR] BRESP = 0 RRESP = 0 RDATA = 00000000
UVM_INFO axi4_lite_driver.sv(34) @ 53345: uvm_test_top.env.aa.drv [DRV] awaddr = 00000020 wdata = f9554de9 wstrb = 4 araddr = 88532290
UVM_INFO axi4_lite_scoreboard.sv(52) @ 53345: uvm_test_top.env.scb [BRESP] Matched : exp_bresp= 0 actual_bresp=0 write = 1 read = 0
UVM_INFO axi4_lite_subscriber.sv(40) @ 53385: uvm_test_top.env.sb [sb] INPUT COVERAGE = 100.00 %
UVM_INFO axi4_lite_inp_monitor.sv(44) @ 53385: uvm_test_top.env.aa.inp_mon [INPUT MONITOR]  WRITE awaddr=0000002c wdata=9c824100 wstrb=1100 
UVM_INFO axi4_lite_out_monitor.sv(28) @ 53405: uvm_test_top.env.pa.out_mon [OUTPUT MONITOR] BRESP = 2 RRESP = 0 RDATA = 00000000
UVM_INFO axi4_lite_driver.sv(34) @ 53405: uvm_test_top.env.aa.drv [DRV] awaddr = 0000002c wdata = 9c824100 wstrb = c araddr = 06b2c8c8
UVM_INFO axi4_lite_scoreboard.sv(52) @ 53405: uvm_test_top.env.scb [BRESP] Matched : exp_bresp= 2 actual_bresp=2 write = 1 read = 0
UVM_INFO axi4_lite_subscriber.sv(40) @ 53425: uvm_test_top.env.sb [sb] INPUT COVERAGE = 100.00 %
UVM_INFO axi4_lite_inp_monitor.sv(44) @ 53425: uvm_test_top.env.aa.inp_mon [INPUT MONITOR]  WRITE awaddr=00000004 wdata=f3a86fa2 wstrb=1101 
UVM_INFO axi4_lite_out_monitor.sv(28) @ 53445: uvm_test_top.env.pa.out_mon [OUTPUT MONITOR] BRESP = 0 RRESP = 0 RDATA = 00000000
UVM_INFO axi4_lite_driver.sv(34) @ 53445: uvm_test_top.env.aa.drv [DRV] awaddr = 00000004 wdata = f3a86fa2 wstrb = d araddr = 619c8d10
UVM_INFO axi4_lite_scoreboard.sv(52) @ 53445: uvm_test_top.env.scb [BRESP] Matched : exp_bresp= 0 actual_bresp=0 write = 1 read = 0
Addr with data delay completed
UVM_INFO axi4_lite_test.sv(235) @ 53445: uvm_test_top [TEST] Testcases completed
UVM_INFO /fetools/synopsys/installed_tools/vcs/vcs/Q-2020.03-SP2-8/etc/uvm/base/uvm_objection.svh(1274) @ 53445: reporter [TEST_DONE] 'run' phase is ready to proceed to the 'extract' phase

--- UVM Report Summary ---

** Report counts by severity
UVM_INFO : 6101
UVM_WARNING :    0
UVM_ERROR :  303
UVM_FATAL :    0
** Report counts by id
[BRESP]   700
[DRV]  1100
[INPUT MONITOR]  1200
[OUTPUT MONITOR]  1200
[RDATA]   500
[RNTST]     1
[RRESP]   500
[TEST]     1
[TEST_DONE]     1
[UVMTOP]     1
[sb]  1200
$finish called from file "/fetools/synopsys/installed_tools/vcs/vcs/Q-2020.03-SP2-8/etc/uvm/base/uvm_root.svh", line 437.
$finish at simulation time                53445
           V C S   S i m u l a t i o n   R e p o r t 
Time: 53445 ns
CPU Time:      0.900 seconds;       Data structure size:   0.4Mb
Wed Sep 16 15:54:17 2026
